make,model,year,mileage,engine,transmission,fuel_type,location,condition,price
Toyota,Premio,2008,20000,1800 cc,Automatic,Petrol,Nairobi,Foreign Used,1575000
Subaru,Outback,2009,20173,2500 cc,Automatic,Petrol,Nairobi,Locally Used,1860000
Mazda,CX-5,2010,20346,2200 cc,Automatic,Diesel,Mombasa,Foreign Used,2280000
Mercedes-Benz,C200,2011,20519,2000 cc,Automatic,Petrol,Nairobi,Foreign Used,2887500
Nissan,X-Trail,2012,20692,2000 cc,Automatic,Petrol,Nakuru,Locally Used,1487500
Honda,Fit,2013,20865,1500 cc,Manual,Petrol,Kisumu,Locally Used,1312500
BMW,X3,2014,21038,2000 cc,Automatic,Diesel,Nairobi,Foreign Used,3780000
Audi,A4,2015,21211,2000 cc,Automatic,Diesel,Mombasa,Foreign Used,3607500
Toyota,Premio,2016,21384,1800 cc,Automatic,Petrol,Nairobi,Foreign Used,1995000
Subaru,Outback,2017,21557,2500 cc,Automatic,Petrol,Nairobi,Locally Used,2340000
Mazda,CX-5,2018,21730,2200 cc,Automatic,Diesel,Mombasa,Foreign Used,2850000
Mercedes-Benz,C200,2019,21903,2000 cc,Automatic,Petrol,Nairobi,Foreign Used,3587499
Nissan,X-Trail,2020,22076,2000 cc,Automatic,Petrol,Nakuru,Locally Used,1837500
Honda,Fit,2021,22249,1500 cc,Manual,Petrol,Kisumu,Locally Used,1612500
BMW,X3,2022,22422,2000 cc,Automatic,Diesel,Nairobi,Foreign Used,4620000
Audi,A4,2008,22595,2000 cc,Automatic,Diesel,Mombasa,Foreign Used,4387500
Toyota,Premio,2009,22768,1800 cc,Automatic,Petrol,Nairobi,Foreign Used,2415000
Subaru,Outback,2010,22941,2500 cc,Automatic,Petrol,Nairobi,Locally Used,2820000
Mazda,CX-5,2011,23114,2200 cc,Automatic,Diesel,Mombasa,Foreign Used,3420000
Mercedes-Benz,C200,2012,23287,2000 cc,Automatic,Petrol,Nairobi,Foreign Used,4287500
Nissan,X-Trail,2013,23460,2000 cc,Automatic,Petrol,Nakuru,Locally Used,1312500
Honda,Fit,2014,23633,1500 cc,Manual,Petrol,Kisumu,Locally Used,1162500
BMW,X3,2015,23806,2000 cc,Automatic,Diesel,Nairobi,Foreign Used,3360000
Audi,A4,2016,23979,2000 cc,Automatic,Diesel,Mombasa,Foreign Used,3217500
Toyota,Premio,2017,24152,1800 cc,Automatic,Petrol,Nairobi,Foreign Used,1785000
Subaru,Outback,2018,24325,2500 cc,Automatic,Petrol,Nairobi,Locally Used,2100000
Mazda,CX-5,2019,24498,2200 cc,Automatic,Diesel,Mombasa,Foreign Used,2565000
Mercedes-Benz,C200,2020,24671,2000 cc,Automatic,Petrol,Nairobi,Foreign Used,3237500
Nissan,X-Trail,2021,24844,2000 cc,Automatic,Petrol,Nakuru,Locally Used,1662500
Honda,Fit,2022,25017,1500 cc,Manual,Petrol,Kisumu,Locally Used,1462500
BMW,X3,2008,25190,2000 cc,Automatic,Diesel,Nairobi,Foreign Used,4200000
Audi,A4,2009,25363,2000 cc,Automatic,Diesel,Mombasa,Foreign Used,3997499
Toyota,Premio,2010,25536,1800 cc,Automatic,Petrol,Nairobi,Foreign Used,2205000
Subaru,Outback,2011,25709,2500 cc,Automatic,Petrol,Nairobi,Locally Used,2580000
Mazda,CX-5,2012,25882,2200 cc,Automatic,Diesel,Mombasa,Foreign Used,3135000
Mercedes-Benz,C200,2013,26055,2000 cc,Automatic,Petrol,Nairobi,Foreign Used,3937500
Nissan,X-Trail,2014,26228,2000 cc,Automatic,Petrol,Nakuru,Locally Used,2012499
Honda,Fit,2015,26401,1500 cc,Manual,Petrol,Kisumu,Locally Used,1762500
BMW,X3,2016,26574,2000 cc,Automatic,Diesel,Nairobi,Foreign Used,5040000
Audi,A4,2017,26747,2000 cc,Automatic,Diesel,Mombasa,Foreign Used,4777500
Toyota,Premio,2018,26920,1800 cc,Automatic,Petrol,Nairobi,Foreign Used,1575000
Subaru,Outback,2019,27093,2500 cc,Automatic,Petrol,Nairobi,Locally Used,1860000
Mazda,CX-5,2020,27266,2200 cc,Automatic,Diesel,Mombasa,Foreign Used,2280000
Mercedes-Benz,C200,2021,27439,2000 cc,Automatic,Petrol,Nairobi,Foreign Used,2887500
Nissan,X-Trail,2022,27612,2000 cc,Automatic,Petrol,Nakuru,Locally Used,1487500
Honda,Fit,2008,27785,1500 cc,Manual,Petrol,Kisumu,Locally Used,1312500
BMW,X3,2009,27958,2000 cc,Automatic,Diesel,Nairobi,Foreign Used,3780000
Audi,A4,2010,28131,2000 cc,Automatic,Diesel,Mombasa,Foreign Used,3607500
Toyota,Premio,2011,28304,1800 cc,Automatic,Petrol,Nairobi,Foreign Used,1995000
Subaru,Outback,2012,28477,2500 cc,Automatic,Petrol,Nairobi,Locally Used,2340000
Mazda,CX-5,2013,28650,2200 cc,Automatic,Diesel,Mombasa,Foreign Used,2850000
Mercedes-Benz,C200,2014,28823,2000 cc,Automatic,Petrol,Nairobi,Foreign Used,3587499
Nissan,X-Trail,2015,28996,2000 cc,Automatic,Petrol,Nakuru,Locally Used,1837500
Honda,Fit,2016,29169,1500 cc,Manual,Petrol,Kisumu,Locally Used,1612500
BMW,X3,2017,29342,2000 cc,Automatic,Diesel,Nairobi,Foreign Used,4620000
Audi,A4,2018,29515,2000 cc,Automatic,Diesel,Mombasa,Foreign Used,4387500
Toyota,Premio,2019,29688,1800 cc,Automatic,Petrol,Nairobi,Foreign Used,2415000
Subaru,Outback,2020,29861,2500 cc,Automatic,Petrol,Nairobi,Locally Used,2820000
Mazda,CX-5,2021,30034,2200 cc,Automatic,Diesel,Mombasa,Foreign Used,3420000
Mercedes-Benz,C200,2022,30207,2000 cc,Automatic,Petrol,Nairobi,Foreign Used,4287500
Nissan,X-Trail,2008,30380,2000 cc,Automatic,Petrol,Nakuru,Locally Used,1312500
Honda,Fit,2009,30553,1500 cc,Manual,Petrol,Kisumu,Locally Used,1162500
BMW,X3,2010,30726,2000 cc,Automatic,Diesel,Nairobi,Foreign Used,3360000
Audi,A4,2011,30899,2000 cc,Automatic,Diesel,Mombasa,Foreign Used,3217500
Toyota,Premio,2012,31072,1800 cc,Automatic,Petrol,Nairobi,Foreign Used,1785000
Subaru,Outback,2013,31245,2500 cc,Automatic,Petrol,Nairobi,Locally Used,2100000
Mazda,CX-5,2014,31418,2200 cc,Automatic,Diesel,Mombasa,Foreign Used,2565000
Mercedes-Benz,C200,2015,31591,2000 cc,Automatic,Petrol,Nairobi,Foreign Used,3237500
Nissan,X-Trail,2016,31764,2000 cc,Automatic,Petrol,Nakuru,Locally Used,1662500
Honda,Fit,2017,31937,1500 cc,Manual,Petrol,Kisumu,Locally Used,1462500
BMW,X3,2018,32110,2000 cc,Automatic,Diesel,Nairobi,Foreign Used,4200000
Audi,A4,2019,32283,2000 cc,Automatic,Diesel,Mombasa,Foreign Used,3997499
Toyota,Premio,2020,32456,1800 cc,Automatic,Petrol,Nairobi,Foreign Used,2205000
Subaru,Outback,2021,32629,2500 cc,Automatic,Petrol,Nairobi,Locally Used,2580000
Mazda,CX-5,2022,32802,2200 cc,Automatic,Diesel,Mombasa,Foreign Used,3135000
Mercedes-Benz,C200,2008,32975,2000 cc,Automatic,Petrol,Nairobi,Foreign Used,3937500
Nissan,X-Trail,2009,33148,2000 cc,Automatic,Petrol,Nakuru,Locally Used,2012499
Honda,Fit,2010,33321,1500 cc,Manual,Petrol,Kisumu,Locally Used,1762500
BMW,X3,2011,33494,2000 cc,Automatic,Diesel,Nairobi,Foreign Used,5040000
Audi,A4,2012,33667,2000 cc,Automatic,Diesel,Mombasa,Foreign Used,4777500
Toyota,Premio,2013,33840,1800 cc,Automatic,Petrol,Nairobi,Foreign Used,1575000
Subaru,Outback,2014,34013,2500 cc,Automatic,Petrol,Nairobi,Locally Used,1860000
Mazda,CX-5,2015,34186,2200 cc,Automatic,Diesel,Mombasa,Foreign Used,2280000
Mercedes-Benz,C200,2016,34359,2000 cc,Automatic,Petrol,Nairobi,Foreign Used,2887500
Nissan,X-Trail,2017,34532,2000 cc,Automatic,Petrol,Nakuru,Locally Used,1487500
Honda,Fit,2018,34705,1500 cc,Manual,Petrol,Kisumu,Locally Used,1312500
BMW,X3,2019,34878,2000 cc,Automatic,Diesel,Nairobi,Foreign Used,3780000
Audi,A4,2020,35051,2000 cc,Automatic,Diesel,Mombasa,Foreign Used,3607500
Toyota,Premio,2021,35224,1800 cc,Automatic,Petrol,Nairobi,Foreign Used,1995000
Subaru,Outback,2022,35397,2500 cc,Automatic,Petrol,Nairobi,Locally Used,2340000
Mazda,CX-5,2008,35570,2200 cc,Automatic,Diesel,Mombasa,Foreign Used,2850000
Mercedes-Benz,C200,2009,35743,2000 cc,Automatic,Petrol,Nairobi,Foreign Used,3587499
Nissan,X-Trail,2010,35916,2000 cc,Automatic,Petrol,Nakuru,Locally Used,1837500
Honda,Fit,2011,36089,1500 cc,Manual,Petrol,Kisumu,Locally Used,1612500
BMW,X3,2012,36262,2000 cc,Automatic,Diesel,Nairobi,Foreign Used,4620000
Audi,A4,2013,36435,2000 cc,Automatic,Diesel,Mombasa,Foreign Used,4387500
Toyota,Premio,2014,36608,1800 cc,Automatic,Petrol,Nairobi,Foreign Used,2415000
Subaru,Outback,2015,36781,2500 cc,Automatic,Petrol,Nairobi,Locally Used,2820000
Mazda,CX-5,2016,36954,2200 cc,Automatic,Diesel,Mombasa,Foreign Used,3420000
Mercedes-Benz,C200,2017,37127,2000 cc,Automatic,Petrol,Nairobi,Foreign Used,4287500
Nissan,X-Trail,2018,37300,2000 cc,Automatic,Petrol,Nakuru,Locally Used,1312500
Honda,Fit,2019,37473,1500 cc,Manual,Petrol,Kisumu,Locally Used,1162500
BMW,X3,2020,37646,2000 cc,Automatic,Diesel,Nairobi,Foreign Used,3360000
Audi,A4,2021,37819,2000 cc,Automatic,Diesel,Mombasa,Foreign Used,3217500
Toyota,Premio,2022,37992,1800 cc,Automatic,Petrol,Nairobi,Foreign Used,1785000
Subaru,Outback,2008,38165,2500 cc,Automatic,Petrol,Nairobi,Locally Used,2100000
Mazda,CX-5,2009,38338,2200 cc,Automatic,Diesel,Mombasa,Foreign Used,2565000
Mercedes-Benz,C200,2010,38511,2000 cc,Automatic,Petrol,Nairobi,Foreign Used,3237500
Nissan,X-Trail,2011,38684,2000 cc,Automatic,Petrol,Nakuru,Locally Used,1662500
Honda,Fit,2012,38857,1500 cc,Manual,Petrol,Kisumu,Locally Used,1462500
BMW,X3,2013,39030,2000 cc,Automatic,Diesel,Nairobi,Foreign Used,4200000
Audi,A4,2014,39203,2000 cc,Automatic,Diesel,Mombasa,Foreign Used,3997499
Toyota,Premio,2015,39376,1800 cc,Automatic,Petrol,Nairobi,Foreign Used,2205000
Subaru,Outback,2016,39549,2500 cc,Automatic,Petrol,Nairobi,Locally Used,2580000
Mazda,CX-5,2017,39722,2200 cc,Automatic,Diesel,Mombasa,Foreign Used,3135000
Mercedes-Benz,C200,2018,39895,2000 cc,Automatic,Petrol,Nairobi,Foreign Used,3937500
Nissan,X-Trail,2019,40068,2000 cc,Automatic,Petrol,Nakuru,Locally Used,2012499
Honda,Fit,2020,40241,1500 cc,Manual,Petrol,Kisumu,Locally Used,1762500
BMW,X3,2021,40414,2000 cc,Automatic,Diesel,Nairobi,Foreign Used,5040000
Audi,A4,2022,40587,2000 cc,Automatic,Diesel,Mombasa,Foreign Used,4777500
Toyota,Premio,2008,40760,1800 cc,Automatic,Petrol,Nairobi,Foreign Used,1575000
Subaru,Outback,2009,40933,2500 cc,Automatic,Petrol,Nairobi,Locally Used,1860000
Mazda,CX-5,2010,41106,2200 cc,Automatic,Diesel,Mombasa,Foreign Used,2280000
Mercedes-Benz,C200,2011,41279,2000 cc,Automatic,Petrol,Nairobi,Foreign Used,2887500
Nissan,X-Trail,2012,41452,2000 cc,Automatic,Petrol,Nakuru,Locally Used,1487500
Honda,Fit,2013,41625,1500 cc,Manual,Petrol,Kisumu,Locally Used,1312500
BMW,X3,2014,41798,2000 cc,Automatic,Diesel,Nairobi,Foreign Used,3780000
Audi,A4,2015,41971,2000 cc,Automatic,Diesel,Mombasa,Foreign Used,3607500
Toyota,Premio,2016,42144,1800 cc,Automatic,Petrol,Nairobi,Foreign Used,1995000
Subaru,Outback,2017,42317,2500 cc,Automatic,Petrol,Nairobi,Locally Used,2340000
Mazda,CX-5,2018,42490,2200 cc,Automatic,Diesel,Mombasa,Foreign Used,2850000
Mercedes-Benz,C200,2019,42663,2000 cc,Automatic,Petrol,Nairobi,Foreign Used,3587499
Nissan,X-Trail,2020,42836,2000 cc,Automatic,Petrol,Nakuru,Locally Used,1837500
Honda,Fit,2021,43009,1500 cc,Manual,Petrol,Kisumu,Locally Used,1612500
BMW,X3,2022,43182,2000 cc,Automatic,Diesel,Nairobi,Foreign Used,4620000
Audi,A4,2008,43355,2000 cc,Automatic,Diesel,Mombasa,Foreign Used,4387500
Toyota,Premio,2009,43528,1800 cc,Automatic,Petrol,Nairobi,Foreign Used,2415000
Subaru,Outback,2010,43701,2500 cc,Automatic,Petrol,Nairobi,Locally Used,2820000
Mazda,CX-5,2011,43874,2200 cc,Automatic,Diesel,Mombasa,Foreign Used,3420000
Mercedes-Benz,C200,2012,44047,2000 cc,Automatic,Petrol,Nairobi,Foreign Used,4287500
Nissan,X-Trail,2013,44220,2000 cc,Automatic,Petrol,Nakuru,Locally Used,1312500
Honda,Fit,2014,44393,1500 cc,Manual,Petrol,Kisumu,Locally Used,1162500
BMW,X3,2015,44566,2000 cc,Automatic,Diesel,Nairobi,Foreign Used,3360000
Audi,A4,2016,44739,2000 cc,Automatic,Diesel,Mombasa,Foreign Used,3217500
Toyota,Premio,2017,44912,1800 cc,Automatic,Petrol,Nairobi,Foreign Used,1785000
Subaru,Outback,2018,45085,2500 cc,Automatic,Petrol,Nairobi,Locally Used,2100000
Mazda,CX-5,2019,45258,2200 cc,Automatic,Diesel,Mombasa,Foreign Used,2565000
Mercedes-Benz,C200,2020,45431,2000 cc,Automatic,Petrol,Nairobi,Foreign Used,3237500
Nissan,X-Trail,2021,45604,2000 cc,Automatic,Petrol,Nakuru,Locally Used,1662500
Honda,Fit,2022,45777,1500 cc,Manual,Petrol,Kisumu,Locally Used,1462500
BMW,X3,2008,45950,2000 cc,Automatic,Diesel,Nairobi,Foreign Used,4200000
Audi,A4,2009,46123,2000 cc,Automatic,Diesel,Mombasa,Foreign Used,3997499
Toyota,Premio,2010,46296,1800 cc,Automatic,Petrol,Nairobi,Foreign Used,2205000
Subaru,Outback,2011,46469,2500 cc,Automatic,Petrol,Nairobi,Locally Used,2580000
Mazda,CX-5,2012,46642,2200 cc,Automatic,Diesel,Mombasa,Foreign Used,3135000
Mercedes-Benz,C200,2013,46815,2000 cc,Automatic,Petrol,Nairobi,Foreign Used,3937500
Nissan,X-Trail,2014,46988,2000 cc,Automatic,Petrol,Nakuru,Locally Used,2012499
Honda,Fit,2015,47161,1500 cc,Manual,Petrol,Kisumu,Locally Used,1762500
BMW,X3,2016,47334,2000 cc,Automatic,Diesel,Nairobi,Foreign Used,5040000
Audi,A4,2017,47507,2000 cc,Automatic,Diesel,Mombasa,Foreign Used,4777500
Toyota,Premio,2018,47680,1800 cc,Automatic,Petrol,Nairobi,Foreign Used,1575000
Subaru,Outback,2019,47853,2500 cc,Automatic,Petrol,Nairobi,Locally Used,1860000
Mazda,CX-5,2020,48026,2200 cc,Automatic,Diesel,Mombasa,Foreign Used,2280000
Mercedes-Benz,C200,2021,48199,2000 cc,Automatic,Petrol,Nairobi,Foreign Used,2887500
Nissan,X-Trail,2022,48372,2000 cc,Automatic,Petrol,Nakuru,Locally Used,1487500
Honda,Fit,2008,48545,1500 cc,Manual,Petrol,Kisumu,Locally Used,1312500
BMW,X3,2009,48718,2000 cc,Automatic,Diesel,Nairobi,Foreign Used,3780000
Audi,A4,2010,48891,2000 cc,Automatic,Diesel,Mombasa,Foreign Used,3607500
Toyota,Premio,2011,49064,1800 cc,Automatic,Petrol,Nairobi,Foreign Used,1995000
Subaru,Outback,2012,49237,2500 cc,Automatic,Petrol,Nairobi,Locally Used,2340000
Mazda,CX-5,2013,49410,2200 cc,Automatic,Diesel,Mombasa,Foreign Used,2850000
Mercedes-Benz,C200,2014,49583,2000 cc,Automatic,Petrol,Nairobi,Foreign Used,3587499
Nissan,X-Trail,2015,49756,2000 cc,Automatic,Petrol,Nakuru,Locally Used,1837500
Honda,Fit,2016,49929,1500 cc,Manual,Petrol,Kisumu,Locally Used,1612500
BMW,X3,2017,50102,2000 cc,Automatic,Diesel,Nairobi,Foreign Used,4620000
Audi,A4,2018,50275,2000 cc,Automatic,Diesel,Mombasa,Foreign Used,4387500
Toyota,Premio,2019,50448,1800 cc,Automatic,Petrol,Nairobi,Foreign Used,2415000
Subaru,Outback,2020,50621,2500 cc,Automatic,Petrol,Nairobi,Locally Used,2820000
Mazda,CX-5,2021,50794,2200 cc,Automatic,Diesel,Mombasa,Foreign Used,3420000
Mercedes-Benz,C200,2022,50967,2000 cc,Automatic,Petrol,Nairobi,Foreign Used,4287500
Nissan,X-Trail,2008,51140,2000 cc,Automatic,Petrol,Nakuru,Locally Used,1312500
Honda,Fit,2009,51313,1500 cc,Manual,Petrol,Kisumu,Locally Used,1162500
BMW,X3,2010,51486,2000 cc,Automatic,Diesel,Nairobi,Foreign Used,3360000
Audi,A4,2011,51659,2000 cc,Automatic,Diesel,Mombasa,Foreign Used,3217500
Toyota,Premio,2012,51832,1800 cc,Automatic,Petrol,Nairobi,Foreign Used,1785000
Subaru,Outback,2013,52005,2500 cc,Automatic,Petrol,Nairobi,Locally Used,2100000
Mazda,CX-5,2014,52178,2200 cc,Automatic,Diesel,Mombasa,Foreign Used,2565000
Mercedes-Benz,C200,2015,52351,2000 cc,Automatic,Petrol,Nairobi,Foreign Used,3237500
Nissan,X-Trail,2016,52524,2000 cc,Automatic,Petrol,Nakuru,Locally Used,1662500
Honda,Fit,2017,52697,1500 cc,Manual,Petrol,Kisumu,Locally Used,1462500
BMW,X3,2018,52870,2000 cc,Automatic,Diesel,Nairobi,Foreign Used,4200000
Audi,A4,2019,53043,2000 cc,Automatic,Diesel,Mombasa,Foreign Used,3997499
Toyota,Premio,2020,53216,1800 cc,Automatic,Petrol,Nairobi,Foreign Used,2205000
Subaru,Outback,2021,53389,2500 cc,Automatic,Petrol,Nairobi,Locally Used,2580000
Mazda,CX-5,2022,53562,2200 cc,Automatic,Diesel,Mombasa,Foreign Used,3135000
Mercedes-Benz,C200,2008,53735,2000 cc,Automatic,Petrol,Nairobi,Foreign Used,3937500
Nissan,X-Trail,2009,53908,2000 cc,Automatic,Petrol,Nakuru,Locally Used,2012499
Honda,Fit,2010,54081,1500 cc,Manual,Petrol,Kisumu,Locally Used,1762500
BMW,X3,2011,54254,2000 cc,Automatic,Diesel,Nairobi,Foreign Used,5040000
Audi,A4,2012,54427,2000 cc,Automatic,Diesel,Mombasa,Foreign Used,4777500
Toyota,Premio,2013,54600,1800 cc,Automatic,Petrol,Nairobi,Foreign Used,1575000
Subaru,Outback,2014,54773,2500 cc,Automatic,Petrol,Nairobi,Locally Used,1860000
Mazda,CX-5,2015,54946,2200 cc,Automatic,Diesel,Mombasa,Foreign Used,2280000
Mercedes-Benz,C200,2016,55119,2000 cc,Automatic,Petrol,Nairobi,Foreign Used,2887500
Nissan,X-Trail,2017,55292,2000 cc,Automatic,Petrol,Nakuru,Locally Used,1487500
Honda,Fit,2018,55465,1500 cc,Manual,Petrol,Kisumu,Locally Used,1312500
BMW,X3,2019,55638,2000 cc,Automatic,Diesel,Nairobi,Foreign Used,3780000
Audi,A4,2020,55811,2000 cc,Automatic,Diesel,Mombasa,Foreign Used,3607500
Toyota,Premio,2021,55984,1800 cc,Automatic,Petrol,Nairobi,Foreign Used,1995000
Subaru,Outback,2022,56157,2500 cc,Automatic,Petrol,Nairobi,Locally Used,2340000
Mazda,CX-5,2008,56330,2200 cc,Automatic,Diesel,Mombasa,Foreign Used,2850000
Mercedes-Benz,C200,2009,56503,2000 cc,Automatic,Petrol,Nairobi,Foreign Used,3587499
Nissan,X-Trail,2010,56676,2000 cc,Automatic,Petrol,Nakuru,Locally Used,1837500
Honda,Fit,2011,56849,1500 cc,Manual,Petrol,Kisumu,Locally Used,1612500
BMW,X3,2012,57022,2000 cc,Automatic,Diesel,Nairobi,Foreign Used,4620000
Audi,A4,2013,57195,2000 cc,Automatic,Diesel,Mombasa,Foreign Used,4387500
Toyota,Premio,2014,57368,1800 cc,Automatic,Petrol,Nairobi,Foreign Used,2415000
Subaru,Outback,2015,57541,2500 cc,Automatic,Petrol,Nairobi,Locally Used,2820000
Mazda,CX-5,2016,57714,2200 cc,Automatic,Diesel,Mombasa,Foreign Used,3420000
Mercedes-Benz,C200,2017,57887,2000 cc,Automatic,Petrol,Nairobi,Foreign Used,4287500
Nissan,X-Trail,2018,58060,2000 cc,Automatic,Petrol,Nakuru,Locally Used,1312500
Honda,Fit,2019,58233,1500 cc,Manual,Petrol,Kisumu,Locally Used,1162500
BMW,X3,2020,58406,2000 cc,Automatic,Diesel,Nairobi,Foreign Used,3360000
Audi,A4,2021,58579,2000 cc,Automatic,Diesel,Mombasa,Foreign Used,3217500
Toyota,Premio,2022,58752,1800 cc,Automatic,Petrol,Nairobi,Foreign Used,1785000
Subaru,Outback,2008,58925,2500 cc,Automatic,Petrol,Nairobi,Locally Used,2100000
Mazda,CX-5,2009,59098,2200 cc,Automatic,Diesel,Mombasa,Foreign Used,2565000
Mercedes-Benz,C200,2010,59271,2000 cc,Automatic,Petrol,Nairobi,Foreign Used,3237500
Nissan,X-Trail,2011,59444,2000 cc,Automatic,Petrol,Nakuru,Locally Used,1662500
Honda,Fit,2012,59617,1500 cc,Manual,Petrol,Kisumu,Locally Used,1462500
BMW,X3,2013,59790,2000 cc,Automatic,Diesel,Nairobi,Foreign Used,4200000
Audi,A4,2014,59963,2000 cc,Automatic,Diesel,Mombasa,Foreign Used,3997499
Toyota,Premio,2015,60136,1800 cc,Automatic,Petrol,Nairobi,Foreign Used,2205000
Subaru,Outback,2016,60309,2500 cc,Automatic,Petrol,Nairobi,Locally Used,2580000
Mazda,CX-5,2017,60482,2200 cc,Automatic,Diesel,Mombasa,Foreign Used,3135000
Mercedes-Benz,C200,2018,60655,2000 cc,Automatic,Petrol,Nairobi,Foreign Used,3937500
Nissan,X-Trail,2019,60828,2000 cc,Automatic,Petrol,Nakuru,Locally Used,2012499
Honda,Fit,2020,61001,1500 cc,Manual,Petrol,Kisumu,Locally Used,1762500
BMW,X3,2021,61174,2000 cc,Automatic,Diesel,Nairobi,Foreign Used,5040000
Audi,A4,2022,61347,2000 cc,Automatic,Diesel,Mombasa,Foreign Used,4777500
Toyota,Premio,2008,61520,1800 cc,Automatic,Petrol,Nairobi,Foreign Used,1575000
Subaru,Outback,2009,61693,2500 cc,Automatic,Petrol,Nairobi,Locally Used,1860000
Mazda,CX-5,2010,61866,2200 cc,Automatic,Diesel,Mombasa,Foreign Used,2280000
Mercedes-Benz,C200,2011,62039,2000 cc,Automatic,Petrol,Nairobi,Foreign Used,2887500
Nissan,X-Trail,2012,62212,2000 cc,Automatic,Petrol,Nakuru,Locally Used,1487500
Honda,Fit,2013,62385,1500 cc,Manual,Petrol,Kisumu,Locally Used,1312500
BMW,X3,2014,62558,2000 cc,Automatic,Diesel,Nairobi,Foreign Used,3780000
Audi,A4,2015,62731,2000 cc,Automatic,Diesel,Mombasa,Foreign Used,3607500
Toyota,Premio,2016,62904,1800 cc,Automatic,Petrol,Nairobi,Foreign Used,1995000
Subaru,Outback,2017,63077,2500 cc,Automatic,Petrol,Nairobi,Locally Used,2340000
Mazda,CX-5,2018,63250,2200 cc,Automatic,Diesel,Mombasa,Foreign Used,2850000
Mercedes-Benz,C200,2019,63423,2000 cc,Automatic,Petrol,Nairobi,Foreign Used,3587499
Nissan,X-Trail,2020,63596,2000 cc,Automatic,Petrol,Nakuru,Locally Used,1837500
Honda,Fit,2021,63769,1500 cc,Manual,Petrol,Kisumu,Locally Used,1612500
BMW,X3,2022,63942,2000 cc,Automatic,Diesel,Nairobi,Foreign Used,4620000
Audi,A4,2008,64115,2000 cc,Automatic,Diesel,Mombasa,Foreign Used,4387500
Toyota,Premio,2009,64288,1800 cc,Automatic,Petrol,Nairobi,Foreign Used,2415000
Subaru,Outback,2010,64461,2500 cc,Automatic,Petrol,Nairobi,Locally Used,2820000
Mazda,CX-5,2011,64634,2200 cc,Automatic,Diesel,Mombasa,Foreign Used,3420000
Mercedes-Benz,C200,2012,64807,2000 cc,Automatic,Petrol,Nairobi,Foreign Used,4287500
Nissan,X-Trail,2013,64980,2000 cc,Automatic,Petrol,Nakuru,Locally Used,1312500
Honda,Fit,2014,65153,1500 cc,Manual,Petrol,Kisumu,Locally Used,1162500
BMW,X3,2015,65326,2000 cc,Automatic,Diesel,Nairobi,Foreign Used,3360000
Audi,A4,2016,65499,2000 cc,Automatic,Diesel,Mombasa,Foreign Used,3217500
Toyota,Premio,2017,65672,1800 cc,Automatic,Petrol,Nairobi,Foreign Used,1785000
Subaru,Outback,2018,65845,2500 cc,Automatic,Petrol,Nairobi,Locally Used,2100000
Mazda,CX-5,2019,66018,2200 cc,Automatic,Diesel,Mombasa,Foreign Used,2565000
Mercedes-Benz,C200,2020,66191,2000 cc,Automatic,Petrol,Nairobi,Foreign Used,3237500
Nissan,X-Trail,2021,66364,2000 cc,Automatic,Petrol,Nakuru,Locally Used,1662500
Honda,Fit,2022,66537,1500 cc,Manual,Petrol,Kisumu,Locally Used,1462500
BMW,X3,2008,66710,2000 cc,Automatic,Diesel,Nairobi,Foreign Used,4200000
Audi,A4,2009,66883,2000 cc,Automatic,Diesel,Mombasa,Foreign Used,3997499
Toyota,Premio,2010,67056,1800 cc,Automatic,Petrol,Nairobi,Foreign Used,2205000
Subaru,Outback,2011,67229,2500 cc,Automatic,Petrol,Nairobi,Locally Used,2580000
Mazda,CX-5,2012,67402,2200 cc,Automatic,Diesel,Mombasa,Foreign Used,3135000
Mercedes-Benz,C200,2013,67575,2000 cc,Automatic,Petrol,Nairobi,Foreign Used,3937500
Nissan,X-Trail,2014,67748,2000 cc,Automatic,Petrol,Nakuru,Locally Used,2012499
Honda,Fit,2015,67921,1500 cc,Manual,Petrol,Kisumu,Locally Used,1762500
BMW,X3,2016,68094,2000 cc,Automatic,Diesel,Nairobi,Foreign Used,5040000
Audi,A4,2017,68267,2000 cc,Automatic,Diesel,Mombasa,Foreign Used,4777500
Toyota,Premio,2018,68440,1800 cc,Automatic,Petrol,Nairobi,Foreign Used,1575000
Subaru,Outback,2019,68613,2500 cc,Automatic,Petrol,Nairobi,Locally Used,1860000
Mazda,CX-5,2020,68786,2200 cc,Automatic,Diesel,Mombasa,Foreign Used,2280000
Mercedes-Benz,C200,2021,68959,2000 cc,Automatic,Petrol,Nairobi,Foreign Used,2887500
Nissan,X-Trail,2022,69132,2000 cc,Automatic,Petrol,Nakuru,Locally Used,1487500
Honda,Fit,2008,69305,1500 cc,Manual,Petrol,Kisumu,Locally Used,1312500
BMW,X3,2009,69478,2000 cc,Automatic,Diesel,Nairobi,Foreign Used,3780000
Audi,A4,2010,69651,2000 cc,Automatic,Diesel,Mombasa,Foreign Used,3607500
Toyota,Premio,2011,69824,1800 cc,Automatic,Petrol,Nairobi,Foreign Used,1995000
Subaru,Outback,2012,69997,2500 cc,Automatic,Petrol,Nairobi,Locally Used,2340000
Mazda,CX-5,2013,70170,2200 cc,Automatic,Diesel,Mombasa,Foreign Used,2850000
Mercedes-Benz,C200,2014,70343,2000 cc,Automatic,Petrol,Nairobi,Foreign Used,3587499
Nissan,X-Trail,2015,70516,2000 cc,Automatic,Petrol,Nakuru,Locally Used,1837500
Honda,Fit,2016,70689,1500 cc,Manual,Petrol,Kisumu,Locally Used,1612500
BMW,X3,2017,70862,2000 cc,Automatic,Diesel,Nairobi,Foreign Used,4620000
Audi,A4,2018,71035,2000 cc,Automatic,Diesel,Mombasa,Foreign Used,4387500
Toyota,Premio,2019,71208,1800 cc,Automatic,Petrol,Nairobi,Foreign Used,2415000
Subaru,Outback,2020,71381,2500 cc,Automatic,Petrol,Nairobi,Locally Used,2820000
Mazda,CX-5,2021,71554,2200 cc,Automatic,Diesel,Mombasa,Foreign Used,3420000
Mercedes-Benz,C200,2022,71727,2000 cc,Automatic,Petrol,Nairobi,Foreign Used,4287500
Nissan,X-Trail,2008,71900,2000 cc,Automatic,Petrol,Nakuru,Locally Used,1312500
Honda,Fit,2009,72073,1500 cc,Manual,Petrol,Kisumu,Locally Used,1162500
BMW,X3,2010,72246,2000 cc,Automatic,Diesel,Nairobi,Foreign Used,3360000
Audi,A4,2011,72419,2000 cc,Automatic,Diesel,Mombasa,Foreign Used,3217500
Toyota,Premio,2012,72592,1800 cc,Automatic,Petrol,Nairobi,Foreign Used,1785000
Subaru,Outback,2013,72765,2500 cc,Automatic,Petrol,Nairobi,Locally Used,2100000
Mazda,CX-5,2014,72938,2200 cc,Automatic,Diesel,Mombasa,Foreign Used,2565000
Mercedes-Benz,C200,2015,73111,2000 cc,Automatic,Petrol,Nairobi,Foreign Used,3237500
Nissan,X-Trail,2016,73284,2000 cc,Automatic,Petrol,Nakuru,Locally Used,1662500
Honda,Fit,2017,73457,1500 cc,Manual,Petrol,Kisumu,Locally Used,1462500
BMW,X3,2018,73630,2000 cc,Automatic,Diesel,Nairobi,Foreign Used,4200000
Audi,A4,2019,73803,2000 cc,Automatic,Diesel,Mombasa,Foreign Used,3997499
Toyota,Premio,2020,73976,1800 cc,Automatic,Petrol,Nairobi,Foreign Used,2205000
Subaru,Outback,2021,74149,2500 cc,Automatic,Petrol,Nairobi,Locally Used,2580000
Mazda,CX-5,2022,74322,2200 cc,Automatic,Diesel,Mombasa,Foreign Used,3135000
Mercedes-Benz,C200,2008,74495,2000 cc,Automatic,Petrol,Nairobi,Foreign Used,3937500
Nissan,X-Trail,2009,74668,2000 cc,Automatic,Petrol,Nakuru,Locally Used,2012499
Honda,Fit,2010,74841,1500 cc,Manual,Petrol,Kisumu,Locally Used,1762500
BMW,X3,2011,75014,2000 cc,Automatic,Diesel,Nairobi,Foreign Used,5040000
Audi,A4,2012,75187,2000 cc,Automatic,Diesel,Mombasa,Foreign Used,4777500
Toyota,Premio,2013,75360,1800 cc,Automatic,Petrol,Nairobi,Foreign Used,1575000
Subaru,Outback,2014,75533,2500 cc,Automatic,Petrol,Nairobi,Locally Used,1860000
Mazda,CX-5,2015,75706,2200 cc,Automatic,Diesel,Mombasa,Foreign Used,2280000
Mercedes-Benz,C200,2016,75879,2000 cc,Automatic,Petrol,Nairobi,Foreign Used,2887500
Nissan,X-Trail,2017,76052,2000 cc,Automatic,Petrol,Nakuru,Locally Used,1487500
Honda,Fit,2018,76225,1500 cc,Manual,Petrol,Kisumu,Locally Used,1312500
BMW,X3,2019,76398,2000 cc,Automatic,Diesel,Nairobi,Foreign Used,3780000
Audi,A4,2020,76571,2000 cc,Automatic,Diesel,Mombasa,Foreign Used,3607500
Toyota,Premio,2021,76744,1800 cc,Automatic,Petrol,Nairobi,Foreign Used,1995000
Subaru,Outback,2022,76917,2500 cc,Automatic,Petrol,Nairobi,Locally Used,2340000
Mazda,CX-5,2008,77090,2200 cc,Automatic,Diesel,Mombasa,Foreign Used,2850000
Mercedes-Benz,C200,2009,77263,2000 cc,Automatic,Petrol,Nairobi,Foreign Used,3587499
Nissan,X-Trail,2010,77436,2000 cc,Automatic,Petrol,Nakuru,Locally Used,1837500
Honda,Fit,2011,77609,1500 cc,Manual,Petrol,Kisumu,Locally Used,1612500
BMW,X3,2012,77782,2000 cc,Automatic,Diesel,Nairobi,Foreign Used,4620000
Audi,A4,2013,77955,2000 cc,Automatic,Diesel,Mombasa,Foreign Used,4387500
Toyota,Premio,2014,78128,1800 cc,Automatic,Petrol,Nairobi,Foreign Used,2415000
Subaru,Outback,2015,78301,2500 cc,Automatic,Petrol,Nairobi,Locally Used,2820000
Mazda,CX-5,2016,78474,2200 cc,Automatic,Diesel,Mombasa,Foreign Used,3420000
Mercedes-Benz,C200,2017,78647,2000 cc,Automatic,Petrol,Nairobi,Foreign Used,4287500
Nissan,X-Trail,2018,78820,2000 cc,Automatic,Petrol,Nakuru,Locally Used,1312500
Honda,Fit,2019,78993,1500 cc,Manual,Petrol,Kisumu,Locally Used,1162500
BMW,X3,2020,79166,2000 cc,Automatic,Diesel,Nairobi,Foreign Used,3360000
Audi,A4,2021,79339,2000 cc,Automatic,Diesel,Mombasa,Foreign Used,3217500
Toyota,Premio,2022,79512,1800 cc,Automatic,Petrol,Nairobi,Foreign Used,1785000
Subaru,Outback,2008,79685,2500 cc,Automatic,Petrol,Nairobi,Locally Used,2100000
Mazda,CX-5,2009,79858,2200 cc,Automatic,Diesel,Mombasa,Foreign Used,2565000
Mercedes-Benz,C200,2010,80031,2000 cc,Automatic,Petrol,Nairobi,Foreign Used,3237500
Nissan,X-Trail,2011,80204,2000 cc,Automatic,Petrol,Nakuru,Locally Used,1662500
Honda,Fit,2012,80377,1500 cc,Manual,Petrol,Kisumu,Locally Used,1462500
BMW,X3,2013,80550,2000 cc,Automatic,Diesel,Nairobi,Foreign Used,4200000
Audi,A4,2014,80723,2000 cc,Automatic,Diesel,Mombasa,Foreign Used,3997499
Toyota,Premio,2015,80896,1800 cc,Automatic,Petrol,Nairobi,Foreign Used,2205000
Subaru,Outback,2016,81069,2500 cc,Automatic,Petrol,Nairobi,Locally Used,2580000
Mazda,CX-5,2017,81242,2200 cc,Automatic,Diesel,Mombasa,Foreign Used,3135000
Mercedes-Benz,C200,2018,81415,2000 cc,Automatic,Petrol,Nairobi,Foreign Used,3937500
Nissan,X-Trail,2019,81588,2000 cc,Automatic,Petrol,Nakuru,Locally Used,2012499
Honda,Fit,2020,81761,1500 cc,Manual,Petrol,Kisumu,Locally Used,1762500
BMW,X3,2021,81934,2000 cc,Automatic,Diesel,Nairobi,Foreign Used,5040000
Audi,A4,2022,82107,2000 cc,Automatic,Diesel,Mombasa,Foreign Used,4777500
Toyota,Premio,2008,82280,1800 cc,Automatic,Petrol,Nairobi,Foreign Used,1575000
Subaru,Outback,2009,82453,2500 cc,Automatic,Petrol,Nairobi,Locally Used,1860000
Mazda,CX-5,2010,82626,2200 cc,Automatic,Diesel,Mombasa,Foreign Used,2280000
Mercedes-Benz,C200,2011,82799,2000 cc,Automatic,Petrol,Nairobi,Foreign Used,2887500
Nissan,X-Trail,2012,82972,2000 cc,Automatic,Petrol,Nakuru,Locally Used,1487500
Honda,Fit,2013,83145,1500 cc,Manual,Petrol,Kisumu,Locally Used,1312500
BMW,X3,2014,83318,2000 cc,Automatic,Diesel,Nairobi,Foreign Used,3780000
Audi,A4,2015,83491,2000 cc,Automatic,Diesel,Mombasa,Foreign Used,3607500
Toyota,Premio,2016,83664,1800 cc,Automatic,Petrol,Nairobi,Foreign Used,1995000
Subaru,Outback,2017,83837,2500 cc,Automatic,Petrol,Nairobi,Locally Used,2340000
Mazda,CX-5,2018,84010,2200 cc,Automatic,Diesel,Mombasa,Foreign Used,2850000
Mercedes-Benz,C200,2019,84183,2000 cc,Automatic,Petrol,Nairobi,Foreign Used,3587499
Nissan,X-Trail,2020,84356,2000 cc,Automatic,Petrol,Nakuru,Locally Used,1837500
Honda,Fit,2021,84529,1500 cc,Manual,Petrol,Kisumu,Locally Used,1612500
BMW,X3,2022,84702,2000 cc,Automatic,Diesel,Nairobi,Foreign Used,4620000
Audi,A4,2008,84875,2000 cc,Automatic,Diesel,Mombasa,Foreign Used,4387500
Toyota,Premio,2009,85048,1800 cc,Automatic,Petrol,Nairobi,Foreign Used,2415000
Subaru,Outback,2010,85221,2500 cc,Automatic,Petrol,Nairobi,Locally Used,2820000
Mazda,CX-5,2011,85394,2200 cc,Automatic,Diesel,Mombasa,Foreign Used,3420000
Mercedes-Benz,C200,2012,85567,2000 cc,Automatic,Petrol,Nairobi,Foreign Used,4287500
Nissan,X-Trail,2013,85740,2000 cc,Automatic,Petrol,Nakuru,Locally Used,1312500
Honda,Fit,2014,85913,1500 cc,Manual,Petrol,Kisumu,Locally Used,1162500
BMW,X3,2015,86086,2000 cc,Automatic,Diesel,Nairobi,Foreign Used,3360000
Audi,A4,2016,86259,2000 cc,Automatic,Diesel,Mombasa,Foreign Used,3217500
Toyota,Premio,2017,86432,1800 cc,Automatic,Petrol,Nairobi,Foreign Used,1785000
Subaru,Outback,2018,86605,2500 cc,Automatic,Petrol,Nairobi,Locally Used,2100000
Mazda,CX-5,2019,86778,2200 cc,Automatic,Diesel,Mombasa,Foreign Used,2565000
Mercedes-Benz,C200,2020,86951,2000 cc,Automatic,Petrol,Nairobi,Foreign Used,3237500
Nissan,X-Trail,2021,87124,2000 cc,Automatic,Petrol,Nakuru,Locally Used,1662500
Honda,Fit,2022,87297,1500 cc,Manual,Petrol,Kisumu,Locally Used,1462500
BMW,X3,2008,87470,2000 cc,Automatic,Diesel,Nairobi,Foreign Used,4200000
Audi,A4,2009,87643,2000 cc,Automatic,Diesel,Mombasa,Foreign Used,3997499
Toyota,Premio,2010,87816,1800 cc,Automatic,Petrol,Nairobi,Foreign Used,2205000
Subaru,Outback,2011,87989,2500 cc,Automatic,Petrol,Nairobi,Locally Used,2580000
Mazda,CX-5,2012,88162,2200 cc,Automatic,Diesel,Mombasa,Foreign Used,3135000
Mercedes-Benz,C200,2013,88335,2000 cc,Automatic,Petrol,Nairobi,Foreign Used,3937500
Nissan,X-Trail,2014,88508,2000 cc,Automatic,Petrol,Nakuru,Locally Used,2012499
Honda,Fit,2015,88681,1500 cc,Manual,Petrol,Kisumu,Locally Used,1762500
BMW,X3,2016,88854,2000 cc,Automatic,Diesel,Nairobi,Foreign Used,5040000
Audi,A4,2017,89027,2000 cc,Automatic,Diesel,Mombasa,Foreign Used,4777500
Toyota,Premio,2018,89200,1800 cc,Automatic,Petrol,Nairobi,Foreign Used,1575000
Subaru,Outback,2019,89373,2500 cc,Automatic,Petrol,Nairobi,Locally Used,1860000
Mazda,CX-5,2020,89546,2200 cc,Automatic,Diesel,Mombasa,Foreign Used,2280000
Mercedes-Benz,C200,2021,89719,2000 cc,Automatic,Petrol,Nairobi,Foreign Used,2887500
Nissan,X-Trail,2022,89892,2000 cc,Automatic,Petrol,Nakuru,Locally Used,1487500
Honda,Fit,2008,90065,1500 cc,Manual,Petrol,Kisumu,Locally Used,1312500
BMW,X3,2009,90238,2000 cc,Automatic,Diesel,Nairobi,Foreign Used,3780000
Audi,A4,2010,90411,2000 cc,Automatic,Diesel,Mombasa,Foreign Used,3607500
Toyota,Premio,2011,90584,1800 cc,Automatic,Petrol,Nairobi,Foreign Used,1995000
Subaru,Outback,2012,90757,2500 cc,Automatic,Petrol,Nairobi,Locally Used,2340000
Mazda,CX-5,2013,90930,2200 cc,Automatic,Diesel,Mombasa,Foreign Used,2850000
Mercedes-Benz,C200,2014,91103,2000 cc,Automatic,Petrol,Nairobi,Foreign Used,3587499
Nissan,X-Trail,2015,91276,2000 cc,Automatic,Petrol,Nakuru,Locally Used,1837500
Honda,Fit,2016,91449,1500 cc,Manual,Petrol,Kisumu,Locally Used,1612500
BMW,X3,2017,91622,2000 cc,Automatic,Diesel,Nairobi,Foreign Used,4620000
Audi,A4,2018,91795,2000 cc,Automatic,Diesel,Mombasa,Foreign Used,4387500
Toyota,Premio,2019,91968,1800 cc,Automatic,Petrol,Nairobi,Foreign Used,2415000
Subaru,Outback,2020,92141,2500 cc,Automatic,Petrol,Nairobi,Locally Used,2820000
Mazda,CX-5,2021,92314,2200 cc,Automatic,Diesel,Mombasa,Foreign Used,3420000
Mercedes-Benz,C200,2022,92487,2000 cc,Automatic,Petrol,Nairobi,Foreign Used,4287500
Nissan,X-Trail,2008,92660,2000 cc,Automatic,Petrol,Nakuru,Locally Used,1312500
Honda,Fit,2009,92833,1500 cc,Manual,Petrol,Kisumu,Locally Used,1162500
BMW,X3,2010,93006,2000 cc,Automatic,Diesel,Nairobi,Foreign Used,3360000
Audi,A4,2011,93179,2000 cc,Automatic,Diesel,Mombasa,Foreign Used,3217500
Toyota,Premio,2012,93352,1800 cc,Automatic,Petrol,Nairobi,Foreign Used,1785000
Subaru,Outback,2013,93525,2500 cc,Automatic,Petrol,Nairobi,Locally Used,2100000
Mazda,CX-5,2014,93698,2200 cc,Automatic,Diesel,Mombasa,Foreign Used,2565000
Mercedes-Benz,C200,2015,93871,2000 cc,Automatic,Petrol,Nairobi,Foreign Used,3237500
Nissan,X-Trail,2016,94044,2000 cc,Automatic,Petrol,Nakuru,Locally Used,1662500
Honda,Fit,2017,94217,1500 cc,Manual,Petrol,Kisumu,Locally Used,1462500
BMW,X3,2018,94390,2000 cc,Automatic,Diesel,Nairobi,Foreign Used,4200000
Audi,A4,2019,94563,2000 cc,Automatic,Diesel,Mombasa,Foreign Used,3997499
Toyota,Premio,2020,94736,1800 cc,Automatic,Petrol,Nairobi,Foreign Used,2205000
Subaru,Outback,2021,94909,2500 cc,Automatic,Petrol,Nairobi,Locally Used,2580000
Mazda,CX-5,2022,95082,2200 cc,Automatic,Diesel,Mombasa,Foreign Used,3135000
Mercedes-Benz,C200,2008,95255,2000 cc,Automatic,Petrol,Nairobi,Foreign Used,3937500
Nissan,X-Trail,2009,95428,2000 cc,Automatic,Petrol,Nakuru,Locally Used,2012499
Honda,Fit,2010,95601,1500 cc,Manual,Petrol,Kisumu,Locally Used,1762500
BMW,X3,2011,95774,2000 cc,Automatic,Diesel,Nairobi,Foreign Used,5040000
Audi,A4,2012,95947,2000 cc,Automatic,Diesel,Mombasa,Foreign Used,4777500
Toyota,Premio,2013,96120,1800 cc,Automatic,Petrol,Nairobi,Foreign Used,1575000
Subaru,Outback,2014,96293,2500 cc,Automatic,Petrol,Nairobi,Locally Used,1860000
Mazda,CX-5,2015,96466,2200 cc,Automatic,Diesel,Mombasa,Foreign Used,2280000
Mercedes-Benz,C200,2016,96639,2000 cc,Automatic,Petrol,Nairobi,Foreign Used,2887500
Nissan,X-Trail,2017,96812,2000 cc,Automatic,Petrol,Nakuru,Locally Used,1487500
Honda,Fit,2018,96985,1500 cc,Manual,Petrol,Kisumu,Locally Used,1312500
BMW,X3,2019,97158,2000 cc,Automatic,Diesel,Nairobi,Foreign Used,3780000
Audi,A4,2020,97331,2000 cc,Automatic,Diesel,Mombasa,Foreign Used,3607500
Toyota,Premio,2021,97504,1800 cc,Automatic,Petrol,Nairobi,Foreign Used,1995000
Subaru,Outback,2022,97677,2500 cc,Automatic,Petrol,Nairobi,Locally Used,2340000
Mazda,CX-5,2008,97850,2200 cc,Automatic,Diesel,Mombasa,Foreign Used,2850000
Mercedes-Benz,C200,2009,98023,2000 cc,Automatic,Petrol,Nairobi,Foreign Used,3587499
Nissan,X-Trail,2010,98196,2000 cc,Automatic,Petrol,Nakuru,Locally Used,1837500
Honda,Fit,2011,98369,1500 cc,Manual,Petrol,Kisumu,Locally Used,1612500
BMW,X3,2012,98542,2000 cc,Automatic,Diesel,Nairobi,Foreign Used,4620000
Audi,A4,2013,98715,2000 cc,Automatic,Diesel,Mombasa,Foreign Used,4387500
Toyota,Premio,2014,98888,1800 cc,Automatic,Petrol,Nairobi,Foreign Used,2415000
Subaru,Outback,2015,99061,2500 cc,Automatic,Petrol,Nairobi,Locally Used,2820000
Mazda,CX-5,2016,99234,2200 cc,Automatic,Diesel,Mombasa,Foreign Used,3420000
Mercedes-Benz,C200,2017,99407,2000 cc,Automatic,Petrol,Nairobi,Foreign Used,4287500
Nissan,X-Trail,2018,99580,2000 cc,Automatic,Petrol,Nakuru,Locally Used,1312500
Honda,Fit,2019,99753,1500 cc,Manual,Petrol,Kisumu,Locally Used,1162500
BMW,X3,2020,99926,2000 cc,Automatic,Diesel,Nairobi,Foreign Used,3360000
Audi,A4,2021,100099,2000 cc,Automatic,Diesel,Mombasa,Foreign Used,3217500
Toyota,Premio,2022,100272,1800 cc,Automatic,Petrol,Nairobi,Foreign Used,1785000
Subaru,Outback,2008,100445,2500 cc,Automatic,Petrol,Nairobi,Locally Used,2100000
Mazda,CX-5,2009,100618,2200 cc,Automatic,Diesel,Mombasa,Foreign Used,2565000
Mercedes-Benz,C200,2010,100791,2000 cc,Automatic,Petrol,Nairobi,Foreign Used,3237500
Nissan,X-Trail,2011,100964,2000 cc,Automatic,Petrol,Nakuru,Locally Used,1662500
Honda,Fit,2012,101137,1500 cc,Manual,Petrol,Kisumu,Locally Used,1462500
BMW,X3,2013,101310,2000 cc,Automatic,Diesel,Nairobi,Foreign Used,4200000
Audi,A4,2014,101483,2000 cc,Automatic,Diesel,Mombasa,Foreign Used,3997499
Toyota,Premio,2015,101656,1800 cc,Automatic,Petrol,Nairobi,Foreign Used,2205000
Subaru,Outback,2016,101829,2500 cc,Automatic,Petrol,Nairobi,Locally Used,2580000
Mazda,CX-5,2017,102002,2200 cc,Automatic,Diesel,Mombasa,Foreign Used,3135000
Mercedes-Benz,C200,2018,102175,2000 cc,Automatic,Petrol,Nairobi,Foreign Used,3937500
Nissan,X-Trail,2019,102348,2000 cc,Automatic,Petrol,Nakuru,Locally Used,2012499
Honda,Fit,2020,102521,1500 cc,Manual,Petrol,Kisumu,Locally Used,1762500
BMW,X3,2021,102694,2000 cc,Automatic,Diesel,Nairobi,Foreign Used,5040000
Audi,A4,2022,102867,2000 cc,Automatic,Diesel,Mombasa,Foreign Used,4777500
Toyota,Premio,2008,103040,1800 cc,Automatic,Petrol,Nairobi,Foreign Used,1575000
Subaru,Outback,2009,103213,2500 cc,Automatic,Petrol,Nairobi,Locally Used,1860000
Mazda,CX-5,2010,103386,2200 cc,Automatic,Diesel,Mombasa,Foreign Used,2280000
Mercedes-Benz,C200,2011,103559,2000 cc,Automatic,Petrol,Nairobi,Foreign Used,2887500
Nissan,X-Trail,2012,103732,2000 cc,Automatic,Petrol,Nakuru,Locally Used,1487500
Honda,Fit,2013,103905,1500 cc,Manual,Petrol,Kisumu,Locally Used,1312500
BMW,X3,2014,104078,2000 cc,Automatic,Diesel,Nairobi,Foreign Used,3780000
Audi,A4,2015,104251,2000 cc,Automatic,Diesel,Mombasa,Foreign Used,3607500
Toyota,Premio,2016,104424,1800 cc,Automatic,Petrol,Nairobi,Foreign Used,1995000
Subaru,Outback,2017,104597,2500 cc,Automatic,Petrol,Nairobi,Locally Used,2340000
Mazda,CX-5,2018,104770,2200 cc,Automatic,Diesel,Mombasa,Foreign Used,2850000
Mercedes-Benz,C200,2019,104943,2000 cc,Automatic,Petrol,Nairobi,Foreign Used,3587499
Nissan,X-Trail,2020,105116,2000 cc,Automatic,Petrol,Nakuru,Locally Used,1837500
Honda,Fit,2021,105289,1500 cc,Manual,Petrol,Kisumu,Locally Used,1612500
BMW,X3,2022,105462,2000 cc,Automatic,Diesel,Nairobi,Foreign Used,4620000
Audi,A4,2008,105635,2000 cc,Automatic,Diesel,Mombasa,Foreign Used,4387500
Toyota,Premio,2009,105808,1800 cc,Automatic,Petrol,Nairobi,Foreign Used,2415000
Subaru,Outback,2010,105981,2500 cc,Automatic,Petrol,Nairobi,Locally Used,2820000
Mazda,CX-5,2011,106154,2200 cc,Automatic,Diesel,Mombasa,Foreign Used,3420000
Mercedes-Benz,C200,2012,106327,2000 cc,Automatic,Petrol,Nairobi,Foreign Used,4287500
Nissan,X-Trail,2013,106500,2000 cc,Automatic,Petrol,Nakuru,Locally Used,1312500
Honda,Fit,2014,106673,1500 cc,Manual,Petrol,Kisumu,Locally Used,1162500
BMW,X3,2015,106846,2000 cc,Automatic,Diesel,Nairobi,Foreign Used,3360000
Audi,A4,2016,107019,2000 cc,Automatic,Diesel,Mombasa,Foreign Used,3217500
Toyota,Premio,2017,107192,1800 cc,Automatic,Petrol,Nairobi,Foreign Used,1785000
Subaru,Outback,2018,107365,2500 cc,Automatic,Petrol,Nairobi,Locally Used,2100000
Mazda,CX-5,2019,107538,2200 cc,Automatic,Diesel,Mombasa,Foreign Used,2565000
Mercedes-Benz,C200,2020,107711,2000 cc,Automatic,Petrol,Nairobi,Foreign Used,3237500
Nissan,X-Trail,2021,107884,2000 cc,Automatic,Petrol,Nakuru,Locally Used,1662500
Honda,Fit,2022,108057,1500 cc,Manual,Petrol,Kisumu,Locally Used,1462500
BMW,X3,2008,108230,2000 cc,Automatic,Diesel,Nairobi,Foreign Used,4200000
Audi,A4,2009,108403,2000 cc,Automatic,Diesel,Mombasa,Foreign Used,3997499
Toyota,Premio,2010,108576,1800 cc,Automatic,Petrol,Nairobi,Foreign Used,2205000
Subaru,Outback,2011,108749,2500 cc,Automatic,Petrol,Nairobi,Locally Used,2580000
Mazda,CX-5,2012,108922,2200 cc,Automatic,Diesel,Mombasa,Foreign Used,3135000
Mercedes-Benz,C200,2013,109095,2000 cc,Automatic,Petrol,Nairobi,Foreign Used,3937500
Nissan,X-Trail,2014,109268,2000 cc,Automatic,Petrol,Nakuru,Locally Used,2012499
Honda,Fit,2015,109441,1500 cc,Manual,Petrol,Kisumu,Locally Used,1762500
BMW,X3,2016,109614,2000 cc,Automatic,Diesel,Nairobi,Foreign Used,5040000
Audi,A4,2017,109787,2000 cc,Automatic,Diesel,Mombasa,Foreign Used,4777500
Toyota,Premio,2018,109960,1800 cc,Automatic,Petrol,Nairobi,Foreign Used,1575000
Subaru,Outback,2019,110133,2500 cc,Automatic,Petrol,Nairobi,Locally Used,1860000
Mazda,CX-5,2020,110306,2200 cc,Automatic,Diesel,Mombasa,Foreign Used,2280000
Mercedes-Benz,C200,2021,110479,2000 cc,Automatic,Petrol,Nairobi,Foreign Used,2887500
Nissan,X-Trail,2022,110652,2000 cc,Automatic,Petrol,Nakuru,Locally Used,1487500
Honda,Fit,2008,110825,1500 cc,Manual,Petrol,Kisumu,Locally Used,1312500
BMW,X3,2009,110998,2000 cc,Automatic,Diesel,Nairobi,Foreign Used,3780000
Audi,A4,2010,111171,2000 cc,Automatic,Diesel,Mombasa,Foreign Used,3607500
Toyota,Premio,2011,111344,1800 cc,Automatic,Petrol,Nairobi,Foreign Used,1995000
Subaru,Outback,2012,111517,2500 cc,Automatic,Petrol,Nairobi,Locally Used,2340000
Mazda,CX-5,2013,111690,2200 cc,Automatic,Diesel,Mombasa,Foreign Used,2850000
Mercedes-Benz,C200,2014,111863,2000 cc,Automatic,Petrol,Nairobi,Foreign Used,3587499
Nissan,X-Trail,2015,112036,2000 cc,Automatic,Petrol,Nakuru,Locally Used,1837500
Honda,Fit,2016,112209,1500 cc,Manual,Petrol,Kisumu,Locally Used,1612500
BMW,X3,2017,112382,2000 cc,Automatic,Diesel,Nairobi,Foreign Used,4620000
Audi,A4,2018,112555,2000 cc,Automatic,Diesel,Mombasa,Foreign Used,4387500
Toyota,Premio,2019,112728,1800 cc,Automatic,Petrol,Nairobi,Foreign Used,2415000
Subaru,Outback,2020,112901,2500 cc,Automatic,Petrol,Nairobi,Locally Used,2820000
Mazda,CX-5,2021,113074,2200 cc,Automatic,Diesel,Mombasa,Foreign Used,3420000
Mercedes-Benz,C200,2022,113247,2000 cc,Automatic,Petrol,Nairobi,Foreign Used,4287500
Nissan,X-Trail,2008,113420,2000 cc,Automatic,Petrol,Nakuru,Locally Used,1312500
Honda,Fit,2009,113593,1500 cc,Manual,Petrol,Kisumu,Locally Used,1162500
BMW,X3,2010,113766,2000 cc,Automatic,Diesel,Nairobi,Foreign Used,3360000
Audi,A4,2011,113939,2000 cc,Automatic,Diesel,Mombasa,Foreign Used,3217500
Toyota,Premio,2012,114112,1800 cc,Automatic,Petrol,Nairobi,Foreign Used,1785000
Subaru,Outback,2013,114285,2500 cc,Automatic,Petrol,Nairobi,Locally Used,2100000
Mazda,CX-5,2014,114458,2200 cc,Automatic,Diesel,Mombasa,Foreign Used,2565000
Mercedes-Benz,C200,2015,114631,2000 cc,Automatic,Petrol,Nairobi,Foreign Used,3237500
Nissan,X-Trail,2016,114804,2000 cc,Automatic,Petrol,Nakuru,Locally Used,1662500
Honda,Fit,2017,114977,1500 cc,Manual,Petrol,Kisumu,Locally Used,1462500
BMW,X3,2018,115150,2000 cc,Automatic,Diesel,Nairobi,Foreign Used,4200000
Audi,A4,2019,115323,2000 cc,Automatic,Diesel,Mombasa,Foreign Used,3997499
Toyota,Premio,2020,115496,1800 cc,Automatic,Petrol,Nairobi,Foreign Used,2205000
Subaru,Outback,2021,115669,2500 cc,Automatic,Petrol,Nairobi,Locally Used,2580000
Mazda,CX-5,2022,115842,2200 cc,Automatic,Diesel,Mombasa,Foreign Used,3135000
Mercedes-Benz,C200,2008,116015,2000 cc,Automatic,Petrol,Nairobi,Foreign Used,3937500
Nissan,X-Trail,2009,116188,2000 cc,Automatic,Petrol,Nakuru,Locally Used,2012499
Honda,Fit,2010,116361,1500 cc,Manual,Petrol,Kisumu,Locally Used,1762500
BMW,X3,2011,116534,2000 cc,Automatic,Diesel,Nairobi,Foreign Used,5040000
Audi,A4,2012,116707,2000 cc,Automatic,Diesel,Mombasa,Foreign Used,4777500
Toyota,Premio,2013,116880,1800 cc,Automatic,Petrol,Nairobi,Foreign Used,1575000
Subaru,Outback,2014,117053,2500 cc,Automatic,Petrol,Nairobi,Locally Used,1860000
Mazda,CX-5,2015,117226,2200 cc,Automatic,Diesel,Mombasa,Foreign Used,2280000
Mercedes-Benz,C200,2016,117399,2000 cc,Automatic,Petrol,Nairobi,Foreign Used,2887500
Nissan,X-Trail,2017,117572,2000 cc,Automatic,Petrol,Nakuru,Locally Used,1487500
Honda,Fit,2018,117745,1500 cc,Manual,Petrol,Kisumu,Locally Used,1312500
BMW,X3,2019,117918,2000 cc,Automatic,Diesel,Nairobi,Foreign Used,3780000
Audi,A4,2020,118091,2000 cc,Automatic,Diesel,Mombasa,Foreign Used,3607500
Toyota,Premio,2021,118264,1800 cc,Automatic,Petrol,Nairobi,Foreign Used,1995000
Subaru,Outback,2022,118437,2500 cc,Automatic,Petrol,Nairobi,Locally Used,2340000
Mazda,CX-5,2008,118610,2200 cc,Automatic,Diesel,Mombasa,Foreign Used,2850000
Mercedes-Benz,C200,2009,118783,2000 cc,Automatic,Petrol,Nairobi,Foreign Used,3587499
Nissan,X-Trail,2010,118956,2000 cc,Automatic,Petrol,Nakuru,Locally Used,1837500
Honda,Fit,2011,119129,1500 cc,Manual,Petrol,Kisumu,Locally Used,1612500
BMW,X3,2012,119302,2000 cc,Automatic,Diesel,Nairobi,Foreign Used,4620000
Audi,A4,2013,119475,2000 cc,Automatic,Diesel,Mombasa,Foreign Used,4387500
Toyota,Premio,2014,119648,1800 cc,Automatic,Petrol,Nairobi,Foreign Used,2415000
Subaru,Outback,2015,119821,2500 cc,Automatic,Petrol,Nairobi,Locally Used,2820000
Mazda,CX-5,2016,119994,2200 cc,Automatic,Diesel,Mombasa,Foreign Used,3420000
Mercedes-Benz,C200,2017,120167,2000 cc,Automatic,Petrol,Nairobi,Foreign Used,4287500
Nissan,X-Trail,2018,120340,2000 cc,Automatic,Petrol,Nakuru,Locally Used,1312500
Honda,Fit,2019,120513,1500 cc,Manual,Petrol,Kisumu,Locally Used,1162500
BMW,X3,2020,120686,2000 cc,Automatic,Diesel,Nairobi,Foreign Used,3360000
Audi,A4,2021,120859,2000 cc,Automatic,Diesel,Mombasa,Foreign Used,3217500
Toyota,Premio,2022,121032,1800 cc,Automatic,Petrol,Nairobi,Foreign Used,1785000
Subaru,Outback,2008,121205,2500 cc,Automatic,Petrol,Nairobi,Locally Used,2100000
Mazda,CX-5,2009,121378,2200 cc,Automatic,Diesel,Mombasa,Foreign Used,2565000
Mercedes-Benz,C200,2010,121551,2000 cc,Automatic,Petrol,Nairobi,Foreign Used,3237500
Nissan,X-Trail,2011,121724,2000 cc,Automatic,Petrol,Nakuru,Locally Used,1662500
Honda,Fit,2012,121897,1500 cc,Manual,Petrol,Kisumu,Locally Used,1462500
BMW,X3,2013,122070,2000 cc,Automatic,Diesel,Nairobi,Foreign Used,4200000
Audi,A4,2014,122243,2000 cc,Automatic,Diesel,Mombasa,Foreign Used,3997499
Toyota,Premio,2015,122416,1800 cc,Automatic,Petrol,Nairobi,Foreign Used,2205000
Subaru,Outback,2016,122589,2500 cc,Automatic,Petrol,Nairobi,Locally Used,2580000
Mazda,CX-5,2017,122762,2200 cc,Automatic,Diesel,Mombasa,Foreign Used,3135000
Mercedes-Benz,C200,2018,122935,2000 cc,Automatic,Petrol,Nairobi,Foreign Used,3937500
Nissan,X-Trail,2019,123108,2000 cc,Automatic,Petrol,Nakuru,Locally Used,2012499
Honda,Fit,2020,123281,1500 cc,Manual,Petrol,Kisumu,Locally Used,1762500
BMW,X3,2021,123454,2000 cc,Automatic,Diesel,Nairobi,Foreign Used,5040000
Audi,A4,2022,123627,2000 cc,Automatic,Diesel,Mombasa,Foreign Used,4777500
Toyota,Premio,2008,123800,1800 cc,Automatic,Petrol,Nairobi,Foreign Used,1575000
Subaru,Outback,2009,123973,2500 cc,Automatic,Petrol,Nairobi,Locally Used,1860000
Mazda,CX-5,2010,124146,2200 cc,Automatic,Diesel,Mombasa,Foreign Used,2280000
Mercedes-Benz,C200,2011,124319,2000 cc,Automatic,Petrol,Nairobi,Foreign Used,2887500
Nissan,X-Trail,2012,124492,2000 cc,Automatic,Petrol,Nakuru,Locally Used,1487500
Honda,Fit,2013,124665,1500 cc,Manual,Petrol,Kisumu,Locally Used,1312500
BMW,X3,2014,124838,2000 cc,Automatic,Diesel,Nairobi,Foreign Used,3780000
Audi,A4,2015,125011,2000 cc,Automatic,Diesel,Mombasa,Foreign Used,3607500
Toyota,Premio,2016,125184,1800 cc,Automatic,Petrol,Nairobi,Foreign Used,1995000
Subaru,Outback,2017,125357,2500 cc,Automatic,Petrol,Nairobi,Locally Used,2340000
Mazda,CX-5,2018,125530,2200 cc,Automatic,Diesel,Mombasa,Foreign Used,2850000
Mercedes-Benz,C200,2019,125703,2000 cc,Automatic,Petrol,Nairobi,Foreign Used,3587499
Nissan,X-Trail,2020,125876,2000 cc,Automatic,Petrol,Nakuru,Locally Used,1837500
Honda,Fit,2021,126049,1500 cc,Manual,Petrol,Kisumu,Locally Used,1612500
BMW,X3,2022,126222,2000 cc,Automatic,Diesel,Nairobi,Foreign Used,4620000
Audi,A4,2008,126395,2000 cc,Automatic,Diesel,Mombasa,Foreign Used,4387500
Toyota,Premio,2009,126568,1800 cc,Automatic,Petrol,Nairobi,Foreign Used,2415000
Subaru,Outback,2010,126741,2500 cc,Automatic,Petrol,Nairobi,Locally Used,2820000
Mazda,CX-5,2011,126914,2200 cc,Automatic,Diesel,Mombasa,Foreign Used,3420000
Mercedes-Benz,C200,2012,127087,2000 cc,Automatic,Petrol,Nairobi,Foreign Used,4287500
Nissan,X-Trail,2013,127260,2000 cc,Automatic,Petrol,Nakuru,Locally Used,1312500
Honda,Fit,2014,127433,1500 cc,Manual,Petrol,Kisumu,Locally Used,1162500
BMW,X3,2015,127606,2000 cc,Automatic,Diesel,Nairobi,Foreign Used,3360000
Audi,A4,2016,127779,2000 cc,Automatic,Diesel,Mombasa,Foreign Used,3217500
Toyota,Premio,2017,127952,1800 cc,Automatic,Petrol,Nairobi,Foreign Used,1785000
Subaru,Outback,2018,128125,2500 cc,Automatic,Petrol,Nairobi,Locally Used,2100000
Mazda,CX-5,2019,128298,2200 cc,Automatic,Diesel,Mombasa,Foreign Used,2565000
Mercedes-Benz,C200,2020,128471,2000 cc,Automatic,Petrol,Nairobi,Foreign Used,3237500
Nissan,X-Trail,2021,128644,2000 cc,Automatic,Petrol,Nakuru,Locally Used,1662500
Honda,Fit,2022,128817,1500 cc,Manual,Petrol,Kisumu,Locally Used,1462500
BMW,X3,2008,128990,2000 cc,Automatic,Diesel,Nairobi,Foreign Used,4200000
Audi,A4,2009,129163,2000 cc,Automatic,Diesel,Mombasa,Foreign Used,3997499
Toyota,Premio,2010,129336,1800 cc,Automatic,Petrol,Nairobi,Foreign Used,2205000
Subaru,Outback,2011,129509,2500 cc,Automatic,Petrol,Nairobi,Locally Used,2580000
Mazda,CX-5,2012,129682,2200 cc,Automatic,Diesel,Mombasa,Foreign Used,3135000
Mercedes-Benz,C200,2013,129855,2000 cc,Automatic,Petrol,Nairobi,Foreign Used,3937500
Nissan,X-Trail,2014,130028,2000 cc,Automatic,Petrol,Nakuru,Locally Used,2012499
Honda,Fit,2015,130201,1500 cc,Manual,Petrol,Kisumu,Locally Used,1762500
BMW,X3,2016,130374,2000 cc,Automatic,Diesel,Nairobi,Foreign Used,5040000
Audi,A4,2017,130547,2000 cc,Automatic,Diesel,Mombasa,Foreign Used,4777500
Toyota,Premio,2018,130720,1800 cc,Automatic,Petrol,Nairobi,Foreign Used,1575000
Subaru,Outback,2019,130893,2500 cc,Automatic,Petrol,Nairobi,Locally Used,1860000
Mazda,CX-5,2020,131066,2200 cc,Automatic,Diesel,Mombasa,Foreign Used,2280000
Mercedes-Benz,C200,2021,131239,2000 cc,Automatic,Petrol,Nairobi,Foreign Used,2887500
Nissan,X-Trail,2022,131412,2000 cc,Automatic,Petrol,Nakuru,Locally Used,1487500
Honda,Fit,2008,131585,1500 cc,Manual,Petrol,Kisumu,Locally Used,1312500
BMW,X3,2009,131758,2000 cc,Automatic,Diesel,Nairobi,Foreign Used,3780000
Audi,A4,2010,131931,2000 cc,Automatic,Diesel,Mombasa,Foreign Used,3607500
Toyota,Premio,2011,132104,1800 cc,Automatic,Petrol,Nairobi,Foreign Used,1995000
Subaru,Outback,2012,132277,2500 cc,Automatic,Petrol,Nairobi,Locally Used,2340000
Mazda,CX-5,2013,132450,2200 cc,Automatic,Diesel,Mombasa,Foreign Used,2850000
Mercedes-Benz,C200,2014,132623,2000 cc,Automatic,Petrol,Nairobi,Foreign Used,3587499
Nissan,X-Trail,2015,132796,2000 cc,Automatic,Petrol,Nakuru,Locally Used,1837500
Honda,Fit,2016,132969,1500 cc,Manual,Petrol,Kisumu,Locally Used,1612500
BMW,X3,2017,133142,2000 cc,Automatic,Diesel,Nairobi,Foreign Used,4620000
Audi,A4,2018,133315,2000 cc,Automatic,Diesel,Mombasa,Foreign Used,4387500
Toyota,Premio,2019,133488,1800 cc,Automatic,Petrol,Nairobi,Foreign Used,2415000
Subaru,Outback,2020,133661,2500 cc,Automatic,Petrol,Nairobi,Locally Used,2820000
Mazda,CX-5,2021,133834,2200 cc,Automatic,Diesel,Mombasa,Foreign Used,3420000
Mercedes-Benz,C200,2022,134007,2000 cc,Automatic,Petrol,Nairobi,Foreign Used,4287500
Nissan,X-Trail,2008,134180,2000 cc,Automatic,Petrol,Nakuru,Locally Used,1312500
Honda,Fit,2009,134353,1500 cc,Manual,Petrol,Kisumu,Locally Used,1162500
BMW,X3,2010,134526,2000 cc,Automatic,Diesel,Nairobi,Foreign Used,3360000
Audi,A4,2011,134699,2000 cc,Automatic,Diesel,Mombasa,Foreign Used,3217500
Toyota,Premio,2012,134872,1800 cc,Automatic,Petrol,Nairobi,Foreign Used,1785000
Subaru,Outback,2013,135045,2500 cc,Automatic,Petrol,Nairobi,Locally Used,2100000
Mazda,CX-5,2014,135218,2200 cc,Automatic,Diesel,Mombasa,Foreign Used,2565000
Mercedes-Benz,C200,2015,135391,2000 cc,Automatic,Petrol,Nairobi,Foreign Used,3237500
Nissan,X-Trail,2016,135564,2000 cc,Automatic,Petrol,Nakuru,Locally Used,1662500
Honda,Fit,2017,135737,1500 cc,Manual,Petrol,Kisumu,Locally Used,1462500
BMW,X3,2018,135910,2000 cc,Automatic,Diesel,Nairobi,Foreign Used,4200000
Audi,A4,2019,136083,2000 cc,Automatic,Diesel,Mombasa,Foreign Used,3997499
Toyota,Premio,2020,136256,1800 cc,Automatic,Petrol,Nairobi,Foreign Used,2205000
Subaru,Outback,2021,136429,2500 cc,Automatic,Petrol,Nairobi,Locally Used,2580000
Mazda,CX-5,2022,136602,2200 cc,Automatic,Diesel,Mombasa,Foreign Used,3135000
Mercedes-Benz,C200,2008,136775,2000 cc,Automatic,Petrol,Nairobi,Foreign Used,3937500
Nissan,X-Trail,2009,136948,2000 cc,Automatic,Petrol,Nakuru,Locally Used,2012499
Honda,Fit,2010,137121,1500 cc,Manual,Petrol,Kisumu,Locally Used,1762500
BMW,X3,2011,137294,2000 cc,Automatic,Diesel,Nairobi,Foreign Used,5040000
Audi,A4,2012,137467,2000 cc,Automatic,Diesel,Mombasa,Foreign Used,4777500
Toyota,Premio,2013,137640,1800 cc,Automatic,Petrol,Nairobi,Foreign Used,1575000
Subaru,Outback,2014,137813,2500 cc,Automatic,Petrol,Nairobi,Locally Used,1860000
Mazda,CX-5,2015,137986,2200 cc,Automatic,Diesel,Mombasa,Foreign Used,2280000
Mercedes-Benz,C200,2016,138159,2000 cc,Automatic,Petrol,Nairobi,Foreign Used,2887500
Nissan,X-Trail,2017,138332,2000 cc,Automatic,Petrol,Nakuru,Locally Used,1487500
Honda,Fit,2018,138505,1500 cc,Manual,Petrol,Kisumu,Locally Used,1312500
BMW,X3,2019,138678,2000 cc,Automatic,Diesel,Nairobi,Foreign Used,3780000
Audi,A4,2020,138851,2000 cc,Automatic,Diesel,Mombasa,Foreign Used,3607500
Toyota,Premio,2021,139024,1800 cc,Automatic,Petrol,Nairobi,Foreign Used,1995000
Subaru,Outback,2022,139197,2500 cc,Automatic,Petrol,Nairobi,Locally Used,2340000
Mazda,CX-5,2008,139370,2200 cc,Automatic,Diesel,Mombasa,Foreign Used,2850000
Mercedes-Benz,C200,2009,139543,2000 cc,Automatic,Petrol,Nairobi,Foreign Used,3587499
Nissan,X-Trail,2010,139716,2000 cc,Automatic,Petrol,Nakuru,Locally Used,1837500
Honda,Fit,2011,139889,1500 cc,Manual,Petrol,Kisumu,Locally Used,1612500
BMW,X3,2012,140062,2000 cc,Automatic,Diesel,Nairobi,Foreign Used,4620000
Audi,A4,2013,140235,2000 cc,Automatic,Diesel,Mombasa,Foreign Used,4387500
Toyota,Premio,2014,140408,1800 cc,Automatic,Petrol,Nairobi,Foreign Used,2415000
Subaru,Outback,2015,140581,2500 cc,Automatic,Petrol,Nairobi,Locally Used,2820000
Mazda,CX-5,2016,140754,2200 cc,Automatic,Diesel,Mombasa,Foreign Used,3420000
Mercedes-Benz,C200,2017,140927,2000 cc,Automatic,Petrol,Nairobi,Foreign Used,4287500
Nissan,X-Trail,2018,141100,2000 cc,Automatic,Petrol,Nakuru,Locally Used,1312500
Honda,Fit,2019,141273,1500 cc,Manual,Petrol,Kisumu,Locally Used,1162500
BMW,X3,2020,141446,2000 cc,Automatic,Diesel,Nairobi,Foreign Used,3360000
Audi,A4,2021,141619,2000 cc,Automatic,Diesel,Mombasa,Foreign Used,3217500
Toyota,Premio,2022,141792,1800 cc,Automatic,Petrol,Nairobi,Foreign Used,1785000
Subaru,Outback,2008,141965,2500 cc,Automatic,Petrol,Nairobi,Locally Used,2100000
Mazda,CX-5,2009,142138,2200 cc,Automatic,Diesel,Mombasa,Foreign Used,2565000
Mercedes-Benz,C200,2010,142311,2000 cc,Automatic,Petrol,Nairobi,Foreign Used,3237500
Nissan,X-Trail,2011,142484,2000 cc,Automatic,Petrol,Nakuru,Locally Used,1662500
Honda,Fit,2012,142657,1500 cc,Manual,Petrol,Kisumu,Locally Used,1462500
BMW,X3,2013,142830,2000 cc,Automatic,Diesel,Nairobi,Foreign Used,4200000
Audi,A4,2014,143003,2000 cc,Automatic,Diesel,Mombasa,Foreign Used,3997499
Toyota,Premio,2015,143176,1800 cc,Automatic,Petrol,Nairobi,Foreign Used,2205000
Subaru,Outback,2016,143349,2500 cc,Automatic,Petrol,Nairobi,Locally Used,2580000
Mazda,CX-5,2017,143522,2200 cc,Automatic,Diesel,Mombasa,Foreign Used,3135000
Mercedes-Benz,C200,2018,143695,2000 cc,Automatic,Petrol,Nairobi,Foreign Used,3937500
Nissan,X-Trail,2019,143868,2000 cc,Automatic,Petrol,Nakuru,Locally Used,2012499
Honda,Fit,2020,144041,1500 cc,Manual,Petrol,Kisumu,Locally Used,1762500
BMW,X3,2021,144214,2000 cc,Automatic,Diesel,Nairobi,Foreign Used,5040000
Audi,A4,2022,144387,2000 cc,Automatic,Diesel,Mombasa,Foreign Used,4777500
Toyota,Premio,2008,144560,1800 cc,Automatic,Petrol,Nairobi,Foreign Used,1575000
Subaru,Outback,2009,144733,2500 cc,Automatic,Petrol,Nairobi,Locally Used,1860000
Mazda,CX-5,2010,144906,2200 cc,Automatic,Diesel,Mombasa,Foreign Used,2280000
Mercedes-Benz,C200,2011,145079,2000 cc,Automatic,Petrol,Nairobi,Foreign Used,2887500
Nissan,X-Trail,2012,145252,2000 cc,Automatic,Petrol,Nakuru,Locally Used,1487500
Honda,Fit,2013,145425,1500 cc,Manual,Petrol,Kisumu,Locally Used,1312500
BMW,X3,2014,145598,2000 cc,Automatic,Diesel,Nairobi,Foreign Used,3780000
Audi,A4,2015,145771,2000 cc,Automatic,Diesel,Mombasa,Foreign Used,3607500
Toyota,Premio,2016,145944,1800 cc,Automatic,Petrol,Nairobi,Foreign Used,1995000
Subaru,Outback,2017,146117,2500 cc,Automatic,Petrol,Nairobi,Locally Used,2340000
Mazda,CX-5,2018,146290,2200 cc,Automatic,Diesel,Mombasa,Foreign Used,2850000
Mercedes-Benz,C200,2019,146463,2000 cc,Automatic,Petrol,Nairobi,Foreign Used,3587499
Nissan,X-Trail,2020,146636,2000 cc,Automatic,Petrol,Nakuru,Locally Used,1837500
Honda,Fit,2021,146809,1500 cc,Manual,Petrol,Kisumu,Locally Used,1612500
BMW,X3,2022,146982,2000 cc,Automatic,Diesel,Nairobi,Foreign Used,4620000
Audi,A4,2008,147155,2000 cc,Automatic,Diesel,Mombasa,Foreign Used,4387500
Toyota,Premio,2009,147328,1800 cc,Automatic,Petrol,Nairobi,Foreign Used,2415000
Subaru,Outback,2010,147501,2500 cc,Automatic,Petrol,Nairobi,Locally Used,2820000
Mazda,CX-5,2011,147674,2200 cc,Automatic,Diesel,Mombasa,Foreign Used,3420000
Mercedes-Benz,C200,2012,147847,2000 cc,Automatic,Petrol,Nairobi,Foreign Used,4287500
Nissan,X-Trail,2013,148020,2000 cc,Automatic,Petrol,Nakuru,Locally Used,1312500
Honda,Fit,2014,148193,1500 cc,Manual,Petrol,Kisumu,Locally Used,1162500
BMW,X3,2015,148366,2000 cc,Automatic,Diesel,Nairobi,Foreign Used,3360000
Audi,A4,2016,148539,2000 cc,Automatic,Diesel,Mombasa,Foreign Used,3217500
Toyota,Premio,2017,148712,1800 cc,Automatic,Petrol,Nairobi,Foreign Used,1785000
Subaru,Outback,2018,148885,2500 cc,Automatic,Petrol,Nairobi,Locally Used,2100000
Mazda,CX-5,2019,149058,2200 cc,Automatic,Diesel,Mombasa,Foreign Used,2565000
Mercedes-Benz,C200,2020,149231,2000 cc,Automatic,Petrol,Nairobi,Foreign Used,3237500
Nissan,X-Trail,2021,149404,2000 cc,Automatic,Petrol,Nakuru,Locally Used,1662500
Honda,Fit,2022,149577,1500 cc,Manual,Petrol,Kisumu,Locally Used,1462500
BMW,X3,2008,149750,2000 cc,Automatic,Diesel,Nairobi,Foreign Used,4200000
Audi,A4,2009,149923,2000 cc,Automatic,Diesel,Mombasa,Foreign Used,3997499
Toyota,Premio,2010,150096,1800 cc,Automatic,Petrol,Nairobi,Foreign Used,2205000
Subaru,Outback,2011,150269,2500 cc,Automatic,Petrol,Nairobi,Locally Used,2580000
Mazda,CX-5,2012,150442,2200 cc,Automatic,Diesel,Mombasa,Foreign Used,3135000
Mercedes-Benz,C200,2013,150615,2000 cc,Automatic,Petrol,Nairobi,Foreign Used,3937500
Nissan,X-Trail,2014,150788,2000 cc,Automatic,Petrol,Nakuru,Locally Used,2012499
Honda,Fit,2015,150961,1500 cc,Manual,Petrol,Kisumu,Locally Used,1762500
BMW,X3,2016,151134,2000 cc,Automatic,Diesel,Nairobi,Foreign Used,5040000
Audi,A4,2017,151307,2000 cc,Automatic,Diesel,Mombasa,Foreign Used,4777500
Toyota,Premio,2018,151480,1800 cc,Automatic,Petrol,Nairobi,Foreign Used,1575000
Subaru,Outback,2019,151653,2500 cc,Automatic,Petrol,Nairobi,Locally Used,1860000
Mazda,CX-5,2020,151826,2200 cc,Automatic,Diesel,Mombasa,Foreign Used,2280000
Mercedes-Benz,C200,2021,151999,2000 cc,Automatic,Petrol,Nairobi,Foreign Used,2887500
Nissan,X-Trail,2022,152172,2000 cc,Automatic,Petrol,Nakuru,Locally Used,1487500
Honda,Fit,2008,152345,1500 cc,Manual,Petrol,Kisumu,Locally Used,1312500
BMW,X3,2009,152518,2000 cc,Automatic,Diesel,Nairobi,Foreign Used,3780000
Audi,A4,2010,152691,2000 cc,Automatic,Diesel,Mombasa,Foreign Used,3607500
Toyota,Premio,2011,152864,1800 cc,Automatic,Petrol,Nairobi,Foreign Used,1995000
Subaru,Outback,2012,153037,2500 cc,Automatic,Petrol,Nairobi,Locally Used,2340000
Mazda,CX-5,2013,153210,2200 cc,Automatic,Diesel,Mombasa,Foreign Used,2850000
Mercedes-Benz,C200,2014,153383,2000 cc,Automatic,Petrol,Nairobi,Foreign Used,3587499
Nissan,X-Trail,2015,153556,2000 cc,Automatic,Petrol,Nakuru,Locally Used,1837500
Honda,Fit,2016,153729,1500 cc,Manual,Petrol,Kisumu,Locally Used,1612500
BMW,X3,2017,153902,2000 cc,Automatic,Diesel,Nairobi,Foreign Used,4620000
Audi,A4,2018,154075,2000 cc,Automatic,Diesel,Mombasa,Foreign Used,4387500
Toyota,Premio,2019,154248,1800 cc,Automatic,Petrol,Nairobi,Foreign Used,2415000
Subaru,Outback,2020,154421,2500 cc,Automatic,Petrol,Nairobi,Locally Used,2820000
Mazda,CX-5,2021,154594,2200 cc,Automatic,Diesel,Mombasa,Foreign Used,3420000
Mercedes-Benz,C200,2022,154767,2000 cc,Automatic,Petrol,Nairobi,Foreign Used,4287500
Nissan,X-Trail,2008,154940,2000 cc,Automatic,Petrol,Nakuru,Locally Used,1312500
Honda,Fit,2009,155113,1500 cc,Manual,Petrol,Kisumu,Locally Used,1162500
BMW,X3,2010,155286,2000 cc,Automatic,Diesel,Nairobi,Foreign Used,3360000
Audi,A4,2011,155459,2000 cc,Automatic,Diesel,Mombasa,Foreign Used,3217500
Toyota,Premio,2012,155632,1800 cc,Automatic,Petrol,Nairobi,Foreign Used,1785000
Subaru,Outback,2013,155805,2500 cc,Automatic,Petrol,Nairobi,Locally Used,2100000
Mazda,CX-5,2014,155978,2200 cc,Automatic,Diesel,Mombasa,Foreign Used,2565000
Mercedes-Benz,C200,2015,156151,2000 cc,Automatic,Petrol,Nairobi,Foreign Used,3237500
Nissan,X-Trail,2016,156324,2000 cc,Automatic,Petrol,Nakuru,Locally Used,1662500
Honda,Fit,2017,156497,1500 cc,Manual,Petrol,Kisumu,Locally Used,1462500
BMW,X3,2018,156670,2000 cc,Automatic,Diesel,Nairobi,Foreign Used,4200000
Audi,A4,2019,156843,2000 cc,Automatic,Diesel,Mombasa,Foreign Used,3997499
Toyota,Premio,2020,157016,1800 cc,Automatic,Petrol,Nairobi,Foreign Used,2205000
Subaru,Outback,2021,157189,2500 cc,Automatic,Petrol,Nairobi,Locally Used,2580000
Mazda,CX-5,2022,157362,2200 cc,Automatic,Diesel,Mombasa,Foreign Used,3135000
Mercedes-Benz,C200,2008,157535,2000 cc,Automatic,Petrol,Nairobi,Foreign Used,3937500
Nissan,X-Trail,2009,157708,2000 cc,Automatic,Petrol,Nakuru,Locally Used,2012499
Honda,Fit,2010,157881,1500 cc,Manual,Petrol,Kisumu,Locally Used,1762500
BMW,X3,2011,158054,2000 cc,Automatic,Diesel,Nairobi,Foreign Used,5040000
Audi,A4,2012,158227,2000 cc,Automatic,Diesel,Mombasa,Foreign Used,4777500
Toyota,Premio,2013,158400,1800 cc,Automatic,Petrol,Nairobi,Foreign Used,1575000
Subaru,Outback,2014,158573,2500 cc,Automatic,Petrol,Nairobi,Locally Used,1860000
Mazda,CX-5,2015,158746,2200 cc,Automatic,Diesel,Mombasa,Foreign Used,2280000
Mercedes-Benz,C200,2016,158919,2000 cc,Automatic,Petrol,Nairobi,Foreign Used,2887500
Nissan,X-Trail,2017,159092,2000 cc,Automatic,Petrol,Nakuru,Locally Used,1487500
Honda,Fit,2018,159265,1500 cc,Manual,Petrol,Kisumu,Locally Used,1312500
BMW,X3,2019,159438,2000 cc,Automatic,Diesel,Nairobi,Foreign Used,3780000
Audi,A4,2020,159611,2000 cc,Automatic,Diesel,Mombasa,Foreign Used,3607500
Toyota,Premio,2021,159784,1800 cc,Automatic,Petrol,Nairobi,Foreign Used,1995000
Subaru,Outback,2022,159957,2500 cc,Automatic,Petrol,Nairobi,Locally Used,2340000
Mazda,CX-5,2008,160130,2200 cc,Automatic,Diesel,Mombasa,Foreign Used,2850000
Mercedes-Benz,C200,2009,160303,2000 cc,Automatic,Petrol,Nairobi,Foreign Used,3587499
Nissan,X-Trail,2010,160476,2000 cc,Automatic,Petrol,Nakuru,Locally Used,1837500
Honda,Fit,2011,160649,1500 cc,Manual,Petrol,Kisumu,Locally Used,1612500
BMW,X3,2012,160822,2000 cc,Automatic,Diesel,Nairobi,Foreign Used,4620000
Audi,A4,2013,160995,2000 cc,Automatic,Diesel,Mombasa,Foreign Used,4387500
Toyota,Premio,2014,161168,1800 cc,Automatic,Petrol,Nairobi,Foreign Used,2415000
Subaru,Outback,2015,161341,2500 cc,Automatic,Petrol,Nairobi,Locally Used,2820000
Mazda,CX-5,2016,161514,2200 cc,Automatic,Diesel,Mombasa,Foreign Used,3420000
Mercedes-Benz,C200,2017,161687,2000 cc,Automatic,Petrol,Nairobi,Foreign Used,4287500
Nissan,X-Trail,2018,161860,2000 cc,Automatic,Petrol,Nakuru,Locally Used,1312500
Honda,Fit,2019,162033,1500 cc,Manual,Petrol,Kisumu,Locally Used,1162500
BMW,X3,2020,162206,2000 cc,Automatic,Diesel,Nairobi,Foreign Used,3360000
Audi,A4,2021,162379,2000 cc,Automatic,Diesel,Mombasa,Foreign Used,3217500
Toyota,Premio,2022,162552,1800 cc,Automatic,Petrol,Nairobi,Foreign Used,1785000
Subaru,Outback,2008,162725,2500 cc,Automatic,Petrol,Nairobi,Locally Used,2100000
Mazda,CX-5,2009,162898,2200 cc,Automatic,Diesel,Mombasa,Foreign Used,2565000
Mercedes-Benz,C200,2010,163071,2000 cc,Automatic,Petrol,Nairobi,Foreign Used,3237500
Nissan,X-Trail,2011,163244,2000 cc,Automatic,Petrol,Nakuru,Locally Used,1662500
Honda,Fit,2012,163417,1500 cc,Manual,Petrol,Kisumu,Locally Used,1462500
BMW,X3,2013,163590,2000 cc,Automatic,Diesel,Nairobi,Foreign Used,4200000
Audi,A4,2014,163763,2000 cc,Automatic,Diesel,Mombasa,Foreign Used,3997499
Toyota,Premio,2015,163936,1800 cc,Automatic,Petrol,Nairobi,Foreign Used,2205000
Subaru,Outback,2016,164109,2500 cc,Automatic,Petrol,Nairobi,Locally Used,2580000
Mazda,CX-5,2017,164282,2200 cc,Automatic,Diesel,Mombasa,Foreign Used,3135000
Mercedes-Benz,C200,2018,164455,2000 cc,Automatic,Petrol,Nairobi,Foreign Used,3937500
Nissan,X-Trail,2019,164628,2000 cc,Automatic,Petrol,Nakuru,Locally Used,2012499
Honda,Fit,2020,164801,1500 cc,Manual,Petrol,Kisumu,Locally Used,1762500
BMW,X3,2021,164974,2000 cc,Automatic,Diesel,Nairobi,Foreign Used,5040000
Audi,A4,2022,165147,2000 cc,Automatic,Diesel,Mombasa,Foreign Used,4777500
Toyota,Premio,2008,165320,1800 cc,Automatic,Petrol,Nairobi,Foreign Used,1575000
Subaru,Outback,2009,165493,2500 cc,Automatic,Petrol,Nairobi,Locally Used,1860000
Mazda,CX-5,2010,165666,2200 cc,Automatic,Diesel,Mombasa,Foreign Used,2280000
Mercedes-Benz,C200,2011,165839,2000 cc,Automatic,Petrol,Nairobi,Foreign Used,2887500
Nissan,X-Trail,2012,166012,2000 cc,Automatic,Petrol,Nakuru,Locally Used,1487500
Honda,Fit,2013,166185,1500 cc,Manual,Petrol,Kisumu,Locally Used,1312500
BMW,X3,2014,166358,2000 cc,Automatic,Diesel,Nairobi,Foreign Used,3780000
Audi,A4,2015,166531,2000 cc,Automatic,Diesel,Mombasa,Foreign Used,3607500
Toyota,Premio,2016,166704,1800 cc,Automatic,Petrol,Nairobi,Foreign Used,1995000
Subaru,Outback,2017,166877,2500 cc,Automatic,Petrol,Nairobi,Locally Used,2340000
Mazda,CX-5,2018,167050,2200 cc,Automatic,Diesel,Mombasa,Foreign Used,2850000
Mercedes-Benz,C200,2019,167223,2000 cc,Automatic,Petrol,Nairobi,Foreign Used,3587499
Nissan,X-Trail,2020,167396,2000 cc,Automatic,Petrol,Nakuru,Locally Used,1837500
Honda,Fit,2021,167569,1500 cc,Manual,Petrol,Kisumu,Locally Used,1612500
BMW,X3,2022,167742,2000 cc,Automatic,Diesel,Nairobi,Foreign Used,4620000
Audi,A4,2008,167915,2000 cc,Automatic,Diesel,Mombasa,Foreign Used,4387500
Toyota,Premio,2009,168088,1800 cc,Automatic,Petrol,Nairobi,Foreign Used,2415000
Subaru,Outback,2010,168261,2500 cc,Automatic,Petrol,Nairobi,Locally Used,2820000
Mazda,CX-5,2011,168434,2200 cc,Automatic,Diesel,Mombasa,Foreign Used,3420000
Mercedes-Benz,C200,2012,168607,2000 cc,Automatic,Petrol,Nairobi,Foreign Used,4287500
Nissan,X-Trail,2013,168780,2000 cc,Automatic,Petrol,Nakuru,Locally Used,1312500
Honda,Fit,2014,168953,1500 cc,Manual,Petrol,Kisumu,Locally Used,1162500
BMW,X3,2015,169126,2000 cc,Automatic,Diesel,Nairobi,Foreign Used,3360000
Audi,A4,2016,169299,2000 cc,Automatic,Diesel,Mombasa,Foreign Used,3217500
Toyota,Premio,2017,169472,1800 cc,Automatic,Petrol,Nairobi,Foreign Used,1785000
Subaru,Outback,2018,169645,2500 cc,Automatic,Petrol,Nairobi,Locally Used,2100000
Mazda,CX-5,2019,169818,2200 cc,Automatic,Diesel,Mombasa,Foreign Used,2565000
Mercedes-Benz,C200,2020,169991,2000 cc,Automatic,Petrol,Nairobi,Foreign Used,3237500
Nissan,X-Trail,2021,170164,2000 cc,Automatic,Petrol,Nakuru,Locally Used,1662500
Honda,Fit,2022,170337,1500 cc,Manual,Petrol,Kisumu,Locally Used,1462500
BMW,X3,2008,170510,2000 cc,Automatic,Diesel,Nairobi,Foreign Used,4200000
Audi,A4,2009,170683,2000 cc,Automatic,Diesel,Mombasa,Foreign Used,3997499
Toyota,Premio,2010,170856,1800 cc,Automatic,Petrol,Nairobi,Foreign Used,2205000
Subaru,Outback,2011,171029,2500 cc,Automatic,Petrol,Nairobi,Locally Used,2580000
Mazda,CX-5,2012,171202,2200 cc,Automatic,Diesel,Mombasa,Foreign Used,3135000
Mercedes-Benz,C200,2013,171375,2000 cc,Automatic,Petrol,Nairobi,Foreign Used,3937500
Nissan,X-Trail,2014,171548,2000 cc,Automatic,Petrol,Nakuru,Locally Used,2012499
Honda,Fit,2015,171721,1500 cc,Manual,Petrol,Kisumu,Locally Used,1762500
BMW,X3,2016,171894,2000 cc,Automatic,Diesel,Nairobi,Foreign Used,5040000
Audi,A4,2017,172067,2000 cc,Automatic,Diesel,Mombasa,Foreign Used,4777500
Toyota,Premio,2018,172240,1800 cc,Automatic,Petrol,Nairobi,Foreign Used,1575000
Subaru,Outback,2019,172413,2500 cc,Automatic,Petrol,Nairobi,Locally Used,1860000
Mazda,CX-5,2020,172586,2200 cc,Automatic,Diesel,Mombasa,Foreign Used,2280000
Mercedes-Benz,C200,2021,172759,2000 cc,Automatic,Petrol,Nairobi,Foreign Used,2887500
Nissan,X-Trail,2022,172932,2000 cc,Automatic,Petrol,Nakuru,Locally Used,1487500
Honda,Fit,2008,173105,1500 cc,Manual,Petrol,Kisumu,Locally Used,1312500
BMW,X3,2009,173278,2000 cc,Automatic,Diesel,Nairobi,Foreign Used,3780000
Audi,A4,2010,173451,2000 cc,Automatic,Diesel,Mombasa,Foreign Used,3607500
Toyota,Premio,2011,173624,1800 cc,Automatic,Petrol,Nairobi,Foreign Used,1995000
Subaru,Outback,2012,173797,2500 cc,Automatic,Petrol,Nairobi,Locally Used,2340000
Mazda,CX-5,2013,173970,2200 cc,Automatic,Diesel,Mombasa,Foreign Used,2850000
Mercedes-Benz,C200,2014,174143,2000 cc,Automatic,Petrol,Nairobi,Foreign Used,3587499
Nissan,X-Trail,2015,174316,2000 cc,Automatic,Petrol,Nakuru,Locally Used,1837500
Honda,Fit,2016,174489,1500 cc,Manual,Petrol,Kisumu,Locally Used,1612500
BMW,X3,2017,174662,2000 cc,Automatic,Diesel,Nairobi,Foreign Used,4620000
Audi,A4,2018,174835,2000 cc,Automatic,Diesel,Mombasa,Foreign Used,4387500
Toyota,Premio,2019,175008,1800 cc,Automatic,Petrol,Nairobi,Foreign Used,2415000
Subaru,Outback,2020,175181,2500 cc,Automatic,Petrol,Nairobi,Locally Used,2820000
Mazda,CX-5,2021,175354,2200 cc,Automatic,Diesel,Mombasa,Foreign Used,3420000
Mercedes-Benz,C200,2022,175527,2000 cc,Automatic,Petrol,Nairobi,Foreign Used,4287500
Nissan,X-Trail,2008,175700,2000 cc,Automatic,Petrol,Nakuru,Locally Used,1312500
Honda,Fit,2009,175873,1500 cc,Manual,Petrol,Kisumu,Locally Used,1162500
BMW,X3,2010,176046,2000 cc,Automatic,Diesel,Nairobi,Foreign Used,3360000
Audi,A4,2011,176219,2000 cc,Automatic,Diesel,Mombasa,Foreign Used,3217500
Toyota,Premio,2012,176392,1800 cc,Automatic,Petrol,Nairobi,Foreign Used,1785000
Subaru,Outback,2013,176565,2500 cc,Automatic,Petrol,Nairobi,Locally Used,2100000
Mazda,CX-5,2014,176738,2200 cc,Automatic,Diesel,Mombasa,Foreign Used,2565000
Mercedes-Benz,C200,2015,176911,2000 cc,Automatic,Petrol,Nairobi,Foreign Used,3237500
Nissan,X-Trail,2016,177084,2000 cc,Automatic,Petrol,Nakuru,Locally Used,1662500
Honda,Fit,2017,177257,1500 cc,Manual,Petrol,Kisumu,Locally Used,1462500
BMW,X3,2018,177430,2000 cc,Automatic,Diesel,Nairobi,Foreign Used,4200000
Audi,A4,2019,177603,2000 cc,Automatic,Diesel,Mombasa,Foreign Used,3997499
Toyota,Premio,2020,177776,1800 cc,Automatic,Petrol,Nairobi,Foreign Used,2205000
Subaru,Outback,2021,177949,2500 cc,Automatic,Petrol,Nairobi,Locally Used,2580000
Mazda,CX-5,2022,178122,2200 cc,Automatic,Diesel,Mombasa,Foreign Used,3135000
Mercedes-Benz,C200,2008,178295,2000 cc,Automatic,Petrol,Nairobi,Foreign Used,3937500
Nissan,X-Trail,2009,178468,2000 cc,Automatic,Petrol,Nakuru,Locally Used,2012499
Honda,Fit,2010,178641,1500 cc,Manual,Petrol,Kisumu,Locally Used,1762500
BMW,X3,2011,178814,2000 cc,Automatic,Diesel,Nairobi,Foreign Used,5040000
Audi,A4,2012,178987,2000 cc,Automatic,Diesel,Mombasa,Foreign Used,4777500
Toyota,Premio,2013,179160,1800 cc,Automatic,Petrol,Nairobi,Foreign Used,1575000
Subaru,Outback,2014,179333,2500 cc,Automatic,Petrol,Nairobi,Locally Used,1860000
Mazda,CX-5,2015,179506,2200 cc,Automatic,Diesel,Mombasa,Foreign Used,2280000
Mercedes-Benz,C200,2016,179679,2000 cc,Automatic,Petrol,Nairobi,Foreign Used,2887500
Nissan,X-Trail,2017,179852,2000 cc,Automatic,Petrol,Nakuru,Locally Used,1487500
Honda,Fit,2018,180025,1500 cc,Manual,Petrol,Kisumu,Locally Used,1312500
BMW,X3,2019,180198,2000 cc,Automatic,Diesel,Nairobi,Foreign Used,3780000
Audi,A4,2020,180371,2000 cc,Automatic,Diesel,Mombasa,Foreign Used,3607500
Toyota,Premio,2021,180544,1800 cc,Automatic,Petrol,Nairobi,Foreign Used,1995000
Subaru,Outback,2022,180717,2500 cc,Automatic,Petrol,Nairobi,Locally Used,2340000
Mazda,CX-5,2008,180890,2200 cc,Automatic,Diesel,Mombasa,Foreign Used,2850000
Mercedes-Benz,C200,2009,181063,2000 cc,Automatic,Petrol,Nairobi,Foreign Used,3587499
Nissan,X-Trail,2010,181236,2000 cc,Automatic,Petrol,Nakuru,Locally Used,1837500
Honda,Fit,2011,181409,1500 cc,Manual,Petrol,Kisumu,Locally Used,1612500
BMW,X3,2012,181582,2000 cc,Automatic,Diesel,Nairobi,Foreign Used,4620000
Audi,A4,2013,181755,2000 cc,Automatic,Diesel,Mombasa,Foreign Used,4387500
Toyota,Premio,2014,181928,1800 cc,Automatic,Petrol,Nairobi,Foreign Used,2415000
Subaru,Outback,2015,182101,2500 cc,Automatic,Petrol,Nairobi,Locally Used,2820000
Mazda,CX-5,2016,182274,2200 cc,Automatic,Diesel,Mombasa,Foreign Used,3420000
Mercedes-Benz,C200,2017,182447,2000 cc,Automatic,Petrol,Nairobi,Foreign Used,4287500
Nissan,X-Trail,2018,182620,2000 cc,Automatic,Petrol,Nakuru,Locally Used,1312500
Honda,Fit,2019,182793,1500 cc,Manual,Petrol,Kisumu,Locally Used,1162500
BMW,X3,2020,182966,2000 cc,Automatic,Diesel,Nairobi,Foreign Used,3360000
Audi,A4,2021,183139,2000 cc,Automatic,Diesel,Mombasa,Foreign Used,3217500
Toyota,Premio,2022,183312,1800 cc,Automatic,Petrol,Nairobi,Foreign Used,1785000
Subaru,Outback,2008,183485,2500 cc,Automatic,Petrol,Nairobi,Locally Used,2100000
Mazda,CX-5,2009,183658,2200 cc,Automatic,Diesel,Mombasa,Foreign Used,2565000
Mercedes-Benz,C200,2010,183831,2000 cc,Automatic,Petrol,Nairobi,Foreign Used,3237500
Nissan,X-Trail,2011,184004,2000 cc,Automatic,Petrol,Nakuru,Locally Used,1662500
Honda,Fit,2012,184177,1500 cc,Manual,Petrol,Kisumu,Locally Used,1462500
BMW,X3,2013,184350,2000 cc,Automatic,Diesel,Nairobi,Foreign Used,4200000
Audi,A4,2014,184523,2000 cc,Automatic,Diesel,Mombasa,Foreign Used,3997499
Toyota,Premio,2015,184696,1800 cc,Automatic,Petrol,Nairobi,Foreign Used,2205000
Subaru,Outback,2016,184869,2500 cc,Automatic,Petrol,Nairobi,Locally Used,2580000
Mazda,CX-5,2017,185042,2200 cc,Automatic,Diesel,Mombasa,Foreign Used,3135000
Mercedes-Benz,C200,2018,185215,2000 cc,Automatic,Petrol,Nairobi,Foreign Used,3937500
Nissan,X-Trail,2019,185388,2000 cc,Automatic,Petrol,Nakuru,Locally Used,2012499
Honda,Fit,2020,185561,1500 cc,Manual,Petrol,Kisumu,Locally Used,1762500
BMW,X3,2021,185734,2000 cc,Automatic,Diesel,Nairobi,Foreign Used,5040000
Audi,A4,2022,185907,2000 cc,Automatic,Diesel,Mombasa,Foreign Used,4777500
Toyota,Premio,2008,186080,1800 cc,Automatic,Petrol,Nairobi,Foreign Used,1575000
Subaru,Outback,2009,186253,2500 cc,Automatic,Petrol,Nairobi,Locally Used,1860000
Mazda,CX-5,2010,186426,2200 cc,Automatic,Diesel,Mombasa,Foreign Used,2280000
Mercedes-Benz,C200,2011,186599,2000 cc,Automatic,Petrol,Nairobi,Foreign Used,2887500
Nissan,X-Trail,2012,186772,2000 cc,Automatic,Petrol,Nakuru,Locally Used,1487500
Honda,Fit,2013,186945,1500 cc,Manual,Petrol,Kisumu,Locally Used,1312500
BMW,X3,2014,187118,2000 cc,Automatic,Diesel,Nairobi,Foreign Used,3780000
Audi,A4,2015,187291,2000 cc,Automatic,Diesel,Mombasa,Foreign Used,3607500
Toyota,Premio,2016,187464,1800 cc,Automatic,Petrol,Nairobi,Foreign Used,1995000
Subaru,Outback,2017,187637,2500 cc,Automatic,Petrol,Nairobi,Locally Used,2340000
Mazda,CX-5,2018,187810,2200 cc,Automatic,Diesel,Mombasa,Foreign Used,2850000
Mercedes-Benz,C200,2019,187983,2000 cc,Automatic,Petrol,Nairobi,Foreign Used,3587499
Nissan,X-Trail,2020,188156,2000 cc,Automatic,Petrol,Nakuru,Locally Used,1837500
Honda,Fit,2021,188329,1500 cc,Manual,Petrol,Kisumu,Locally Used,1612500
BMW,X3,2022,188502,2000 cc,Automatic,Diesel,Nairobi,Foreign Used,4620000
Audi,A4,2008,188675,2000 cc,Automatic,Diesel,Mombasa,Foreign Used,4387500
Toyota,Premio,2009,188848,1800 cc,Automatic,Petrol,Nairobi,Foreign Used,2415000
Subaru,Outback,2010,189021,2500 cc,Automatic,Petrol,Nairobi,Locally Used,2820000
Mazda,CX-5,2011,189194,2200 cc,Automatic,Diesel,Mombasa,Foreign Used,3420000
Mercedes-Benz,C200,2012,189367,2000 cc,Automatic,Petrol,Nairobi,Foreign Used,4287500
Nissan,X-Trail,2013,189540,2000 cc,Automatic,Petrol,Nakuru,Locally Used,1312500
Honda,Fit,2014,189713,1500 cc,Manual,Petrol,Kisumu,Locally Used,1162500
BMW,X3,2015,189886,2000 cc,Automatic,Diesel,Nairobi,Foreign Used,3360000
Audi,A4,2016,190059,2000 cc,Automatic,Diesel,Mombasa,Foreign Used,3217500
Toyota,Premio,2017,190232,1800 cc,Automatic,Petrol,Nairobi,Foreign Used,1785000
Subaru,Outback,2018,190405,2500 cc,Automatic,Petrol,Nairobi,Locally Used,2100000
Mazda,CX-5,2019,190578,2200 cc,Automatic,Diesel,Mombasa,Foreign Used,2565000
Mercedes-Benz,C200,2020,190751,2000 cc,Automatic,Petrol,Nairobi,Foreign Used,3237500
Nissan,X-Trail,2021,190924,2000 cc,Automatic,Petrol,Nakuru,Locally Used,1662500
Honda,Fit,2022,191097,1500 cc,Manual,Petrol,Kisumu,Locally Used,1462500
BMW,X3,2008,191270,2000 cc,Automatic,Diesel,Nairobi,Foreign Used,4200000
Audi,A4,2009,191443,2000 cc,Automatic,Diesel,Mombasa,Foreign Used,3997499
Toyota,Premio,2010,191616,1800 cc,Automatic,Petrol,Nairobi,Foreign Used,2205000
Subaru,Outback,2011,191789,2500 cc,Automatic,Petrol,Nairobi,Locally Used,2580000
Mazda,CX-5,2012,191962,2200 cc,Automatic,Diesel,Mombasa,Foreign Used,3135000
Mercedes-Benz,C200,2013,192135,2000 cc,Automatic,Petrol,Nairobi,Foreign Used,3937500
Nissan,X-Trail,2014,192308,2000 cc,Automatic,Petrol,Nakuru,Locally Used,2012499
Honda,Fit,2015,192481,1500 cc,Manual,Petrol,Kisumu,Locally Used,1762500
BMW,X3,2016,192654,2000 cc,Automatic,Diesel,Nairobi,Foreign Used,5040000
Audi,A4,2017,192827,2000 cc,Automatic,Diesel,Mombasa,Foreign Used,4777500
Toyota,Premio,2018,193000,1800 cc,Automatic,Petrol,Nairobi,Foreign Used,1575000
Subaru,Outback,2019,193173,2500 cc,Automatic,Petrol,Nairobi,Locally Used,1860000
Mazda,CX-5,2020,193346,2200 cc,Automatic,Diesel,Mombasa,Foreign Used,2280000
Mercedes-Benz,C200,2021,193519,2000 cc,Automatic,Petrol,Nairobi,Foreign Used,2887500
Nissan,X-Trail,2022,193692,2000 cc,Automatic,Petrol,Nakuru,Locally Used,1487500
Honda,Fit,2008,193865,1500 cc,Manual,Petrol,Kisumu,Locally Used,1312500
BMW,X3,2009,194038,2000 cc,Automatic,Diesel,Nairobi,Foreign Used,3780000
Audi,A4,2010,194211,2000 cc,Automatic,Diesel,Mombasa,Foreign Used,3607500
Toyota,Premio,2011,194384,1800 cc,Automatic,Petrol,Nairobi,Foreign Used,1995000
Subaru,Outback,2012,194557,2500 cc,Automatic,Petrol,Nairobi,Locally Used,2340000
Mazda,CX-5,2013,194730,2200 cc,Automatic,Diesel,Mombasa,Foreign Used,2850000
Mercedes-Benz,C200,2014,194903,2000 cc,Automatic,Petrol,Nairobi,Foreign Used,3587499
Nissan,X-Trail,2015,195076,2000 cc,Automatic,Petrol,Nakuru,Locally Used,1837500
Honda,Fit,2016,195249,1500 cc,Manual,Petrol,Kisumu,Locally Used,1612500
BMW,X3,2017,195422,2000 cc,Automatic,Diesel,Nairobi,Foreign Used,4620000
Audi,A4,2018,195595,2000 cc,Automatic,Diesel,Mombasa,Foreign Used,4387500
Toyota,Premio,2019,195768,1800 cc,Automatic,Petrol,Nairobi,Foreign Used,2415000
Subaru,Outback,2020,195941,2500 cc,Automatic,Petrol,Nairobi,Locally Used,2820000
Mazda,CX-5,2021,196114,2200 cc,Automatic,Diesel,Mombasa,Foreign Used,3420000
Mercedes-Benz,C200,2022,196287,2000 cc,Automatic,Petrol,Nairobi,Foreign Used,4287500
Nissan,X-Trail,2008,196460,2000 cc,Automatic,Petrol,Nakuru,Locally Used,1312500
Honda,Fit,2009,196633,1500 cc,Manual,Petrol,Kisumu,Locally Used,1162500
BMW,X3,2010,196806,2000 cc,Automatic,Diesel,Nairobi,Foreign Used,3360000
Audi,A4,2011,196979,2000 cc,Automatic,Diesel,Mombasa,Foreign Used,3217500
Toyota,Premio,2012,197152,1800 cc,Automatic,Petrol,Nairobi,Foreign Used,1785000
Subaru,Outback,2013,197325,2500 cc,Automatic,Petrol,Nairobi,Locally Used,2100000
Mazda,CX-5,2014,197498,2200 cc,Automatic,Diesel,Mombasa,Foreign Used,2565000
Mercedes-Benz,C200,2015,197671,2000 cc,Automatic,Petrol,Nairobi,Foreign Used,3237500
Nissan,X-Trail,2016,197844,2000 cc,Automatic,Petrol,Nakuru,Locally Used,1662500
Honda,Fit,2017,198017,1500 cc,Manual,Petrol,Kisumu,Locally Used,1462500
BMW,X3,2018,198190,2000 cc,Automatic,Diesel,Nairobi,Foreign Used,4200000
Audi,A4,2019,198363,2000 cc,Automatic,Diesel,Mombasa,Foreign Used,3997499
Toyota,Premio,2020,198536,1800 cc,Automatic,Petrol,Nairobi,Foreign Used,2205000
Subaru,Outback,2021,198709,2500 cc,Automatic,Petrol,Nairobi,Locally Used,2580000
Mazda,CX-5,2022,198882,2200 cc,Automatic,Diesel,Mombasa,Foreign Used,3135000
Mercedes-Benz,C200,2008,199055,2000 cc,Automatic,Petrol,Nairobi,Foreign Used,3937500
Nissan,X-Trail,2009,199228,2000 cc,Automatic,Petrol,Nakuru,Locally Used,2012499
Honda,Fit,2010,199401,1500 cc,Manual,Petrol,Kisumu,Locally Used,1762500
BMW,X3,2011,199574,2000 cc,Automatic,Diesel,Nairobi,Foreign Used,5040000
Audi,A4,2012,199747,2000 cc,Automatic,Diesel,Mombasa,Foreign Used,4777500
Toyota,Premio,2013,199920,1800 cc,Automatic,Petrol,Nairobi,Foreign Used,1575000
Subaru,Outback,2014,20093,2500 cc,Automatic,Petrol,Nairobi,Locally Used,1860000
Mazda,CX-5,2015,20266,2200 cc,Automatic,Diesel,Mombasa,Foreign Used,2280000
Mercedes-Benz,C200,2016,20439,2000 cc,Automatic,Petrol,Nairobi,Foreign Used,2887500
Nissan,X-Trail,2017,20612,2000 cc,Automatic,Petrol,Nakuru,Locally Used,1487500
Honda,Fit,2018,20785,1500 cc,Manual,Petrol,Kisumu,Locally Used,1312500
BMW,X3,2019,20958,2000 cc,Automatic,Diesel,Nairobi,Foreign Used,3780000
Audi,A4,2020,21131,2000 cc,Automatic,Diesel,Mombasa,Foreign Used,3607500
Toyota,Premio,2021,21304,1800 cc,Automatic,Petrol,Nairobi,Foreign Used,1995000
Subaru,Outback,2022,21477,2500 cc,Automatic,Petrol,Nairobi,Locally Used,2340000
Mazda,CX-5,2008,21650,2200 cc,Automatic,Diesel,Mombasa,Foreign Used,2850000
Mercedes-Benz,C200,2009,21823,2000 cc,Automatic,Petrol,Nairobi,Foreign Used,3587499
Nissan,X-Trail,2010,21996,2000 cc,Automatic,Petrol,Nakuru,Locally Used,1837500
Honda,Fit,2011,22169,1500 cc,Manual,Petrol,Kisumu,Locally Used,1612500
BMW,X3,2012,22342,2000 cc,Automatic,Diesel,Nairobi,Foreign Used,4620000
Audi,A4,2013,22515,2000 cc,Automatic,Diesel,Mombasa,Foreign Used,4387500
Toyota,Premio,2014,22688,1800 cc,Automatic,Petrol,Nairobi,Foreign Used,2415000
Subaru,Outback,2015,22861,2500 cc,Automatic,Petrol,Nairobi,Locally Used,2820000
Mazda,CX-5,2016,23034,2200 cc,Automatic,Diesel,Mombasa,Foreign Used,3420000
Mercedes-Benz,C200,2017,23207,2000 cc,Automatic,Petrol,Nairobi,Foreign Used,4287500
Nissan,X-Trail,2018,23380,2000 cc,Automatic,Petrol,Nakuru,Locally Used,1312500
Honda,Fit,2019,23553,1500 cc,Manual,Petrol,Kisumu,Locally Used,1162500
BMW,X3,2020,23726,2000 cc,Automatic,Diesel,Nairobi,Foreign Used,3360000
Audi,A4,2021,23899,2000 cc,Automatic,Diesel,Mombasa,Foreign Used,3217500
Toyota,Premio,2022,24072,1800 cc,Automatic,Petrol,Nairobi,Foreign Used,1785000
Subaru,Outback,2008,24245,2500 cc,Automatic,Petrol,Nairobi,Locally Used,2100000
Mazda,CX-5,2009,24418,2200 cc,Automatic,Diesel,Mombasa,Foreign Used,2565000
Mercedes-Benz,C200,2010,24591,2000 cc,Automatic,Petrol,Nairobi,Foreign Used,3237500
Nissan,X-Trail,2011,24764,2000 cc,Automatic,Petrol,Nakuru,Locally Used,1662500
Honda,Fit,2012,24937,1500 cc,Manual,Petrol,Kisumu,Locally Used,1462500
BMW,X3,2013,25110,2000 cc,Automatic,Diesel,Nairobi,Foreign Used,4200000
Audi,A4,2014,25283,2000 cc,Automatic,Diesel,Mombasa,Foreign Used,3997499
Toyota,Premio,2015,25456,1800 cc,Automatic,Petrol,Nairobi,Foreign Used,2205000
Subaru,Outback,2016,25629,2500 cc,Automatic,Petrol,Nairobi,Locally Used,2580000
Mazda,CX-5,2017,25802,2200 cc,Automatic,Diesel,Mombasa,Foreign Used,3135000
Mercedes-Benz,C200,2018,25975,2000 cc,Automatic,Petrol,Nairobi,Foreign Used,3937500
Nissan,X-Trail,2019,26148,2000 cc,Automatic,Petrol,Nakuru,Locally Used,2012499
Honda,Fit,2020,26321,1500 cc,Manual,Petrol,Kisumu,Locally Used,1762500
BMW,X3,2021,26494,2000 cc,Automatic,Diesel,Nairobi,Foreign Used,5040000
Audi,A4,2022,26667,2000 cc,Automatic,Diesel,Mombasa,Foreign Used,4777500
Toyota,Premio,2008,26840,1800 cc,Automatic,Petrol,Nairobi,Foreign Used,1575000
Subaru,Outback,2009,27013,2500 cc,Automatic,Petrol,Nairobi,Locally Used,1860000
Mazda,CX-5,2010,27186,2200 cc,Automatic,Diesel,Mombasa,Foreign Used,2280000
Mercedes-Benz,C200,2011,27359,2000 cc,Automatic,Petrol,Nairobi,Foreign Used,2887500
Nissan,X-Trail,2012,27532,2000 cc,Automatic,Petrol,Nakuru,Locally Used,1487500
Honda,Fit,2013,27705,1500 cc,Manual,Petrol,Kisumu,Locally Used,1312500
BMW,X3,2014,27878,2000 cc,Automatic,Diesel,Nairobi,Foreign Used,3780000
Audi,A4,2015,28051,2000 cc,Automatic,Diesel,Mombasa,Foreign Used,3607500
Toyota,Premio,2016,28224,1800 cc,Automatic,Petrol,Nairobi,Foreign Used,1995000
Subaru,Outback,2017,28397,2500 cc,Automatic,Petrol,Nairobi,Locally Used,2340000
Mazda,CX-5,2018,28570,2200 cc,Automatic,Diesel,Mombasa,Foreign Used,2850000
Mercedes-Benz,C200,2019,28743,2000 cc,Automatic,Petrol,Nairobi,Foreign Used,3587499
Nissan,X-Trail,2020,28916,2000 cc,Automatic,Petrol,Nakuru,Locally Used,1837500
Honda,Fit,2021,29089,1500 cc,Manual,Petrol,Kisumu,Locally Used,1612500
BMW,X3,2022,29262,2000 cc,Automatic,Diesel,Nairobi,Foreign Used,4620000
Audi,A4,2008,29435,2000 cc,Automatic,Diesel,Mombasa,Foreign Used,4387500
Toyota,Premio,2009,29608,1800 cc,Automatic,Petrol,Nairobi,Foreign Used,2415000
Subaru,Outback,2010,29781,2500 cc,Automatic,Petrol,Nairobi,Locally Used,2820000
Mazda,CX-5,2011,29954,2200 cc,Automatic,Diesel,Mombasa,Foreign Used,3420000
Mercedes-Benz,C200,2012,30127,2000 cc,Automatic,Petrol,Nairobi,Foreign Used,4287500
Nissan,X-Trail,2013,30300,2000 cc,Automatic,Petrol,Nakuru,Locally Used,1312500
Honda,Fit,2014,30473,1500 cc,Manual,Petrol,Kisumu,Locally Used,1162500
BMW,X3,2015,30646,2000 cc,Automatic,Diesel,Nairobi,Foreign Used,3360000
Audi,A4,2016,30819,2000 cc,Automatic,Diesel,Mombasa,Foreign Used,3217500
Toyota,Premio,2017,30992,1800 cc,Automatic,Petrol,Nairobi,Foreign Used,1785000
Subaru,Outback,2018,31165,2500 cc,Automatic,Petrol,Nairobi,Locally Used,2100000
Mazda,CX-5,2019,31338,2200 cc,Automatic,Diesel,Mombasa,Foreign Used,2565000
Mercedes-Benz,C200,2020,31511,2000 cc,Automatic,Petrol,Nairobi,Foreign Used,3237500
Nissan,X-Trail,2021,31684,2000 cc,Automatic,Petrol,Nakuru,Locally Used,1662500
Honda,Fit,2022,31857,1500 cc,Manual,Petrol,Kisumu,Locally Used,1462500
BMW,X3,2008,32030,2000 cc,Automatic,Diesel,Nairobi,Foreign Used,4200000
Audi,A4,2009,32203,2000 cc,Automatic,Diesel,Mombasa,Foreign Used,3997499
Toyota,Premio,2010,32376,1800 cc,Automatic,Petrol,Nairobi,Foreign Used,2205000
Subaru,Outback,2011,32549,2500 cc,Automatic,Petrol,Nairobi,Locally Used,2580000
Mazda,CX-5,2012,32722,2200 cc,Automatic,Diesel,Mombasa,Foreign Used,3135000
Mercedes-Benz,C200,2013,32895,2000 cc,Automatic,Petrol,Nairobi,Foreign Used,3937500
Nissan,X-Trail,2014,33068,2000 cc,Automatic,Petrol,Nakuru,Locally Used,2012499
Honda,Fit,2015,33241,1500 cc,Manual,Petrol,Kisumu,Locally Used,1762500
BMW,X3,2016,33414,2000 cc,Automatic,Diesel,Nairobi,Foreign Used,5040000
Audi,A4,2017,33587,2000 cc,Automatic,Diesel,Mombasa,Foreign Used,4777500
Toyota,Premio,2018,33760,1800 cc,Automatic,Petrol,Nairobi,Foreign Used,1575000
Subaru,Outback,2019,33933,2500 cc,Automatic,Petrol,Nairobi,Locally Used,1860000
Mazda,CX-5,2020,34106,2200 cc,Automatic,Diesel,Mombasa,Foreign Used,2280000
Mercedes-Benz,C200,2021,34279,2000 cc,Automatic,Petrol,Nairobi,Foreign Used,2887500
Nissan,X-Trail,2022,34452,2000 cc,Automatic,Petrol,Nakuru,Locally Used,1487500
Honda,Fit,2008,34625,1500 cc,Manual,Petrol,Kisumu,Locally Used,1312500
BMW,X3,2009,34798,2000 cc,Automatic,Diesel,Nairobi,Foreign Used,3780000
Audi,A4,2010,34971,2000 cc,Automatic,Diesel,Mombasa,Foreign Used,3607500
Toyota,Premio,2011,35144,1800 cc,Automatic,Petrol,Nairobi,Foreign Used,1995000
Subaru,Outback,2012,35317,2500 cc,Automatic,Petrol,Nairobi,Locally Used,2340000
Mazda,CX-5,2013,35490,2200 cc,Automatic,Diesel,Mombasa,Foreign Used,2850000
Mercedes-Benz,C200,2014,35663,2000 cc,Automatic,Petrol,Nairobi,Foreign Used,3587499
Nissan,X-Trail,2015,35836,2000 cc,Automatic,Petrol,Nakuru,Locally Used,1837500
Honda,Fit,2016,36009,1500 cc,Manual,Petrol,Kisumu,Locally Used,1612500
BMW,X3,2017,36182,2000 cc,Automatic,Diesel,Nairobi,Foreign Used,4620000
Audi,A4,2018,36355,2000 cc,Automatic,Diesel,Mombasa,Foreign Used,4387500
Toyota,Premio,2019,36528,1800 cc,Automatic,Petrol,Nairobi,Foreign Used,2415000
Subaru,Outback,2020,36701,2500 cc,Automatic,Petrol,Nairobi,Locally Used,2820000
Mazda,CX-5,2021,36874,2200 cc,Automatic,Diesel,Mombasa,Foreign Used,3420000
Mercedes-Benz,C200,2022,37047,2000 cc,Automatic,Petrol,Nairobi,Foreign Used,4287500
Nissan,X-Trail,2008,37220,2000 cc,Automatic,Petrol,Nakuru,Locally Used,1312500
Honda,Fit,2009,37393,1500 cc,Manual,Petrol,Kisumu,Locally Used,1162500
BMW,X3,2010,37566,2000 cc,Automatic,Diesel,Nairobi,Foreign Used,3360000
Audi,A4,2011,37739,2000 cc,Automatic,Diesel,Mombasa,Foreign Used,3217500
Toyota,Premio,2012,37912,1800 cc,Automatic,Petrol,Nairobi,Foreign Used,1785000
Subaru,Outback,2013,38085,2500 cc,Automatic,Petrol,Nairobi,Locally Used,2100000
Mazda,CX-5,2014,38258,2200 cc,Automatic,Diesel,Mombasa,Foreign Used,2565000
Mercedes-Benz,C200,2015,38431,2000 cc,Automatic,Petrol,Nairobi,Foreign Used,3237500
Nissan,X-Trail,2016,38604,2000 cc,Automatic,Petrol,Nakuru,Locally Used,1662500
Honda,Fit,2017,38777,1500 cc,Manual,Petrol,Kisumu,Locally Used,1462500
BMW,X3,2018,38950,2000 cc,Automatic,Diesel,Nairobi,Foreign Used,4200000
Audi,A4,2019,39123,2000 cc,Automatic,Diesel,Mombasa,Foreign Used,3997499
Toyota,Premio,2020,39296,1800 cc,Automatic,Petrol,Nairobi,Foreign Used,2205000
Subaru,Outback,2021,39469,2500 cc,Automatic,Petrol,Nairobi,Locally Used,2580000
Mazda,CX-5,2022,39642,2200 cc,Automatic,Diesel,Mombasa,Foreign Used,3135000
Mercedes-Benz,C200,2008,39815,2000 cc,Automatic,Petrol,Nairobi,Foreign Used,3937500
Nissan,X-Trail,2009,39988,2000 cc,Automatic,Petrol,Nakuru,Locally Used,2012499
Honda,Fit,2010,40161,1500 cc,Manual,Petrol,Kisumu,Locally Used,1762500
BMW,X3,2011,40334,2000 cc,Automatic,Diesel,Nairobi,Foreign Used,5040000
Audi,A4,2012,40507,2000 cc,Automatic,Diesel,Mombasa,Foreign Used,4777500
Toyota,Premio,2013,40680,1800 cc,Automatic,Petrol,Nairobi,Foreign Used,1575000
Subaru,Outback,2014,40853,2500 cc,Automatic,Petrol,Nairobi,Locally Used,1860000
Mazda,CX-5,2015,41026,2200 cc,Automatic,Diesel,Mombasa,Foreign Used,2280000
Mercedes-Benz,C200,2016,41199,2000 cc,Automatic,Petrol,Nairobi,Foreign Used,2887500
Nissan,X-Trail,2017,41372,2000 cc,Automatic,Petrol,Nakuru,Locally Used,1487500
Honda,Fit,2018,41545,1500 cc,Manual,Petrol,Kisumu,Locally Used,1312500
BMW,X3,2019,41718,2000 cc,Automatic,Diesel,Nairobi,Foreign Used,3780000
Audi,A4,2020,41891,2000 cc,Automatic,Diesel,Mombasa,Foreign Used,3607500
Toyota,Premio,2021,42064,1800 cc,Automatic,Petrol,Nairobi,Foreign Used,1995000
Subaru,Outback,2022,42237,2500 cc,Automatic,Petrol,Nairobi,Locally Used,2340000
Mazda,CX-5,2008,42410,2200 cc,Automatic,Diesel,Mombasa,Foreign Used,2850000
Mercedes-Benz,C200,2009,42583,2000 cc,Automatic,Petrol,Nairobi,Foreign Used,3587499
Nissan,X-Trail,2010,42756,2000 cc,Automatic,Petrol,Nakuru,Locally Used,1837500
Honda,Fit,2011,42929,1500 cc,Manual,Petrol,Kisumu,Locally Used,1612500
BMW,X3,2012,43102,2000 cc,Automatic,Diesel,Nairobi,Foreign Used,4620000
Audi,A4,2013,43275,2000 cc,Automatic,Diesel,Mombasa,Foreign Used,4387500
Toyota,Premio,2014,43448,1800 cc,Automatic,Petrol,Nairobi,Foreign Used,2415000
Subaru,Outback,2015,43621,2500 cc,Automatic,Petrol,Nairobi,Locally Used,2820000
Mazda,CX-5,2016,43794,2200 cc,Automatic,Diesel,Mombasa,Foreign Used,3420000
Mercedes-Benz,C200,2017,43967,2000 cc,Automatic,Petrol,Nairobi,Foreign Used,4287500
Nissan,X-Trail,2018,44140,2000 cc,Automatic,Petrol,Nakuru,Locally Used,1312500
Honda,Fit,2019,44313,1500 cc,Manual,Petrol,Kisumu,Locally Used,1162500
BMW,X3,2020,44486,2000 cc,Automatic,Diesel,Nairobi,Foreign Used,3360000
Audi,A4,2021,44659,2000 cc,Automatic,Diesel,Mombasa,Foreign Used,3217500
Toyota,Premio,2022,44832,1800 cc,Automatic,Petrol,Nairobi,Foreign Used,1785000
Subaru,Outback,2008,45005,2500 cc,Automatic,Petrol,Nairobi,Locally Used,2100000
Mazda,CX-5,2009,45178,2200 cc,Automatic,Diesel,Mombasa,Foreign Used,2565000
Mercedes-Benz,C200,2010,45351,2000 cc,Automatic,Petrol,Nairobi,Foreign Used,3237500
Nissan,X-Trail,2011,45524,2000 cc,Automatic,Petrol,Nakuru,Locally Used,1662500
Honda,Fit,2012,45697,1500 cc,Manual,Petrol,Kisumu,Locally Used,1462500
BMW,X3,2013,45870,2000 cc,Automatic,Diesel,Nairobi,Foreign Used,4200000
Audi,A4,2014,46043,2000 cc,Automatic,Diesel,Mombasa,Foreign Used,3997499
Toyota,Premio,2015,46216,1800 cc,Automatic,Petrol,Nairobi,Foreign Used,2205000
Subaru,Outback,2016,46389,2500 cc,Automatic,Petrol,Nairobi,Locally Used,2580000
Mazda,CX-5,2017,46562,2200 cc,Automatic,Diesel,Mombasa,Foreign Used,3135000
Mercedes-Benz,C200,2018,46735,2000 cc,Automatic,Petrol,Nairobi,Foreign Used,3937500
Nissan,X-Trail,2019,46908,2000 cc,Automatic,Petrol,Nakuru,Locally Used,2012499
Honda,Fit,2020,47081,1500 cc,Manual,Petrol,Kisumu,Locally Used,1762500
BMW,X3,2021,47254,2000 cc,Automatic,Diesel,Nairobi,Foreign Used,5040000
Audi,A4,2022,47427,2000 cc,Automatic,Diesel,Mombasa,Foreign Used,4777500
Toyota,Premio,2008,47600,1800 cc,Automatic,Petrol,Nairobi,Foreign Used,1575000
Subaru,Outback,2009,47773,2500 cc,Automatic,Petrol,Nairobi,Locally Used,1860000
Mazda,CX-5,2010,47946,2200 cc,Automatic,Diesel,Mombasa,Foreign Used,2280000
Mercedes-Benz,C200,2011,48119,2000 cc,Automatic,Petrol,Nairobi,Foreign Used,2887500
Nissan,X-Trail,2012,48292,2000 cc,Automatic,Petrol,Nakuru,Locally Used,1487500
Honda,Fit,2013,48465,1500 cc,Manual,Petrol,Kisumu,Locally Used,1312500
BMW,X3,2014,48638,2000 cc,Automatic,Diesel,Nairobi,Foreign Used,3780000
Audi,A4,2015,48811,2000 cc,Automatic,Diesel,Mombasa,Foreign Used,3607500
Toyota,Premio,2016,48984,1800 cc,Automatic,Petrol,Nairobi,Foreign Used,1995000
Subaru,Outback,2017,49157,2500 cc,Automatic,Petrol,Nairobi,Locally Used,2340000
Mazda,CX-5,2018,49330,2200 cc,Automatic,Diesel,Mombasa,Foreign Used,2850000
Mercedes-Benz,C200,2019,49503,2000 cc,Automatic,Petrol,Nairobi,Foreign Used,3587499
Nissan,X-Trail,2020,49676,2000 cc,Automatic,Petrol,Nakuru,Locally Used,1837500
Honda,Fit,2021,49849,1500 cc,Manual,Petrol,Kisumu,Locally Used,1612500
BMW,X3,2022,50022,2000 cc,Automatic,Diesel,Nairobi,Foreign Used,4620000
Audi,A4,2008,50195,2000 cc,Automatic,Diesel,Mombasa,Foreign Used,4387500
Toyota,Premio,2009,50368,1800 cc,Automatic,Petrol,Nairobi,Foreign Used,2415000
Subaru,Outback,2010,50541,2500 cc,Automatic,Petrol,Nairobi,Locally Used,2820000
Mazda,CX-5,2011,50714,2200 cc,Automatic,Diesel,Mombasa,Foreign Used,3420000
Mercedes-Benz,C200,2012,50887,2000 cc,Automatic,Petrol,Nairobi,Foreign Used,4287500
Nissan,X-Trail,2013,51060,2000 cc,Automatic,Petrol,Nakuru,Locally Used,1312500
Honda,Fit,2014,51233,1500 cc,Manual,Petrol,Kisumu,Locally Used,1162500
BMW,X3,2015,51406,2000 cc,Automatic,Diesel,Nairobi,Foreign Used,3360000
Audi,A4,2016,51579,2000 cc,Automatic,Diesel,Mombasa,Foreign Used,3217500
Toyota,Premio,2017,51752,1800 cc,Automatic,Petrol,Nairobi,Foreign Used,1785000
Subaru,Outback,2018,51925,2500 cc,Automatic,Petrol,Nairobi,Locally Used,2100000
Mazda,CX-5,2019,52098,2200 cc,Automatic,Diesel,Mombasa,Foreign Used,2565000
Mercedes-Benz,C200,2020,52271,2000 cc,Automatic,Petrol,Nairobi,Foreign Used,3237500
Nissan,X-Trail,2021,52444,2000 cc,Automatic,Petrol,Nakuru,Locally Used,1662500
Honda,Fit,2022,52617,1500 cc,Manual,Petrol,Kisumu,Locally Used,1462500
BMW,X3,2008,52790,2000 cc,Automatic,Diesel,Nairobi,Foreign Used,4200000
Audi,A4,2009,52963,2000 cc,Automatic,Diesel,Mombasa,Foreign Used,3997499
Toyota,Premio,2010,53136,1800 cc,Automatic,Petrol,Nairobi,Foreign Used,2205000
Subaru,Outback,2011,53309,2500 cc,Automatic,Petrol,Nairobi,Locally Used,2580000
Mazda,CX-5,2012,53482,2200 cc,Automatic,Diesel,Mombasa,Foreign Used,3135000
Mercedes-Benz,C200,2013,53655,2000 cc,Automatic,Petrol,Nairobi,Foreign Used,3937500
Nissan,X-Trail,2014,53828,2000 cc,Automatic,Petrol,Nakuru,Locally Used,2012499
Honda,Fit,2015,54001,1500 cc,Manual,Petrol,Kisumu,Locally Used,1762500
BMW,X3,2016,54174,2000 cc,Automatic,Diesel,Nairobi,Foreign Used,5040000
Audi,A4,2017,54347,2000 cc,Automatic,Diesel,Mombasa,Foreign Used,4777500
Toyota,Premio,2018,54520,1800 cc,Automatic,Petrol,Nairobi,Foreign Used,1575000
Subaru,Outback,2019,54693,2500 cc,Automatic,Petrol,Nairobi,Locally Used,1860000
Mazda,CX-5,2020,54866,2200 cc,Automatic,Diesel,Mombasa,Foreign Used,2280000
Mercedes-Benz,C200,2021,55039,2000 cc,Automatic,Petrol,Nairobi,Foreign Used,2887500
Nissan,X-Trail,2022,55212,2000 cc,Automatic,Petrol,Nakuru,Locally Used,1487500
Honda,Fit,2008,55385,1500 cc,Manual,Petrol,Kisumu,Locally Used,1312500
BMW,X3,2009,55558,2000 cc,Automatic,Diesel,Nairobi,Foreign Used,3780000
Audi,A4,2010,55731,2000 cc,Automatic,Diesel,Mombasa,Foreign Used,3607500
Toyota,Premio,2011,55904,1800 cc,Automatic,Petrol,Nairobi,Foreign Used,1995000
Subaru,Outback,2012,56077,2500 cc,Automatic,Petrol,Nairobi,Locally Used,2340000
Mazda,CX-5,2013,56250,2200 cc,Automatic,Diesel,Mombasa,Foreign Used,2850000
Mercedes-Benz,C200,2014,56423,2000 cc,Automatic,Petrol,Nairobi,Foreign Used,3587499
Nissan,X-Trail,2015,56596,2000 cc,Automatic,Petrol,Nakuru,Locally Used,1837500
Honda,Fit,2016,56769,1500 cc,Manual,Petrol,Kisumu,Locally Used,1612500
BMW,X3,2017,56942,2000 cc,Automatic,Diesel,Nairobi,Foreign Used,4620000
Audi,A4,2018,57115,2000 cc,Automatic,Diesel,Mombasa,Foreign Used,4387500
Toyota,Premio,2019,57288,1800 cc,Automatic,Petrol,Nairobi,Foreign Used,2415000
Subaru,Outback,2020,57461,2500 cc,Automatic,Petrol,Nairobi,Locally Used,2820000
Mazda,CX-5,2021,57634,2200 cc,Automatic,Diesel,Mombasa,Foreign Used,3420000
Mercedes-Benz,C200,2022,57807,2000 cc,Automatic,Petrol,Nairobi,Foreign Used,4287500
Nissan,X-Trail,2008,57980,2000 cc,Automatic,Petrol,Nakuru,Locally Used,1312500
Honda,Fit,2009,58153,1500 cc,Manual,Petrol,Kisumu,Locally Used,1162500
BMW,X3,2010,58326,2000 cc,Automatic,Diesel,Nairobi,Foreign Used,3360000
Audi,A4,2011,58499,2000 cc,Automatic,Diesel,Mombasa,Foreign Used,3217500
Toyota,Premio,2012,58672,1800 cc,Automatic,Petrol,Nairobi,Foreign Used,1785000
Subaru,Outback,2013,58845,2500 cc,Automatic,Petrol,Nairobi,Locally Used,2100000
Mazda,CX-5,2014,59018,2200 cc,Automatic,Diesel,Mombasa,Foreign Used,2565000
Mercedes-Benz,C200,2015,59191,2000 cc,Automatic,Petrol,Nairobi,Foreign Used,3237500
Nissan,X-Trail,2016,59364,2000 cc,Automatic,Petrol,Nakuru,Locally Used,1662500
Honda,Fit,2017,59537,1500 cc,Manual,Petrol,Kisumu,Locally Used,1462500
BMW,X3,2018,59710,2000 cc,Automatic,Diesel,Nairobi,Foreign Used,4200000
Audi,A4,2019,59883,2000 cc,Automatic,Diesel,Mombasa,Foreign Used,3997499
Toyota,Premio,2020,60056,1800 cc,Automatic,Petrol,Nairobi,Foreign Used,2205000
Subaru,Outback,2021,60229,2500 cc,Automatic,Petrol,Nairobi,Locally Used,2580000
Mazda,CX-5,2022,60402,2200 cc,Automatic,Diesel,Mombasa,Foreign Used,3135000
Mercedes-Benz,C200,2008,60575,2000 cc,Automatic,Petrol,Nairobi,Foreign Used,3937500
Nissan,X-Trail,2009,60748,2000 cc,Automatic,Petrol,Nakuru,Locally Used,2012499
Honda,Fit,2010,60921,1500 cc,Manual,Petrol,Kisumu,Locally Used,1762500
BMW,X3,2011,61094,2000 cc,Automatic,Diesel,Nairobi,Foreign Used,5040000
Audi,A4,2012,61267,2000 cc,Automatic,Diesel,Mombasa,Foreign Used,4777500
Toyota,Premio,2013,61440,1800 cc,Automatic,Petrol,Nairobi,Foreign Used,1575000
Subaru,Outback,2014,61613,2500 cc,Automatic,Petrol,Nairobi,Locally Used,1860000
Mazda,CX-5,2015,61786,2200 cc,Automatic,Diesel,Mombasa,Foreign Used,2280000
Mercedes-Benz,C200,2016,61959,2000 cc,Automatic,Petrol,Nairobi,Foreign Used,2887500
Nissan,X-Trail,2017,62132,2000 cc,Automatic,Petrol,Nakuru,Locally Used,1487500
Honda,Fit,2018,62305,1500 cc,Manual,Petrol,Kisumu,Locally Used,1312500
BMW,X3,2019,62478,2000 cc,Automatic,Diesel,Nairobi,Foreign Used,3780000
Audi,A4,2020,62651,2000 cc,Automatic,Diesel,Mombasa,Foreign Used,3607500
Toyota,Premio,2021,62824,1800 cc,Automatic,Petrol,Nairobi,Foreign Used,1995000
Subaru,Outback,2022,62997,2500 cc,Automatic,Petrol,Nairobi,Locally Used,2340000
Mazda,CX-5,2008,63170,2200 cc,Automatic,Diesel,Mombasa,Foreign Used,2850000
Mercedes-Benz,C200,2009,63343,2000 cc,Automatic,Petrol,Nairobi,Foreign Used,3587499
Nissan,X-Trail,2010,63516,2000 cc,Automatic,Petrol,Nakuru,Locally Used,1837500
Honda,Fit,2011,63689,1500 cc,Manual,Petrol,Kisumu,Locally Used,1612500
BMW,X3,2012,63862,2000 cc,Automatic,Diesel,Nairobi,Foreign Used,4620000
Audi,A4,2013,64035,2000 cc,Automatic,Diesel,Mombasa,Foreign Used,4387500
Toyota,Premio,2014,64208,1800 cc,Automatic,Petrol,Nairobi,Foreign Used,2415000
Subaru,Outback,2015,64381,2500 cc,Automatic,Petrol,Nairobi,Locally Used,2820000
Mazda,CX-5,2016,64554,2200 cc,Automatic,Diesel,Mombasa,Foreign Used,3420000
Mercedes-Benz,C200,2017,64727,2000 cc,Automatic,Petrol,Nairobi,Foreign Used,4287500
Nissan,X-Trail,2018,64900,2000 cc,Automatic,Petrol,Nakuru,Locally Used,1312500
Honda,Fit,2019,65073,1500 cc,Manual,Petrol,Kisumu,Locally Used,1162500
BMW,X3,2020,65246,2000 cc,Automatic,Diesel,Nairobi,Foreign Used,3360000
Audi,A4,2021,65419,2000 cc,Automatic,Diesel,Mombasa,Foreign Used,3217500
Toyota,Premio,2022,65592,1800 cc,Automatic,Petrol,Nairobi,Foreign Used,1785000
Subaru,Outback,2008,65765,2500 cc,Automatic,Petrol,Nairobi,Locally Used,2100000
Mazda,CX-5,2009,65938,2200 cc,Automatic,Diesel,Mombasa,Foreign Used,2565000
Mercedes-Benz,C200,2010,66111,2000 cc,Automatic,Petrol,Nairobi,Foreign Used,3237500
Nissan,X-Trail,2011,66284,2000 cc,Automatic,Petrol,Nakuru,Locally Used,1662500
Honda,Fit,2012,66457,1500 cc,Manual,Petrol,Kisumu,Locally Used,1462500
BMW,X3,2013,66630,2000 cc,Automatic,Diesel,Nairobi,Foreign Used,4200000
Audi,A4,2014,66803,2000 cc,Automatic,Diesel,Mombasa,Foreign Used,3997499
Toyota,Premio,2015,66976,1800 cc,Automatic,Petrol,Nairobi,Foreign Used,2205000
Subaru,Outback,2016,67149,2500 cc,Automatic,Petrol,Nairobi,Locally Used,2580000
Mazda,CX-5,2017,67322,2200 cc,Automatic,Diesel,Mombasa,Foreign Used,3135000
Mercedes-Benz,C200,2018,67495,2000 cc,Automatic,Petrol,Nairobi,Foreign Used,3937500
Nissan,X-Trail,2019,67668,2000 cc,Automatic,Petrol,Nakuru,Locally Used,2012499
Honda,Fit,2020,67841,1500 cc,Manual,Petrol,Kisumu,Locally Used,1762500
BMW,X3,2021,68014,2000 cc,Automatic,Diesel,Nairobi,Foreign Used,5040000
Audi,A4,2022,68187,2000 cc,Automatic,Diesel,Mombasa,Foreign Used,4777500
Toyota,Premio,2008,68360,1800 cc,Automatic,Petrol,Nairobi,Foreign Used,1575000
Subaru,Outback,2009,68533,2500 cc,Automatic,Petrol,Nairobi,Locally Used,1860000
Mazda,CX-5,2010,68706,2200 cc,Automatic,Diesel,Mombasa,Foreign Used,2280000
Mercedes-Benz,C200,2011,68879,2000 cc,Automatic,Petrol,Nairobi,Foreign Used,2887500
Nissan,X-Trail,2012,69052,2000 cc,Automatic,Petrol,Nakuru,Locally Used,1487500
Honda,Fit,2013,69225,1500 cc,Manual,Petrol,Kisumu,Locally Used,1312500
BMW,X3,2014,69398,2000 cc,Automatic,Diesel,Nairobi,Foreign Used,3780000
Audi,A4,2015,69571,2000 cc,Automatic,Diesel,Mombasa,Foreign Used,3607500
Toyota,Premio,2016,69744,1800 cc,Automatic,Petrol,Nairobi,Foreign Used,1995000
Subaru,Outback,2017,69917,2500 cc,Automatic,Petrol,Nairobi,Locally Used,2340000
Mazda,CX-5,2018,70090,2200 cc,Automatic,Diesel,Mombasa,Foreign Used,2850000
Mercedes-Benz,C200,2019,70263,2000 cc,Automatic,Petrol,Nairobi,Foreign Used,3587499
Nissan,X-Trail,2020,70436,2000 cc,Automatic,Petrol,Nakuru,Locally Used,1837500
Honda,Fit,2021,70609,1500 cc,Manual,Petrol,Kisumu,Locally Used,1612500
BMW,X3,2022,70782,2000 cc,Automatic,Diesel,Nairobi,Foreign Used,4620000
Audi,A4,2008,70955,2000 cc,Automatic,Diesel,Mombasa,Foreign Used,4387500
Toyota,Premio,2009,71128,1800 cc,Automatic,Petrol,Nairobi,Foreign Used,2415000
Subaru,Outback,2010,71301,2500 cc,Automatic,Petrol,Nairobi,Locally Used,2820000
Mazda,CX-5,2011,71474,2200 cc,Automatic,Diesel,Mombasa,Foreign Used,3420000
Mercedes-Benz,C200,2012,71647,2000 cc,Automatic,Petrol,Nairobi,Foreign Used,4287500
Nissan,X-Trail,2013,71820,2000 cc,Automatic,Petrol,Nakuru,Locally Used,1312500
Honda,Fit,2014,71993,1500 cc,Manual,Petrol,Kisumu,Locally Used,1162500
BMW,X3,2015,72166,2000 cc,Automatic,Diesel,Nairobi,Foreign Used,3360000
Audi,A4,2016,72339,2000 cc,Automatic,Diesel,Mombasa,Foreign Used,3217500
Toyota,Premio,2017,72512,1800 cc,Automatic,Petrol,Nairobi,Foreign Used,1785000
Subaru,Outback,2018,72685,2500 cc,Automatic,Petrol,Nairobi,Locally Used,2100000
Mazda,CX-5,2019,72858,2200 cc,Automatic,Diesel,Mombasa,Foreign Used,2565000
Mercedes-Benz,C200,2020,73031,2000 cc,Automatic,Petrol,Nairobi,Foreign Used,3237500
Nissan,X-Trail,2021,73204,2000 cc,Automatic,Petrol,Nakuru,Locally Used,1662500
Honda,Fit,2022,73377,1500 cc,Manual,Petrol,Kisumu,Locally Used,1462500
BMW,X3,2008,73550,2000 cc,Automatic,Diesel,Nairobi,Foreign Used,4200000
Audi,A4,2009,73723,2000 cc,Automatic,Diesel,Mombasa,Foreign Used,3997499
Toyota,Premio,2010,73896,1800 cc,Automatic,Petrol,Nairobi,Foreign Used,2205000
Subaru,Outback,2011,74069,2500 cc,Automatic,Petrol,Nairobi,Locally Used,2580000
Mazda,CX-5,2012,74242,2200 cc,Automatic,Diesel,Mombasa,Foreign Used,3135000
Mercedes-Benz,C200,2013,74415,2000 cc,Automatic,Petrol,Nairobi,Foreign Used,3937500
Nissan,X-Trail,2014,74588,2000 cc,Automatic,Petrol,Nakuru,Locally Used,2012499
Honda,Fit,2015,74761,1500 cc,Manual,Petrol,Kisumu,Locally Used,1762500
BMW,X3,2016,74934,2000 cc,Automatic,Diesel,Nairobi,Foreign Used,5040000
Audi,A4,2017,75107,2000 cc,Automatic,Diesel,Mombasa,Foreign Used,4777500
Toyota,Premio,2018,75280,1800 cc,Automatic,Petrol,Nairobi,Foreign Used,1575000
Subaru,Outback,2019,75453,2500 cc,Automatic,Petrol,Nairobi,Locally Used,1860000
Mazda,CX-5,2020,75626,2200 cc,Automatic,Diesel,Mombasa,Foreign Used,2280000
Mercedes-Benz,C200,2021,75799,2000 cc,Automatic,Petrol,Nairobi,Foreign Used,2887500
Nissan,X-Trail,2022,75972,2000 cc,Automatic,Petrol,Nakuru,Locally Used,1487500
Honda,Fit,2008,76145,1500 cc,Manual,Petrol,Kisumu,Locally Used,1312500
BMW,X3,2009,76318,2000 cc,Automatic,Diesel,Nairobi,Foreign Used,3780000
Audi,A4,2010,76491,2000 cc,Automatic,Diesel,Mombasa,Foreign Used,3607500
Toyota,Premio,2011,76664,1800 cc,Automatic,Petrol,Nairobi,Foreign Used,1995000
Subaru,Outback,2012,76837,2500 cc,Automatic,Petrol,Nairobi,Locally Used,2340000
Mazda,CX-5,2013,77010,2200 cc,Automatic,Diesel,Mombasa,Foreign Used,2850000
Mercedes-Benz,C200,2014,77183,2000 cc,Automatic,Petrol,Nairobi,Foreign Used,3587499
Nissan,X-Trail,2015,77356,2000 cc,Automatic,Petrol,Nakuru,Locally Used,1837500
Honda,Fit,2016,77529,1500 cc,Manual,Petrol,Kisumu,Locally Used,1612500
BMW,X3,2017,77702,2000 cc,Automatic,Diesel,Nairobi,Foreign Used,4620000
Audi,A4,2018,77875,2000 cc,Automatic,Diesel,Mombasa,Foreign Used,4387500
Toyota,Premio,2019,78048,1800 cc,Automatic,Petrol,Nairobi,Foreign Used,2415000
Subaru,Outback,2020,78221,2500 cc,Automatic,Petrol,Nairobi,Locally Used,2820000
Mazda,CX-5,2021,78394,2200 cc,Automatic,Diesel,Mombasa,Foreign Used,3420000
Mercedes-Benz,C200,2022,78567,2000 cc,Automatic,Petrol,Nairobi,Foreign Used,4287500
Nissan,X-Trail,2008,78740,2000 cc,Automatic,Petrol,Nakuru,Locally Used,1312500
Honda,Fit,2009,78913,1500 cc,Manual,Petrol,Kisumu,Locally Used,1162500
BMW,X3,2010,79086,2000 cc,Automatic,Diesel,Nairobi,Foreign Used,3360000
Audi,A4,2011,79259,2000 cc,Automatic,Diesel,Mombasa,Foreign Used,3217500
Toyota,Premio,2012,79432,1800 cc,Automatic,Petrol,Nairobi,Foreign Used,1785000
Subaru,Outback,2013,79605,2500 cc,Automatic,Petrol,Nairobi,Locally Used,2100000
Mazda,CX-5,2014,79778,2200 cc,Automatic,Diesel,Mombasa,Foreign Used,2565000
Mercedes-Benz,C200,2015,79951,2000 cc,Automatic,Petrol,Nairobi,Foreign Used,3237500
Nissan,X-Trail,2016,80124,2000 cc,Automatic,Petrol,Nakuru,Locally Used,1662500
Honda,Fit,2017,80297,1500 cc,Manual,Petrol,Kisumu,Locally Used,1462500
BMW,X3,2018,80470,2000 cc,Automatic,Diesel,Nairobi,Foreign Used,4200000
Audi,A4,2019,80643,2000 cc,Automatic,Diesel,Mombasa,Foreign Used,3997499
Toyota,Premio,2020,80816,1800 cc,Automatic,Petrol,Nairobi,Foreign Used,2205000
Subaru,Outback,2021,80989,2500 cc,Automatic,Petrol,Nairobi,Locally Used,2580000
Mazda,CX-5,2022,81162,2200 cc,Automatic,Diesel,Mombasa,Foreign Used,3135000
Mercedes-Benz,C200,2008,81335,2000 cc,Automatic,Petrol,Nairobi,Foreign Used,3937500
Nissan,X-Trail,2009,81508,2000 cc,Automatic,Petrol,Nakuru,Locally Used,2012499
Honda,Fit,2010,81681,1500 cc,Manual,Petrol,Kisumu,Locally Used,1762500
BMW,X3,2011,81854,2000 cc,Automatic,Diesel,Nairobi,Foreign Used,5040000
Audi,A4,2012,82027,2000 cc,Automatic,Diesel,Mombasa,Foreign Used,4777500
Toyota,Premio,2013,82200,1800 cc,Automatic,Petrol,Nairobi,Foreign Used,1575000
Subaru,Outback,2014,82373,2500 cc,Automatic,Petrol,Nairobi,Locally Used,1860000
Mazda,CX-5,2015,82546,2200 cc,Automatic,Diesel,Mombasa,Foreign Used,2280000
Mercedes-Benz,C200,2016,82719,2000 cc,Automatic,Petrol,Nairobi,Foreign Used,2887500
Nissan,X-Trail,2017,82892,2000 cc,Automatic,Petrol,Nakuru,Locally Used,1487500
Honda,Fit,2018,83065,1500 cc,Manual,Petrol,Kisumu,Locally Used,1312500
BMW,X3,2019,83238,2000 cc,Automatic,Diesel,Nairobi,Foreign Used,3780000
Audi,A4,2020,83411,2000 cc,Automatic,Diesel,Mombasa,Foreign Used,3607500
Toyota,Premio,2021,83584,1800 cc,Automatic,Petrol,Nairobi,Foreign Used,1995000
Subaru,Outback,2022,83757,2500 cc,Automatic,Petrol,Nairobi,Locally Used,2340000
Mazda,CX-5,2008,83930,2200 cc,Automatic,Diesel,Mombasa,Foreign Used,2850000
Mercedes-Benz,C200,2009,84103,2000 cc,Automatic,Petrol,Nairobi,Foreign Used,3587499
Nissan,X-Trail,2010,84276,2000 cc,Automatic,Petrol,Nakuru,Locally Used,1837500
Honda,Fit,2011,84449,1500 cc,Manual,Petrol,Kisumu,Locally Used,1612500
BMW,X3,2012,84622,2000 cc,Automatic,Diesel,Nairobi,Foreign Used,4620000
Audi,A4,2013,84795,2000 cc,Automatic,Diesel,Mombasa,Foreign Used,4387500
Toyota,Premio,2014,84968,1800 cc,Automatic,Petrol,Nairobi,Foreign Used,2415000
Subaru,Outback,2015,85141,2500 cc,Automatic,Petrol,Nairobi,Locally Used,2820000
Mazda,CX-5,2016,85314,2200 cc,Automatic,Diesel,Mombasa,Foreign Used,3420000
Mercedes-Benz,C200,2017,85487,2000 cc,Automatic,Petrol,Nairobi,Foreign Used,4287500
Nissan,X-Trail,2018,85660,2000 cc,Automatic,Petrol,Nakuru,Locally Used,1312500
Honda,Fit,2019,85833,1500 cc,Manual,Petrol,Kisumu,Locally Used,1162500
BMW,X3,2020,86006,2000 cc,Automatic,Diesel,Nairobi,Foreign Used,3360000
Audi,A4,2021,86179,2000 cc,Automatic,Diesel,Mombasa,Foreign Used,3217500
Toyota,Premio,2022,86352,1800 cc,Automatic,Petrol,Nairobi,Foreign Used,1785000
Subaru,Outback,2008,86525,2500 cc,Automatic,Petrol,Nairobi,Locally Used,2100000
Mazda,CX-5,2009,86698,2200 cc,Automatic,Diesel,Mombasa,Foreign Used,2565000
Mercedes-Benz,C200,2010,86871,2000 cc,Automatic,Petrol,Nairobi,Foreign Used,3237500
Nissan,X-Trail,2011,87044,2000 cc,Automatic,Petrol,Nakuru,Locally Used,1662500
Honda,Fit,2012,87217,1500 cc,Manual,Petrol,Kisumu,Locally Used,1462500
BMW,X3,2013,87390,2000 cc,Automatic,Diesel,Nairobi,Foreign Used,4200000
Audi,A4,2014,87563,2000 cc,Automatic,Diesel,Mombasa,Foreign Used,3997499
Toyota,Premio,2015,87736,1800 cc,Automatic,Petrol,Nairobi,Foreign Used,2205000
Subaru,Outback,2016,87909,2500 cc,Automatic,Petrol,Nairobi,Locally Used,2580000
Mazda,CX-5,2017,88082,2200 cc,Automatic,Diesel,Mombasa,Foreign Used,3135000
Mercedes-Benz,C200,2018,88255,2000 cc,Automatic,Petrol,Nairobi,Foreign Used,3937500
Nissan,X-Trail,2019,88428,2000 cc,Automatic,Petrol,Nakuru,Locally Used,2012499
Honda,Fit,2020,88601,1500 cc,Manual,Petrol,Kisumu,Locally Used,1762500
BMW,X3,2021,88774,2000 cc,Automatic,Diesel,Nairobi,Foreign Used,5040000
Audi,A4,2022,88947,2000 cc,Automatic,Diesel,Mombasa,Foreign Used,4777500
Toyota,Premio,2008,89120,1800 cc,Automatic,Petrol,Nairobi,Foreign Used,1575000
Subaru,Outback,2009,89293,2500 cc,Automatic,Petrol,Nairobi,Locally Used,1860000
Mazda,CX-5,2010,89466,2200 cc,Automatic,Diesel,Mombasa,Foreign Used,2280000
Mercedes-Benz,C200,2011,89639,2000 cc,Automatic,Petrol,Nairobi,Foreign Used,2887500
Nissan,X-Trail,2012,89812,2000 cc,Automatic,Petrol,Nakuru,Locally Used,1487500
Honda,Fit,2013,89985,1500 cc,Manual,Petrol,Kisumu,Locally Used,1312500
BMW,X3,2014,90158,2000 cc,Automatic,Diesel,Nairobi,Foreign Used,3780000
Audi,A4,2015,90331,2000 cc,Automatic,Diesel,Mombasa,Foreign Used,3607500
Toyota,Premio,2016,90504,1800 cc,Automatic,Petrol,Nairobi,Foreign Used,1995000
Subaru,Outback,2017,90677,2500 cc,Automatic,Petrol,Nairobi,Locally Used,2340000
Mazda,CX-5,2018,90850,2200 cc,Automatic,Diesel,Mombasa,Foreign Used,2850000
Mercedes-Benz,C200,2019,91023,2000 cc,Automatic,Petrol,Nairobi,Foreign Used,3587499
Nissan,X-Trail,2020,91196,2000 cc,Automatic,Petrol,Nakuru,Locally Used,1837500
Honda,Fit,2021,91369,1500 cc,Manual,Petrol,Kisumu,Locally Used,1612500
BMW,X3,2022,91542,2000 cc,Automatic,Diesel,Nairobi,Foreign Used,4620000
Audi,A4,2008,91715,2000 cc,Automatic,Diesel,Mombasa,Foreign Used,4387500
Toyota,Premio,2009,91888,1800 cc,Automatic,Petrol,Nairobi,Foreign Used,2415000
Subaru,Outback,2010,92061,2500 cc,Automatic,Petrol,Nairobi,Locally Used,2820000
Mazda,CX-5,2011,92234,2200 cc,Automatic,Diesel,Mombasa,Foreign Used,3420000
Mercedes-Benz,C200,2012,92407,2000 cc,Automatic,Petrol,Nairobi,Foreign Used,4287500
Nissan,X-Trail,2013,92580,2000 cc,Automatic,Petrol,Nakuru,Locally Used,1312500
Honda,Fit,2014,92753,1500 cc,Manual,Petrol,Kisumu,Locally Used,1162500
BMW,X3,2015,92926,2000 cc,Automatic,Diesel,Nairobi,Foreign Used,3360000
Audi,A4,2016,93099,2000 cc,Automatic,Diesel,Mombasa,Foreign Used,3217500
Toyota,Premio,2017,93272,1800 cc,Automatic,Petrol,Nairobi,Foreign Used,1785000
Subaru,Outback,2018,93445,2500 cc,Automatic,Petrol,Nairobi,Locally Used,2100000
Mazda,CX-5,2019,93618,2200 cc,Automatic,Diesel,Mombasa,Foreign Used,2565000
Mercedes-Benz,C200,2020,93791,2000 cc,Automatic,Petrol,Nairobi,Foreign Used,3237500
Nissan,X-Trail,2021,93964,2000 cc,Automatic,Petrol,Nakuru,Locally Used,1662500
Honda,Fit,2022,94137,1500 cc,Manual,Petrol,Kisumu,Locally Used,1462500
BMW,X3,2008,94310,2000 cc,Automatic,Diesel,Nairobi,Foreign Used,4200000
Audi,A4,2009,94483,2000 cc,Automatic,Diesel,Mombasa,Foreign Used,3997499
Toyota,Premio,2010,94656,1800 cc,Automatic,Petrol,Nairobi,Foreign Used,2205000
Subaru,Outback,2011,94829,2500 cc,Automatic,Petrol,Nairobi,Locally Used,2580000
Mazda,CX-5,2012,95002,2200 cc,Automatic,Diesel,Mombasa,Foreign Used,3135000
Mercedes-Benz,C200,2013,95175,2000 cc,Automatic,Petrol,Nairobi,Foreign Used,3937500
Nissan,X-Trail,2014,95348,2000 cc,Automatic,Petrol,Nakuru,Locally Used,2012499
Honda,Fit,2015,95521,1500 cc,Manual,Petrol,Kisumu,Locally Used,1762500
BMW,X3,2016,95694,2000 cc,Automatic,Diesel,Nairobi,Foreign Used,5040000
Audi,A4,2017,95867,2000 cc,Automatic,Diesel,Mombasa,Foreign Used,4777500
Toyota,Premio,2018,96040,1800 cc,Automatic,Petrol,Nairobi,Foreign Used,1575000
Subaru,Outback,2019,96213,2500 cc,Automatic,Petrol,Nairobi,Locally Used,1860000
Mazda,CX-5,2020,96386,2200 cc,Automatic,Diesel,Mombasa,Foreign Used,2280000
Mercedes-Benz,C200,2021,96559,2000 cc,Automatic,Petrol,Nairobi,Foreign Used,2887500
Nissan,X-Trail,2022,96732,2000 cc,Automatic,Petrol,Nakuru,Locally Used,1487500
Honda,Fit,2008,96905,1500 cc,Manual,Petrol,Kisumu,Locally Used,1312500
BMW,X3,2009,97078,2000 cc,Automatic,Diesel,Nairobi,Foreign Used,3780000
Audi,A4,2010,97251,2000 cc,Automatic,Diesel,Mombasa,Foreign Used,3607500
Toyota,Premio,2011,97424,1800 cc,Automatic,Petrol,Nairobi,Foreign Used,1995000
Subaru,Outback,2012,97597,2500 cc,Automatic,Petrol,Nairobi,Locally Used,2340000
Mazda,CX-5,2013,97770,2200 cc,Automatic,Diesel,Mombasa,Foreign Used,2850000
Mercedes-Benz,C200,2014,97943,2000 cc,Automatic,Petrol,Nairobi,Foreign Used,3587499
Nissan,X-Trail,2015,98116,2000 cc,Automatic,Petrol,Nakuru,Locally Used,1837500
Honda,Fit,2016,98289,1500 cc,Manual,Petrol,Kisumu,Locally Used,1612500
BMW,X3,2017,98462,2000 cc,Automatic,Diesel,Nairobi,Foreign Used,4620000
Audi,A4,2018,98635,2000 cc,Automatic,Diesel,Mombasa,Foreign Used,4387500
Toyota,Premio,2019,98808,1800 cc,Automatic,Petrol,Nairobi,Foreign Used,2415000
Subaru,Outback,2020,98981,2500 cc,Automatic,Petrol,Nairobi,Locally Used,2820000
Mazda,CX-5,2021,99154,2200 cc,Automatic,Diesel,Mombasa,Foreign Used,3420000
Mercedes-Benz,C200,2022,99327,2000 cc,Automatic,Petrol,Nairobi,Foreign Used,4287500
Nissan,X-Trail,2008,99500,2000 cc,Automatic,Petrol,Nakuru,Locally Used,1312500
Honda,Fit,2009,99673,1500 cc,Manual,Petrol,Kisumu,Locally Used,1162500
BMW,X3,2010,99846,2000 cc,Automatic,Diesel,Nairobi,Foreign Used,3360000
Audi,A4,2011,100019,2000 cc,Automatic,Diesel,Mombasa,Foreign Used,3217500
Toyota,Premio,2012,100192,1800 cc,Automatic,Petrol,Nairobi,Foreign Used,1785000
Subaru,Outback,2013,100365,2500 cc,Automatic,Petrol,Nairobi,Locally Used,2100000
Mazda,CX-5,2014,100538,2200 cc,Automatic,Diesel,Mombasa,Foreign Used,2565000
Mercedes-Benz,C200,2015,100711,2000 cc,Automatic,Petrol,Nairobi,Foreign Used,3237500
Nissan,X-Trail,2016,100884,2000 cc,Automatic,Petrol,Nakuru,Locally Used,1662500
Honda,Fit,2017,101057,1500 cc,Manual,Petrol,Kisumu,Locally Used,1462500
BMW,X3,2018,101230,2000 cc,Automatic,Diesel,Nairobi,Foreign Used,4200000
Audi,A4,2019,101403,2000 cc,Automatic,Diesel,Mombasa,Foreign Used,3997499
Toyota,Premio,2020,101576,1800 cc,Automatic,Petrol,Nairobi,Foreign Used,2205000
Subaru,Outback,2021,101749,2500 cc,Automatic,Petrol,Nairobi,Locally Used,2580000
Mazda,CX-5,2022,101922,2200 cc,Automatic,Diesel,Mombasa,Foreign Used,3135000
Mercedes-Benz,C200,2008,102095,2000 cc,Automatic,Petrol,Nairobi,Foreign Used,3937500
Nissan,X-Trail,2009,102268,2000 cc,Automatic,Petrol,Nakuru,Locally Used,2012499
Honda,Fit,2010,102441,1500 cc,Manual,Petrol,Kisumu,Locally Used,1762500
BMW,X3,2011,102614,2000 cc,Automatic,Diesel,Nairobi,Foreign Used,5040000
Audi,A4,2012,102787,2000 cc,Automatic,Diesel,Mombasa,Foreign Used,4777500
Toyota,Premio,2013,102960,1800 cc,Automatic,Petrol,Nairobi,Foreign Used,1575000
Subaru,Outback,2014,103133,2500 cc,Automatic,Petrol,Nairobi,Locally Used,1860000
Mazda,CX-5,2015,103306,2200 cc,Automatic,Diesel,Mombasa,Foreign Used,2280000
Mercedes-Benz,C200,2016,103479,2000 cc,Automatic,Petrol,Nairobi,Foreign Used,2887500
Nissan,X-Trail,2017,103652,2000 cc,Automatic,Petrol,Nakuru,Locally Used,1487500
Honda,Fit,2018,103825,1500 cc,Manual,Petrol,Kisumu,Locally Used,1312500
BMW,X3,2019,103998,2000 cc,Automatic,Diesel,Nairobi,Foreign Used,3780000
Audi,A4,2020,104171,2000 cc,Automatic,Diesel,Mombasa,Foreign Used,3607500
Toyota,Premio,2021,104344,1800 cc,Automatic,Petrol,Nairobi,Foreign Used,1995000
Subaru,Outback,2022,104517,2500 cc,Automatic,Petrol,Nairobi,Locally Used,2340000
Mazda,CX-5,2008,104690,2200 cc,Automatic,Diesel,Mombasa,Foreign Used,2850000
Mercedes-Benz,C200,2009,104863,2000 cc,Automatic,Petrol,Nairobi,Foreign Used,3587499
Nissan,X-Trail,2010,105036,2000 cc,Automatic,Petrol,Nakuru,Locally Used,1837500
Honda,Fit,2011,105209,1500 cc,Manual,Petrol,Kisumu,Locally Used,1612500
BMW,X3,2012,105382,2000 cc,Automatic,Diesel,Nairobi,Foreign Used,4620000
Audi,A4,2013,105555,2000 cc,Automatic,Diesel,Mombasa,Foreign Used,4387500
Toyota,Premio,2014,105728,1800 cc,Automatic,Petrol,Nairobi,Foreign Used,2415000
Subaru,Outback,2015,105901,2500 cc,Automatic,Petrol,Nairobi,Locally Used,2820000
Mazda,CX-5,2016,106074,2200 cc,Automatic,Diesel,Mombasa,Foreign Used,3420000
Mercedes-Benz,C200,2017,106247,2000 cc,Automatic,Petrol,Nairobi,Foreign Used,4287500
Nissan,X-Trail,2018,106420,2000 cc,Automatic,Petrol,Nakuru,Locally Used,1312500
Honda,Fit,2019,106593,1500 cc,Manual,Petrol,Kisumu,Locally Used,1162500
BMW,X3,2020,106766,2000 cc,Automatic,Diesel,Nairobi,Foreign Used,3360000
Audi,A4,2021,106939,2000 cc,Automatic,Diesel,Mombasa,Foreign Used,3217500
Toyota,Premio,2022,107112,1800 cc,Automatic,Petrol,Nairobi,Foreign Used,1785000
Subaru,Outback,2008,107285,2500 cc,Automatic,Petrol,Nairobi,Locally Used,2100000
Mazda,CX-5,2009,107458,2200 cc,Automatic,Diesel,Mombasa,Foreign Used,2565000
Mercedes-Benz,C200,2010,107631,2000 cc,Automatic,Petrol,Nairobi,Foreign Used,3237500
Nissan,X-Trail,2011,107804,2000 cc,Automatic,Petrol,Nakuru,Locally Used,1662500
Honda,Fit,2012,107977,1500 cc,Manual,Petrol,Kisumu,Locally Used,1462500
BMW,X3,2013,108150,2000 cc,Automatic,Diesel,Nairobi,Foreign Used,4200000
Audi,A4,2014,108323,2000 cc,Automatic,Diesel,Mombasa,Foreign Used,3997499
Toyota,Premio,2015,108496,1800 cc,Automatic,Petrol,Nairobi,Foreign Used,2205000
Subaru,Outback,2016,108669,2500 cc,Automatic,Petrol,Nairobi,Locally Used,2580000
Mazda,CX-5,2017,108842,2200 cc,Automatic,Diesel,Mombasa,Foreign Used,3135000
Mercedes-Benz,C200,2018,109015,2000 cc,Automatic,Petrol,Nairobi,Foreign Used,3937500
Nissan,X-Trail,2019,109188,2000 cc,Automatic,Petrol,Nakuru,Locally Used,2012499
Honda,Fit,2020,109361,1500 cc,Manual,Petrol,Kisumu,Locally Used,1762500
BMW,X3,2021,109534,2000 cc,Automatic,Diesel,Nairobi,Foreign Used,5040000
Audi,A4,2022,109707,2000 cc,Automatic,Diesel,Mombasa,Foreign Used,4777500
Toyota,Premio,2008,109880,1800 cc,Automatic,Petrol,Nairobi,Foreign Used,1575000
Subaru,Outback,2009,110053,2500 cc,Automatic,Petrol,Nairobi,Locally Used,1860000
Mazda,CX-5,2010,110226,2200 cc,Automatic,Diesel,Mombasa,Foreign Used,2280000
Mercedes-Benz,C200,2011,110399,2000 cc,Automatic,Petrol,Nairobi,Foreign Used,2887500
Nissan,X-Trail,2012,110572,2000 cc,Automatic,Petrol,Nakuru,Locally Used,1487500
Honda,Fit,2013,110745,1500 cc,Manual,Petrol,Kisumu,Locally Used,1312500
BMW,X3,2014,110918,2000 cc,Automatic,Diesel,Nairobi,Foreign Used,3780000
Audi,A4,2015,111091,2000 cc,Automatic,Diesel,Mombasa,Foreign Used,3607500
Toyota,Premio,2016,111264,1800 cc,Automatic,Petrol,Nairobi,Foreign Used,1995000
Subaru,Outback,2017,111437,2500 cc,Automatic,Petrol,Nairobi,Locally Used,2340000
Mazda,CX-5,2018,111610,2200 cc,Automatic,Diesel,Mombasa,Foreign Used,2850000
Mercedes-Benz,C200,2019,111783,2000 cc,Automatic,Petrol,Nairobi,Foreign Used,3587499
Nissan,X-Trail,2020,111956,2000 cc,Automatic,Petrol,Nakuru,Locally Used,1837500
Honda,Fit,2021,112129,1500 cc,Manual,Petrol,Kisumu,Locally Used,1612500
BMW,X3,2022,112302,2000 cc,Automatic,Diesel,Nairobi,Foreign Used,4620000
Audi,A4,2008,112475,2000 cc,Automatic,Diesel,Mombasa,Foreign Used,4387500
Toyota,Premio,2009,112648,1800 cc,Automatic,Petrol,Nairobi,Foreign Used,2415000
Subaru,Outback,2010,112821,2500 cc,Automatic,Petrol,Nairobi,Locally Used,2820000
Mazda,CX-5,2011,112994,2200 cc,Automatic,Diesel,Mombasa,Foreign Used,3420000
Mercedes-Benz,C200,2012,113167,2000 cc,Automatic,Petrol,Nairobi,Foreign Used,4287500
Nissan,X-Trail,2013,113340,2000 cc,Automatic,Petrol,Nakuru,Locally Used,1312500
Honda,Fit,2014,113513,1500 cc,Manual,Petrol,Kisumu,Locally Used,1162500
BMW,X3,2015,113686,2000 cc,Automatic,Diesel,Nairobi,Foreign Used,3360000
Audi,A4,2016,113859,2000 cc,Automatic,Diesel,Mombasa,Foreign Used,3217500
Toyota,Premio,2017,114032,1800 cc,Automatic,Petrol,Nairobi,Foreign Used,1785000
Subaru,Outback,2018,114205,2500 cc,Automatic,Petrol,Nairobi,Locally Used,2100000
Mazda,CX-5,2019,114378,2200 cc,Automatic,Diesel,Mombasa,Foreign Used,2565000
Mercedes-Benz,C200,2020,114551,2000 cc,Automatic,Petrol,Nairobi,Foreign Used,3237500
Nissan,X-Trail,2021,114724,2000 cc,Automatic,Petrol,Nakuru,Locally Used,1662500
Honda,Fit,2022,114897,1500 cc,Manual,Petrol,Kisumu,Locally Used,1462500
BMW,X3,2008,115070,2000 cc,Automatic,Diesel,Nairobi,Foreign Used,4200000
Audi,A4,2009,115243,2000 cc,Automatic,Diesel,Mombasa,Foreign Used,3997499
Toyota,Premio,2010,115416,1800 cc,Automatic,Petrol,Nairobi,Foreign Used,2205000
Subaru,Outback,2011,115589,2500 cc,Automatic,Petrol,Nairobi,Locally Used,2580000
Mazda,CX-5,2012,115762,2200 cc,Automatic,Diesel,Mombasa,Foreign Used,3135000
Mercedes-Benz,C200,2013,115935,2000 cc,Automatic,Petrol,Nairobi,Foreign Used,3937500
Nissan,X-Trail,2014,116108,2000 cc,Automatic,Petrol,Nakuru,Locally Used,2012499
Honda,Fit,2015,116281,1500 cc,Manual,Petrol,Kisumu,Locally Used,1762500
BMW,X3,2016,116454,2000 cc,Automatic,Diesel,Nairobi,Foreign Used,5040000
Audi,A4,2017,116627,2000 cc,Automatic,Diesel,Mombasa,Foreign Used,4777500
Toyota,Premio,2018,116800,1800 cc,Automatic,Petrol,Nairobi,Foreign Used,1575000
Subaru,Outback,2019,116973,2500 cc,Automatic,Petrol,Nairobi,Locally Used,1860000
Mazda,CX-5,2020,117146,2200 cc,Automatic,Diesel,Mombasa,Foreign Used,2280000
Mercedes-Benz,C200,2021,117319,2000 cc,Automatic,Petrol,Nairobi,Foreign Used,2887500
Nissan,X-Trail,2022,117492,2000 cc,Automatic,Petrol,Nakuru,Locally Used,1487500
Honda,Fit,2008,117665,1500 cc,Manual,Petrol,Kisumu,Locally Used,1312500
BMW,X3,2009,117838,2000 cc,Automatic,Diesel,Nairobi,Foreign Used,3780000
Audi,A4,2010,118011,2000 cc,Automatic,Diesel,Mombasa,Foreign Used,3607500
Toyota,Premio,2011,118184,1800 cc,Automatic,Petrol,Nairobi,Foreign Used,1995000
Subaru,Outback,2012,118357,2500 cc,Automatic,Petrol,Nairobi,Locally Used,2340000
Mazda,CX-5,2013,118530,2200 cc,Automatic,Diesel,Mombasa,Foreign Used,2850000
Mercedes-Benz,C200,2014,118703,2000 cc,Automatic,Petrol,Nairobi,Foreign Used,3587499
Nissan,X-Trail,2015,118876,2000 cc,Automatic,Petrol,Nakuru,Locally Used,1837500
Honda,Fit,2016,119049,1500 cc,Manual,Petrol,Kisumu,Locally Used,1612500
BMW,X3,2017,119222,2000 cc,Automatic,Diesel,Nairobi,Foreign Used,4620000
Audi,A4,2018,119395,2000 cc,Automatic,Diesel,Mombasa,Foreign Used,4387500
Toyota,Premio,2019,119568,1800 cc,Automatic,Petrol,Nairobi,Foreign Used,2415000
Subaru,Outback,2020,119741,2500 cc,Automatic,Petrol,Nairobi,Locally Used,2820000
Mazda,CX-5,2021,119914,2200 cc,Automatic,Diesel,Mombasa,Foreign Used,3420000
Mercedes-Benz,C200,2022,120087,2000 cc,Automatic,Petrol,Nairobi,Foreign Used,4287500
Nissan,X-Trail,2008,120260,2000 cc,Automatic,Petrol,Nakuru,Locally Used,1312500
Honda,Fit,2009,120433,1500 cc,Manual,Petrol,Kisumu,Locally Used,1162500
BMW,X3,2010,120606,2000 cc,Automatic,Diesel,Nairobi,Foreign Used,3360000
Audi,A4,2011,120779,2000 cc,Automatic,Diesel,Mombasa,Foreign Used,3217500
Toyota,Premio,2012,120952,1800 cc,Automatic,Petrol,Nairobi,Foreign Used,1785000
Subaru,Outback,2013,121125,2500 cc,Automatic,Petrol,Nairobi,Locally Used,2100000
Mazda,CX-5,2014,121298,2200 cc,Automatic,Diesel,Mombasa,Foreign Used,2565000
Mercedes-Benz,C200,2015,121471,2000 cc,Automatic,Petrol,Nairobi,Foreign Used,3237500
Nissan,X-Trail,2016,121644,2000 cc,Automatic,Petrol,Nakuru,Locally Used,1662500
Honda,Fit,2017,121817,1500 cc,Manual,Petrol,Kisumu,Locally Used,1462500
BMW,X3,2018,121990,2000 cc,Automatic,Diesel,Nairobi,Foreign Used,4200000
Audi,A4,2019,122163,2000 cc,Automatic,Diesel,Mombasa,Foreign Used,3997499
Toyota,Premio,2020,122336,1800 cc,Automatic,Petrol,Nairobi,Foreign Used,2205000
Subaru,Outback,2021,122509,2500 cc,Automatic,Petrol,Nairobi,Locally Used,2580000
Mazda,CX-5,2022,122682,2200 cc,Automatic,Diesel,Mombasa,Foreign Used,3135000
Mercedes-Benz,C200,2008,122855,2000 cc,Automatic,Petrol,Nairobi,Foreign Used,3937500
Nissan,X-Trail,2009,123028,2000 cc,Automatic,Petrol,Nakuru,Locally Used,2012499
Honda,Fit,2010,123201,1500 cc,Manual,Petrol,Kisumu,Locally Used,1762500
BMW,X3,2011,123374,2000 cc,Automatic,Diesel,Nairobi,Foreign Used,5040000
Audi,A4,2012,123547,2000 cc,Automatic,Diesel,Mombasa,Foreign Used,4777500
Toyota,Premio,2013,123720,1800 cc,Automatic,Petrol,Nairobi,Foreign Used,1575000
Subaru,Outback,2014,123893,2500 cc,Automatic,Petrol,Nairobi,Locally Used,1860000
Mazda,CX-5,2015,124066,2200 cc,Automatic,Diesel,Mombasa,Foreign Used,2280000
Mercedes-Benz,C200,2016,124239,2000 cc,Automatic,Petrol,Nairobi,Foreign Used,2887500
Nissan,X-Trail,2017,124412,2000 cc,Automatic,Petrol,Nakuru,Locally Used,1487500
Honda,Fit,2018,124585,1500 cc,Manual,Petrol,Kisumu,Locally Used,1312500
BMW,X3,2019,124758,2000 cc,Automatic,Diesel,Nairobi,Foreign Used,3780000
Audi,A4,2020,124931,2000 cc,Automatic,Diesel,Mombasa,Foreign Used,3607500
Toyota,Premio,2021,125104,1800 cc,Automatic,Petrol,Nairobi,Foreign Used,1995000
Subaru,Outback,2022,125277,2500 cc,Automatic,Petrol,Nairobi,Locally Used,2340000
Mazda,CX-5,2008,125450,2200 cc,Automatic,Diesel,Mombasa,Foreign Used,2850000
Mercedes-Benz,C200,2009,125623,2000 cc,Automatic,Petrol,Nairobi,Foreign Used,3587499
Nissan,X-Trail,2010,125796,2000 cc,Automatic,Petrol,Nakuru,Locally Used,1837500
Honda,Fit,2011,125969,1500 cc,Manual,Petrol,Kisumu,Locally Used,1612500
BMW,X3,2012,126142,2000 cc,Automatic,Diesel,Nairobi,Foreign Used,4620000
Audi,A4,2013,126315,2000 cc,Automatic,Diesel,Mombasa,Foreign Used,4387500
Toyota,Premio,2014,126488,1800 cc,Automatic,Petrol,Nairobi,Foreign Used,2415000
Subaru,Outback,2015,126661,2500 cc,Automatic,Petrol,Nairobi,Locally Used,2820000
Mazda,CX-5,2016,126834,2200 cc,Automatic,Diesel,Mombasa,Foreign Used,3420000
Mercedes-Benz,C200,2017,127007,2000 cc,Automatic,Petrol,Nairobi,Foreign Used,4287500
Nissan,X-Trail,2018,127180,2000 cc,Automatic,Petrol,Nakuru,Locally Used,1312500
Honda,Fit,2019,127353,1500 cc,Manual,Petrol,Kisumu,Locally Used,1162500
BMW,X3,2020,127526,2000 cc,Automatic,Diesel,Nairobi,Foreign Used,3360000
Audi,A4,2021,127699,2000 cc,Automatic,Diesel,Mombasa,Foreign Used,3217500
Toyota,Premio,2022,127872,1800 cc,Automatic,Petrol,Nairobi,Foreign Used,1785000
Subaru,Outback,2008,128045,2500 cc,Automatic,Petrol,Nairobi,Locally Used,2100000
Mazda,CX-5,2009,128218,2200 cc,Automatic,Diesel,Mombasa,Foreign Used,2565000
Mercedes-Benz,C200,2010,128391,2000 cc,Automatic,Petrol,Nairobi,Foreign Used,3237500
Nissan,X-Trail,2011,128564,2000 cc,Automatic,Petrol,Nakuru,Locally Used,1662500
Honda,Fit,2012,128737,1500 cc,Manual,Petrol,Kisumu,Locally Used,1462500
BMW,X3,2013,128910,2000 cc,Automatic,Diesel,Nairobi,Foreign Used,4200000
Audi,A4,2014,129083,2000 cc,Automatic,Diesel,Mombasa,Foreign Used,3997499
Toyota,Premio,2015,129256,1800 cc,Automatic,Petrol,Nairobi,Foreign Used,2205000
Subaru,Outback,2016,129429,2500 cc,Automatic,Petrol,Nairobi,Locally Used,2580000
Mazda,CX-5,2017,129602,2200 cc,Automatic,Diesel,Mombasa,Foreign Used,3135000
Mercedes-Benz,C200,2018,129775,2000 cc,Automatic,Petrol,Nairobi,Foreign Used,3937500
Nissan,X-Trail,2019,129948,2000 cc,Automatic,Petrol,Nakuru,Locally Used,2012499
Honda,Fit,2020,130121,1500 cc,Manual,Petrol,Kisumu,Locally Used,1762500
BMW,X3,2021,130294,2000 cc,Automatic,Diesel,Nairobi,Foreign Used,5040000
Audi,A4,2022,130467,2000 cc,Automatic,Diesel,Mombasa,Foreign Used,4777500
Toyota,Premio,2008,130640,1800 cc,Automatic,Petrol,Nairobi,Foreign Used,1575000
Subaru,Outback,2009,130813,2500 cc,Automatic,Petrol,Nairobi,Locally Used,1860000
Mazda,CX-5,2010,130986,2200 cc,Automatic,Diesel,Mombasa,Foreign Used,2280000
Mercedes-Benz,C200,2011,131159,2000 cc,Automatic,Petrol,Nairobi,Foreign Used,2887500
Nissan,X-Trail,2012,131332,2000 cc,Automatic,Petrol,Nakuru,Locally Used,1487500
Honda,Fit,2013,131505,1500 cc,Manual,Petrol,Kisumu,Locally Used,1312500
BMW,X3,2014,131678,2000 cc,Automatic,Diesel,Nairobi,Foreign Used,3780000
Audi,A4,2015,131851,2000 cc,Automatic,Diesel,Mombasa,Foreign Used,3607500
Toyota,Premio,2016,132024,1800 cc,Automatic,Petrol,Nairobi,Foreign Used,1995000
Subaru,Outback,2017,132197,2500 cc,Automatic,Petrol,Nairobi,Locally Used,2340000
Mazda,CX-5,2018,132370,2200 cc,Automatic,Diesel,Mombasa,Foreign Used,2850000
Mercedes-Benz,C200,2019,132543,2000 cc,Automatic,Petrol,Nairobi,Foreign Used,3587499
Nissan,X-Trail,2020,132716,2000 cc,Automatic,Petrol,Nakuru,Locally Used,1837500
Honda,Fit,2021,132889,1500 cc,Manual,Petrol,Kisumu,Locally Used,1612500
BMW,X3,2022,133062,2000 cc,Automatic,Diesel,Nairobi,Foreign Used,4620000
Audi,A4,2008,133235,2000 cc,Automatic,Diesel,Mombasa,Foreign Used,4387500
Toyota,Premio,2009,133408,1800 cc,Automatic,Petrol,Nairobi,Foreign Used,2415000
Subaru,Outback,2010,133581,2500 cc,Automatic,Petrol,Nairobi,Locally Used,2820000
Mazda,CX-5,2011,133754,2200 cc,Automatic,Diesel,Mombasa,Foreign Used,3420000
Mercedes-Benz,C200,2012,133927,2000 cc,Automatic,Petrol,Nairobi,Foreign Used,4287500
Nissan,X-Trail,2013,134100,2000 cc,Automatic,Petrol,Nakuru,Locally Used,1312500
Honda,Fit,2014,134273,1500 cc,Manual,Petrol,Kisumu,Locally Used,1162500
BMW,X3,2015,134446,2000 cc,Automatic,Diesel,Nairobi,Foreign Used,3360000
Audi,A4,2016,134619,2000 cc,Automatic,Diesel,Mombasa,Foreign Used,3217500
Toyota,Premio,2017,134792,1800 cc,Automatic,Petrol,Nairobi,Foreign Used,1785000
Subaru,Outback,2018,134965,2500 cc,Automatic,Petrol,Nairobi,Locally Used,2100000
Mazda,CX-5,2019,135138,2200 cc,Automatic,Diesel,Mombasa,Foreign Used,2565000
Mercedes-Benz,C200,2020,135311,2000 cc,Automatic,Petrol,Nairobi,Foreign Used,3237500
Nissan,X-Trail,2021,135484,2000 cc,Automatic,Petrol,Nakuru,Locally Used,1662500
Honda,Fit,2022,135657,1500 cc,Manual,Petrol,Kisumu,Locally Used,1462500
BMW,X3,2008,135830,2000 cc,Automatic,Diesel,Nairobi,Foreign Used,4200000
Audi,A4,2009,136003,2000 cc,Automatic,Diesel,Mombasa,Foreign Used,3997499
Toyota,Premio,2010,136176,1800 cc,Automatic,Petrol,Nairobi,Foreign Used,2205000
Subaru,Outback,2011,136349,2500 cc,Automatic,Petrol,Nairobi,Locally Used,2580000
Mazda,CX-5,2012,136522,2200 cc,Automatic,Diesel,Mombasa,Foreign Used,3135000
Mercedes-Benz,C200,2013,136695,2000 cc,Automatic,Petrol,Nairobi,Foreign Used,3937500
Nissan,X-Trail,2014,136868,2000 cc,Automatic,Petrol,Nakuru,Locally Used,2012499
Honda,Fit,2015,137041,1500 cc,Manual,Petrol,Kisumu,Locally Used,1762500
BMW,X3,2016,137214,2000 cc,Automatic,Diesel,Nairobi,Foreign Used,5040000
Audi,A4,2017,137387,2000 cc,Automatic,Diesel,Mombasa,Foreign Used,4777500
Toyota,Premio,2018,137560,1800 cc,Automatic,Petrol,Nairobi,Foreign Used,1575000
Subaru,Outback,2019,137733,2500 cc,Automatic,Petrol,Nairobi,Locally Used,1860000
Mazda,CX-5,2020,137906,2200 cc,Automatic,Diesel,Mombasa,Foreign Used,2280000
Mercedes-Benz,C200,2021,138079,2000 cc,Automatic,Petrol,Nairobi,Foreign Used,2887500
Nissan,X-Trail,2022,138252,2000 cc,Automatic,Petrol,Nakuru,Locally Used,1487500
Honda,Fit,2008,138425,1500 cc,Manual,Petrol,Kisumu,Locally Used,1312500
BMW,X3,2009,138598,2000 cc,Automatic,Diesel,Nairobi,Foreign Used,3780000
Audi,A4,2010,138771,2000 cc,Automatic,Diesel,Mombasa,Foreign Used,3607500
Toyota,Premio,2011,138944,1800 cc,Automatic,Petrol,Nairobi,Foreign Used,1995000
Subaru,Outback,2012,139117,2500 cc,Automatic,Petrol,Nairobi,Locally Used,2340000
Mazda,CX-5,2013,139290,2200 cc,Automatic,Diesel,Mombasa,Foreign Used,2850000
Mercedes-Benz,C200,2014,139463,2000 cc,Automatic,Petrol,Nairobi,Foreign Used,3587499
Nissan,X-Trail,2015,139636,2000 cc,Automatic,Petrol,Nakuru,Locally Used,1837500
Honda,Fit,2016,139809,1500 cc,Manual,Petrol,Kisumu,Locally Used,1612500
BMW,X3,2017,139982,2000 cc,Automatic,Diesel,Nairobi,Foreign Used,4620000
Audi,A4,2018,140155,2000 cc,Automatic,Diesel,Mombasa,Foreign Used,4387500
Toyota,Premio,2019,140328,1800 cc,Automatic,Petrol,Nairobi,Foreign Used,2415000
Subaru,Outback,2020,140501,2500 cc,Automatic,Petrol,Nairobi,Locally Used,2820000
Mazda,CX-5,2021,140674,2200 cc,Automatic,Diesel,Mombasa,Foreign Used,3420000
Mercedes-Benz,C200,2022,140847,2000 cc,Automatic,Petrol,Nairobi,Foreign Used,4287500
Nissan,X-Trail,2008,141020,2000 cc,Automatic,Petrol,Nakuru,Locally Used,1312500
Honda,Fit,2009,141193,1500 cc,Manual,Petrol,Kisumu,Locally Used,1162500
BMW,X3,2010,141366,2000 cc,Automatic,Diesel,Nairobi,Foreign Used,3360000
Audi,A4,2011,141539,2000 cc,Automatic,Diesel,Mombasa,Foreign Used,3217500
Toyota,Premio,2012,141712,1800 cc,Automatic,Petrol,Nairobi,Foreign Used,1785000
Subaru,Outback,2013,141885,2500 cc,Automatic,Petrol,Nairobi,Locally Used,2100000
Mazda,CX-5,2014,142058,2200 cc,Automatic,Diesel,Mombasa,Foreign Used,2565000
Mercedes-Benz,C200,2015,142231,2000 cc,Automatic,Petrol,Nairobi,Foreign Used,3237500
Nissan,X-Trail,2016,142404,2000 cc,Automatic,Petrol,Nakuru,Locally Used,1662500
Honda,Fit,2017,142577,1500 cc,Manual,Petrol,Kisumu,Locally Used,1462500
BMW,X3,2018,142750,2000 cc,Automatic,Diesel,Nairobi,Foreign Used,4200000
Audi,A4,2019,142923,2000 cc,Automatic,Diesel,Mombasa,Foreign Used,3997499
Toyota,Premio,2020,143096,1800 cc,Automatic,Petrol,Nairobi,Foreign Used,2205000
Subaru,Outback,2021,143269,2500 cc,Automatic,Petrol,Nairobi,Locally Used,2580000
Mazda,CX-5,2022,143442,2200 cc,Automatic,Diesel,Mombasa,Foreign Used,3135000
Mercedes-Benz,C200,2008,143615,2000 cc,Automatic,Petrol,Nairobi,Foreign Used,3937500
Nissan,X-Trail,2009,143788,2000 cc,Automatic,Petrol,Nakuru,Locally Used,2012499
Honda,Fit,2010,143961,1500 cc,Manual,Petrol,Kisumu,Locally Used,1762500
BMW,X3,2011,144134,2000 cc,Automatic,Diesel,Nairobi,Foreign Used,5040000
Audi,A4,2012,144307,2000 cc,Automatic,Diesel,Mombasa,Foreign Used,4777500
Toyota,Premio,2013,144480,1800 cc,Automatic,Petrol,Nairobi,Foreign Used,1575000
Subaru,Outback,2014,144653,2500 cc,Automatic,Petrol,Nairobi,Locally Used,1860000
Mazda,CX-5,2015,144826,2200 cc,Automatic,Diesel,Mombasa,Foreign Used,2280000
Mercedes-Benz,C200,2016,144999,2000 cc,Automatic,Petrol,Nairobi,Foreign Used,2887500
Nissan,X-Trail,2017,145172,2000 cc,Automatic,Petrol,Nakuru,Locally Used,1487500
Honda,Fit,2018,145345,1500 cc,Manual,Petrol,Kisumu,Locally Used,1312500
BMW,X3,2019,145518,2000 cc,Automatic,Diesel,Nairobi,Foreign Used,3780000
Audi,A4,2020,145691,2000 cc,Automatic,Diesel,Mombasa,Foreign Used,3607500
Toyota,Premio,2021,145864,1800 cc,Automatic,Petrol,Nairobi,Foreign Used,1995000
Subaru,Outback,2022,146037,2500 cc,Automatic,Petrol,Nairobi,Locally Used,2340000
Mazda,CX-5,2008,146210,2200 cc,Automatic,Diesel,Mombasa,Foreign Used,2850000
Mercedes-Benz,C200,2009,146383,2000 cc,Automatic,Petrol,Nairobi,Foreign Used,3587499
Nissan,X-Trail,2010,146556,2000 cc,Automatic,Petrol,Nakuru,Locally Used,1837500
Honda,Fit,2011,146729,1500 cc,Manual,Petrol,Kisumu,Locally Used,1612500
BMW,X3,2012,146902,2000 cc,Automatic,Diesel,Nairobi,Foreign Used,4620000
Audi,A4,2013,147075,2000 cc,Automatic,Diesel,Mombasa,Foreign Used,4387500
Toyota,Premio,2014,147248,1800 cc,Automatic,Petrol,Nairobi,Foreign Used,2415000
Subaru,Outback,2015,147421,2500 cc,Automatic,Petrol,Nairobi,Locally Used,2820000
Mazda,CX-5,2016,147594,2200 cc,Automatic,Diesel,Mombasa,Foreign Used,3420000
Mercedes-Benz,C200,2017,147767,2000 cc,Automatic,Petrol,Nairobi,Foreign Used,4287500
Nissan,X-Trail,2018,147940,2000 cc,Automatic,Petrol,Nakuru,Locally Used,1312500
Honda,Fit,2019,148113,1500 cc,Manual,Petrol,Kisumu,Locally Used,1162500
BMW,X3,2020,148286,2000 cc,Automatic,Diesel,Nairobi,Foreign Used,3360000
Audi,A4,2021,148459,2000 cc,Automatic,Diesel,Mombasa,Foreign Used,3217500
Toyota,Premio,2022,148632,1800 cc,Automatic,Petrol,Nairobi,Foreign Used,1785000
Subaru,Outback,2008,148805,2500 cc,Automatic,Petrol,Nairobi,Locally Used,2100000
Mazda,CX-5,2009,148978,2200 cc,Automatic,Diesel,Mombasa,Foreign Used,2565000
Mercedes-Benz,C200,2010,149151,2000 cc,Automatic,Petrol,Nairobi,Foreign Used,3237500
Nissan,X-Trail,2011,149324,2000 cc,Automatic,Petrol,Nakuru,Locally Used,1662500
Honda,Fit,2012,149497,1500 cc,Manual,Petrol,Kisumu,Locally Used,1462500
BMW,X3,2013,149670,2000 cc,Automatic,Diesel,Nairobi,Foreign Used,4200000
Audi,A4,2014,149843,2000 cc,Automatic,Diesel,Mombasa,Foreign Used,3997499
Toyota,Premio,2015,150016,1800 cc,Automatic,Petrol,Nairobi,Foreign Used,2205000
Subaru,Outback,2016,150189,2500 cc,Automatic,Petrol,Nairobi,Locally Used,2580000
Mazda,CX-5,2017,150362,2200 cc,Automatic,Diesel,Mombasa,Foreign Used,3135000
Mercedes-Benz,C200,2018,150535,2000 cc,Automatic,Petrol,Nairobi,Foreign Used,3937500
Nissan,X-Trail,2019,150708,2000 cc,Automatic,Petrol,Nakuru,Locally Used,2012499
Honda,Fit,2020,150881,1500 cc,Manual,Petrol,Kisumu,Locally Used,1762500
BMW,X3,2021,151054,2000 cc,Automatic,Diesel,Nairobi,Foreign Used,5040000
Audi,A4,2022,151227,2000 cc,Automatic,Diesel,Mombasa,Foreign Used,4777500
Toyota,Premio,2008,151400,1800 cc,Automatic,Petrol,Nairobi,Foreign Used,1575000
Subaru,Outback,2009,151573,2500 cc,Automatic,Petrol,Nairobi,Locally Used,1860000
Mazda,CX-5,2010,151746,2200 cc,Automatic,Diesel,Mombasa,Foreign Used,2280000
Mercedes-Benz,C200,2011,151919,2000 cc,Automatic,Petrol,Nairobi,Foreign Used,2887500
Nissan,X-Trail,2012,152092,2000 cc,Automatic,Petrol,Nakuru,Locally Used,1487500
Honda,Fit,2013,152265,1500 cc,Manual,Petrol,Kisumu,Locally Used,1312500
BMW,X3,2014,152438,2000 cc,Automatic,Diesel,Nairobi,Foreign Used,3780000
Audi,A4,2015,152611,2000 cc,Automatic,Diesel,Mombasa,Foreign Used,3607500
Toyota,Premio,2016,152784,1800 cc,Automatic,Petrol,Nairobi,Foreign Used,1995000
Subaru,Outback,2017,152957,2500 cc,Automatic,Petrol,Nairobi,Locally Used,2340000
Mazda,CX-5,2018,153130,2200 cc,Automatic,Diesel,Mombasa,Foreign Used,2850000
Mercedes-Benz,C200,2019,153303,2000 cc,Automatic,Petrol,Nairobi,Foreign Used,3587499
Nissan,X-Trail,2020,153476,2000 cc,Automatic,Petrol,Nakuru,Locally Used,1837500
Honda,Fit,2021,153649,1500 cc,Manual,Petrol,Kisumu,Locally Used,1612500
BMW,X3,2022,153822,2000 cc,Automatic,Diesel,Nairobi,Foreign Used,4620000
Audi,A4,2008,153995,2000 cc,Automatic,Diesel,Mombasa,Foreign Used,4387500
Toyota,Premio,2009,154168,1800 cc,Automatic,Petrol,Nairobi,Foreign Used,2415000
Subaru,Outback,2010,154341,2500 cc,Automatic,Petrol,Nairobi,Locally Used,2820000
Mazda,CX-5,2011,154514,2200 cc,Automatic,Diesel,Mombasa,Foreign Used,3420000
Mercedes-Benz,C200,2012,154687,2000 cc,Automatic,Petrol,Nairobi,Foreign Used,4287500
Nissan,X-Trail,2013,154860,2000 cc,Automatic,Petrol,Nakuru,Locally Used,1312500
Honda,Fit,2014,155033,1500 cc,Manual,Petrol,Kisumu,Locally Used,1162500
BMW,X3,2015,155206,2000 cc,Automatic,Diesel,Nairobi,Foreign Used,3360000
Audi,A4,2016,155379,2000 cc,Automatic,Diesel,Mombasa,Foreign Used,3217500
Toyota,Premio,2017,155552,1800 cc,Automatic,Petrol,Nairobi,Foreign Used,1785000
Subaru,Outback,2018,155725,2500 cc,Automatic,Petrol,Nairobi,Locally Used,2100000
Mazda,CX-5,2019,155898,2200 cc,Automatic,Diesel,Mombasa,Foreign Used,2565000
Mercedes-Benz,C200,2020,156071,2000 cc,Automatic,Petrol,Nairobi,Foreign Used,3237500
Nissan,X-Trail,2021,156244,2000 cc,Automatic,Petrol,Nakuru,Locally Used,1662500
Honda,Fit,2022,156417,1500 cc,Manual,Petrol,Kisumu,Locally Used,1462500
BMW,X3,2008,156590,2000 cc,Automatic,Diesel,Nairobi,Foreign Used,4200000
Audi,A4,2009,156763,2000 cc,Automatic,Diesel,Mombasa,Foreign Used,3997499
Toyota,Premio,2010,156936,1800 cc,Automatic,Petrol,Nairobi,Foreign Used,2205000
Subaru,Outback,2011,157109,2500 cc,Automatic,Petrol,Nairobi,Locally Used,2580000
Mazda,CX-5,2012,157282,2200 cc,Automatic,Diesel,Mombasa,Foreign Used,3135000
Mercedes-Benz,C200,2013,157455,2000 cc,Automatic,Petrol,Nairobi,Foreign Used,3937500
Nissan,X-Trail,2014,157628,2000 cc,Automatic,Petrol,Nakuru,Locally Used,2012499
Honda,Fit,2015,157801,1500 cc,Manual,Petrol,Kisumu,Locally Used,1762500
BMW,X3,2016,157974,2000 cc,Automatic,Diesel,Nairobi,Foreign Used,5040000
Audi,A4,2017,158147,2000 cc,Automatic,Diesel,Mombasa,Foreign Used,4777500
Toyota,Premio,2018,158320,1800 cc,Automatic,Petrol,Nairobi,Foreign Used,1575000
Subaru,Outback,2019,158493,2500 cc,Automatic,Petrol,Nairobi,Locally Used,1860000
Mazda,CX-5,2020,158666,2200 cc,Automatic,Diesel,Mombasa,Foreign Used,2280000
Mercedes-Benz,C200,2021,158839,2000 cc,Automatic,Petrol,Nairobi,Foreign Used,2887500
Nissan,X-Trail,2022,159012,2000 cc,Automatic,Petrol,Nakuru,Locally Used,1487500
Honda,Fit,2008,159185,1500 cc,Manual,Petrol,Kisumu,Locally Used,1312500
BMW,X3,2009,159358,2000 cc,Automatic,Diesel,Nairobi,Foreign Used,3780000
Audi,A4,2010,159531,2000 cc,Automatic,Diesel,Mombasa,Foreign Used,3607500
Toyota,Premio,2011,159704,1800 cc,Automatic,Petrol,Nairobi,Foreign Used,1995000
Subaru,Outback,2012,159877,2500 cc,Automatic,Petrol,Nairobi,Locally Used,2340000
Mazda,CX-5,2013,160050,2200 cc,Automatic,Diesel,Mombasa,Foreign Used,2850000
Mercedes-Benz,C200,2014,160223,2000 cc,Automatic,Petrol,Nairobi,Foreign Used,3587499
Nissan,X-Trail,2015,160396,2000 cc,Automatic,Petrol,Nakuru,Locally Used,1837500
Honda,Fit,2016,160569,1500 cc,Manual,Petrol,Kisumu,Locally Used,1612500
BMW,X3,2017,160742,2000 cc,Automatic,Diesel,Nairobi,Foreign Used,4620000
Audi,A4,2018,160915,2000 cc,Automatic,Diesel,Mombasa,Foreign Used,4387500
Toyota,Premio,2019,161088,1800 cc,Automatic,Petrol,Nairobi,Foreign Used,2415000
Subaru,Outback,2020,161261,2500 cc,Automatic,Petrol,Nairobi,Locally Used,2820000
Mazda,CX-5,2021,161434,2200 cc,Automatic,Diesel,Mombasa,Foreign Used,3420000
Mercedes-Benz,C200,2022,161607,2000 cc,Automatic,Petrol,Nairobi,Foreign Used,4287500
Nissan,X-Trail,2008,161780,2000 cc,Automatic,Petrol,Nakuru,Locally Used,1312500
Honda,Fit,2009,161953,1500 cc,Manual,Petrol,Kisumu,Locally Used,1162500
BMW,X3,2010,162126,2000 cc,Automatic,Diesel,Nairobi,Foreign Used,3360000
Audi,A4,2011,162299,2000 cc,Automatic,Diesel,Mombasa,Foreign Used,3217500
Toyota,Premio,2012,162472,1800 cc,Automatic,Petrol,Nairobi,Foreign Used,1785000
Subaru,Outback,2013,162645,2500 cc,Automatic,Petrol,Nairobi,Locally Used,2100000
Mazda,CX-5,2014,162818,2200 cc,Automatic,Diesel,Mombasa,Foreign Used,2565000
Mercedes-Benz,C200,2015,162991,2000 cc,Automatic,Petrol,Nairobi,Foreign Used,3237500
Nissan,X-Trail,2016,163164,2000 cc,Automatic,Petrol,Nakuru,Locally Used,1662500
Honda,Fit,2017,163337,1500 cc,Manual,Petrol,Kisumu,Locally Used,1462500
BMW,X3,2018,163510,2000 cc,Automatic,Diesel,Nairobi,Foreign Used,4200000
Audi,A4,2019,163683,2000 cc,Automatic,Diesel,Mombasa,Foreign Used,3997499
Toyota,Premio,2020,163856,1800 cc,Automatic,Petrol,Nairobi,Foreign Used,2205000
Subaru,Outback,2021,164029,2500 cc,Automatic,Petrol,Nairobi,Locally Used,2580000
Mazda,CX-5,2022,164202,2200 cc,Automatic,Diesel,Mombasa,Foreign Used,3135000
Mercedes-Benz,C200,2008,164375,2000 cc,Automatic,Petrol,Nairobi,Foreign Used,3937500
Nissan,X-Trail,2009,164548,2000 cc,Automatic,Petrol,Nakuru,Locally Used,2012499
Honda,Fit,2010,164721,1500 cc,Manual,Petrol,Kisumu,Locally Used,1762500
BMW,X3,2011,164894,2000 cc,Automatic,Diesel,Nairobi,Foreign Used,5040000
Audi,A4,2012,165067,2000 cc,Automatic,Diesel,Mombasa,Foreign Used,4777500
Toyota,Premio,2013,165240,1800 cc,Automatic,Petrol,Nairobi,Foreign Used,1575000
Subaru,Outback,2014,165413,2500 cc,Automatic,Petrol,Nairobi,Locally Used,1860000
Mazda,CX-5,2015,165586,2200 cc,Automatic,Diesel,Mombasa,Foreign Used,2280000
Mercedes-Benz,C200,2016,165759,2000 cc,Automatic,Petrol,Nairobi,Foreign Used,2887500
Nissan,X-Trail,2017,165932,2000 cc,Automatic,Petrol,Nakuru,Locally Used,1487500
Honda,Fit,2018,166105,1500 cc,Manual,Petrol,Kisumu,Locally Used,1312500
BMW,X3,2019,166278,2000 cc,Automatic,Diesel,Nairobi,Foreign Used,3780000
Audi,A4,2020,166451,2000 cc,Automatic,Diesel,Mombasa,Foreign Used,3607500
Toyota,Premio,2021,166624,1800 cc,Automatic,Petrol,Nairobi,Foreign Used,1995000
Subaru,Outback,2022,166797,2500 cc,Automatic,Petrol,Nairobi,Locally Used,2340000
Mazda,CX-5,2008,166970,2200 cc,Automatic,Diesel,Mombasa,Foreign Used,2850000
Mercedes-Benz,C200,2009,167143,2000 cc,Automatic,Petrol,Nairobi,Foreign Used,3587499
Nissan,X-Trail,2010,167316,2000 cc,Automatic,Petrol,Nakuru,Locally Used,1837500
Honda,Fit,2011,167489,1500 cc,Manual,Petrol,Kisumu,Locally Used,1612500
BMW,X3,2012,167662,2000 cc,Automatic,Diesel,Nairobi,Foreign Used,4620000
Audi,A4,2013,167835,2000 cc,Automatic,Diesel,Mombasa,Foreign Used,4387500
Toyota,Premio,2014,168008,1800 cc,Automatic,Petrol,Nairobi,Foreign Used,2415000
Subaru,Outback,2015,168181,2500 cc,Automatic,Petrol,Nairobi,Locally Used,2820000
Mazda,CX-5,2016,168354,2200 cc,Automatic,Diesel,Mombasa,Foreign Used,3420000
Mercedes-Benz,C200,2017,168527,2000 cc,Automatic,Petrol,Nairobi,Foreign Used,4287500
Nissan,X-Trail,2018,168700,2000 cc,Automatic,Petrol,Nakuru,Locally Used,1312500
Honda,Fit,2019,168873,1500 cc,Manual,Petrol,Kisumu,Locally Used,1162500
BMW,X3,2020,169046,2000 cc,Automatic,Diesel,Nairobi,Foreign Used,3360000
Audi,A4,2021,169219,2000 cc,Automatic,Diesel,Mombasa,Foreign Used,3217500
Toyota,Premio,2022,169392,1800 cc,Automatic,Petrol,Nairobi,Foreign Used,1785000
Subaru,Outback,2008,169565,2500 cc,Automatic,Petrol,Nairobi,Locally Used,2100000
Mazda,CX-5,2009,169738,2200 cc,Automatic,Diesel,Mombasa,Foreign Used,2565000
Mercedes-Benz,C200,2010,169911,2000 cc,Automatic,Petrol,Nairobi,Foreign Used,3237500
Nissan,X-Trail,2011,170084,2000 cc,Automatic,Petrol,Nakuru,Locally Used,1662500
Honda,Fit,2012,170257,1500 cc,Manual,Petrol,Kisumu,Locally Used,1462500
BMW,X3,2013,170430,2000 cc,Automatic,Diesel,Nairobi,Foreign Used,4200000
Audi,A4,2014,170603,2000 cc,Automatic,Diesel,Mombasa,Foreign Used,3997499
Toyota,Premio,2015,170776,1800 cc,Automatic,Petrol,Nairobi,Foreign Used,2205000
Subaru,Outback,2016,170949,2500 cc,Automatic,Petrol,Nairobi,Locally Used,2580000
Mazda,CX-5,2017,171122,2200 cc,Automatic,Diesel,Mombasa,Foreign Used,3135000
Mercedes-Benz,C200,2018,171295,2000 cc,Automatic,Petrol,Nairobi,Foreign Used,3937500
Nissan,X-Trail,2019,171468,2000 cc,Automatic,Petrol,Nakuru,Locally Used,2012499
Honda,Fit,2020,171641,1500 cc,Manual,Petrol,Kisumu,Locally Used,1762500
BMW,X3,2021,171814,2000 cc,Automatic,Diesel,Nairobi,Foreign Used,5040000
Audi,A4,2022,171987,2000 cc,Automatic,Diesel,Mombasa,Foreign Used,4777500
Toyota,Premio,2008,172160,1800 cc,Automatic,Petrol,Nairobi,Foreign Used,1575000
Subaru,Outback,2009,172333,2500 cc,Automatic,Petrol,Nairobi,Locally Used,1860000
Mazda,CX-5,2010,172506,2200 cc,Automatic,Diesel,Mombasa,Foreign Used,2280000
Mercedes-Benz,C200,2011,172679,2000 cc,Automatic,Petrol,Nairobi,Foreign Used,2887500
Nissan,X-Trail,2012,172852,2000 cc,Automatic,Petrol,Nakuru,Locally Used,1487500
Honda,Fit,2013,173025,1500 cc,Manual,Petrol,Kisumu,Locally Used,1312500
BMW,X3,2014,173198,2000 cc,Automatic,Diesel,Nairobi,Foreign Used,3780000
Audi,A4,2015,173371,2000 cc,Automatic,Diesel,Mombasa,Foreign Used,3607500
Toyota,Premio,2016,173544,1800 cc,Automatic,Petrol,Nairobi,Foreign Used,1995000
Subaru,Outback,2017,173717,2500 cc,Automatic,Petrol,Nairobi,Locally Used,2340000
Mazda,CX-5,2018,173890,2200 cc,Automatic,Diesel,Mombasa,Foreign Used,2850000
Mercedes-Benz,C200,2019,174063,2000 cc,Automatic,Petrol,Nairobi,Foreign Used,3587499
Nissan,X-Trail,2020,174236,2000 cc,Automatic,Petrol,Nakuru,Locally Used,1837500
Honda,Fit,2021,174409,1500 cc,Manual,Petrol,Kisumu,Locally Used,1612500
BMW,X3,2022,174582,2000 cc,Automatic,Diesel,Nairobi,Foreign Used,4620000
Audi,A4,2008,174755,2000 cc,Automatic,Diesel,Mombasa,Foreign Used,4387500
Toyota,Premio,2009,174928,1800 cc,Automatic,Petrol,Nairobi,Foreign Used,2415000
Subaru,Outback,2010,175101,2500 cc,Automatic,Petrol,Nairobi,Locally Used,2820000
Mazda,CX-5,2011,175274,2200 cc,Automatic,Diesel,Mombasa,Foreign Used,3420000
Mercedes-Benz,C200,2012,175447,2000 cc,Automatic,Petrol,Nairobi,Foreign Used,4287500
Nissan,X-Trail,2013,175620,2000 cc,Automatic,Petrol,Nakuru,Locally Used,1312500
Honda,Fit,2014,175793,1500 cc,Manual,Petrol,Kisumu,Locally Used,1162500
BMW,X3,2015,175966,2000 cc,Automatic,Diesel,Nairobi,Foreign Used,3360000
Audi,A4,2016,176139,2000 cc,Automatic,Diesel,Mombasa,Foreign Used,3217500
Toyota,Premio,2017,176312,1800 cc,Automatic,Petrol,Nairobi,Foreign Used,1785000
Subaru,Outback,2018,176485,2500 cc,Automatic,Petrol,Nairobi,Locally Used,2100000
Mazda,CX-5,2019,176658,2200 cc,Automatic,Diesel,Mombasa,Foreign Used,2565000
Mercedes-Benz,C200,2020,176831,2000 cc,Automatic,Petrol,Nairobi,Foreign Used,3237500
Nissan,X-Trail,2021,177004,2000 cc,Automatic,Petrol,Nakuru,Locally Used,1662500
Honda,Fit,2022,177177,1500 cc,Manual,Petrol,Kisumu,Locally Used,1462500
BMW,X3,2008,177350,2000 cc,Automatic,Diesel,Nairobi,Foreign Used,4200000
Audi,A4,2009,177523,2000 cc,Automatic,Diesel,Mombasa,Foreign Used,3997499
Toyota,Premio,2010,177696,1800 cc,Automatic,Petrol,Nairobi,Foreign Used,2205000
Subaru,Outback,2011,177869,2500 cc,Automatic,Petrol,Nairobi,Locally Used,2580000
Mazda,CX-5,2012,178042,2200 cc,Automatic,Diesel,Mombasa,Foreign Used,3135000
Mercedes-Benz,C200,2013,178215,2000 cc,Automatic,Petrol,Nairobi,Foreign Used,3937500
Nissan,X-Trail,2014,178388,2000 cc,Automatic,Petrol,Nakuru,Locally Used,2012499
Honda,Fit,2015,178561,1500 cc,Manual,Petrol,Kisumu,Locally Used,1762500
BMW,X3,2016,178734,2000 cc,Automatic,Diesel,Nairobi,Foreign Used,5040000
Audi,A4,2017,178907,2000 cc,Automatic,Diesel,Mombasa,Foreign Used,4777500
Toyota,Premio,2018,179080,1800 cc,Automatic,Petrol,Nairobi,Foreign Used,1575000
Subaru,Outback,2019,179253,2500 cc,Automatic,Petrol,Nairobi,Locally Used,1860000
Mazda,CX-5,2020,179426,2200 cc,Automatic,Diesel,Mombasa,Foreign Used,2280000
Mercedes-Benz,C200,2021,179599,2000 cc,Automatic,Petrol,Nairobi,Foreign Used,2887500
Nissan,X-Trail,2022,179772,2000 cc,Automatic,Petrol,Nakuru,Locally Used,1487500
Honda,Fit,2008,179945,1500 cc,Manual,Petrol,Kisumu,Locally Used,1312500
BMW,X3,2009,180118,2000 cc,Automatic,Diesel,Nairobi,Foreign Used,3780000
Audi,A4,2010,180291,2000 cc,Automatic,Diesel,Mombasa,Foreign Used,3607500
Toyota,Premio,2011,180464,1800 cc,Automatic,Petrol,Nairobi,Foreign Used,1995000
Subaru,Outback,2012,180637,2500 cc,Automatic,Petrol,Nairobi,Locally Used,2340000
Mazda,CX-5,2013,180810,2200 cc,Automatic,Diesel,Mombasa,Foreign Used,2850000
Mercedes-Benz,C200,2014,180983,2000 cc,Automatic,Petrol,Nairobi,Foreign Used,3587499
Nissan,X-Trail,2015,181156,2000 cc,Automatic,Petrol,Nakuru,Locally Used,1837500
Honda,Fit,2016,181329,1500 cc,Manual,Petrol,Kisumu,Locally Used,1612500
BMW,X3,2017,181502,2000 cc,Automatic,Diesel,Nairobi,Foreign Used,4620000
Audi,A4,2018,181675,2000 cc,Automatic,Diesel,Mombasa,Foreign Used,4387500
Toyota,Premio,2019,181848,1800 cc,Automatic,Petrol,Nairobi,Foreign Used,2415000
Subaru,Outback,2020,182021,2500 cc,Automatic,Petrol,Nairobi,Locally Used,2820000
Mazda,CX-5,2021,182194,2200 cc,Automatic,Diesel,Mombasa,Foreign Used,3420000
Mercedes-Benz,C200,2022,182367,2000 cc,Automatic,Petrol,Nairobi,Foreign Used,4287500
Nissan,X-Trail,2008,182540,2000 cc,Automatic,Petrol,Nakuru,Locally Used,1312500
Honda,Fit,2009,182713,1500 cc,Manual,Petrol,Kisumu,Locally Used,1162500
BMW,X3,2010,182886,2000 cc,Automatic,Diesel,Nairobi,Foreign Used,3360000
Audi,A4,2011,183059,2000 cc,Automatic,Diesel,Mombasa,Foreign Used,3217500
Toyota,Premio,2012,183232,1800 cc,Automatic,Petrol,Nairobi,Foreign Used,1785000
Subaru,Outback,2013,183405,2500 cc,Automatic,Petrol,Nairobi,Locally Used,2100000
Mazda,CX-5,2014,183578,2200 cc,Automatic,Diesel,Mombasa,Foreign Used,2565000
Mercedes-Benz,C200,2015,183751,2000 cc,Automatic,Petrol,Nairobi,Foreign Used,3237500
Nissan,X-Trail,2016,183924,2000 cc,Automatic,Petrol,Nakuru,Locally Used,1662500
Honda,Fit,2017,184097,1500 cc,Manual,Petrol,Kisumu,Locally Used,1462500
BMW,X3,2018,184270,2000 cc,Automatic,Diesel,Nairobi,Foreign Used,4200000
Audi,A4,2019,184443,2000 cc,Automatic,Diesel,Mombasa,Foreign Used,3997499
Toyota,Premio,2020,184616,1800 cc,Automatic,Petrol,Nairobi,Foreign Used,2205000
Subaru,Outback,2021,184789,2500 cc,Automatic,Petrol,Nairobi,Locally Used,2580000
Mazda,CX-5,2022,184962,2200 cc,Automatic,Diesel,Mombasa,Foreign Used,3135000
Mercedes-Benz,C200,2008,185135,2000 cc,Automatic,Petrol,Nairobi,Foreign Used,3937500
Nissan,X-Trail,2009,185308,2000 cc,Automatic,Petrol,Nakuru,Locally Used,2012499
Honda,Fit,2010,185481,1500 cc,Manual,Petrol,Kisumu,Locally Used,1762500
BMW,X3,2011,185654,2000 cc,Automatic,Diesel,Nairobi,Foreign Used,5040000
Audi,A4,2012,185827,2000 cc,Automatic,Diesel,Mombasa,Foreign Used,4777500
Toyota,Premio,2013,186000,1800 cc,Automatic,Petrol,Nairobi,Foreign Used,1575000
Subaru,Outback,2014,186173,2500 cc,Automatic,Petrol,Nairobi,Locally Used,1860000
Mazda,CX-5,2015,186346,2200 cc,Automatic,Diesel,Mombasa,Foreign Used,2280000
Mercedes-Benz,C200,2016,186519,2000 cc,Automatic,Petrol,Nairobi,Foreign Used,2887500
Nissan,X-Trail,2017,186692,2000 cc,Automatic,Petrol,Nakuru,Locally Used,1487500
Honda,Fit,2018,186865,1500 cc,Manual,Petrol,Kisumu,Locally Used,1312500
BMW,X3,2019,187038,2000 cc,Automatic,Diesel,Nairobi,Foreign Used,3780000
Audi,A4,2020,187211,2000 cc,Automatic,Diesel,Mombasa,Foreign Used,3607500
Toyota,Premio,2021,187384,1800 cc,Automatic,Petrol,Nairobi,Foreign Used,1995000
Subaru,Outback,2022,187557,2500 cc,Automatic,Petrol,Nairobi,Locally Used,2340000
Mazda,CX-5,2008,187730,2200 cc,Automatic,Diesel,Mombasa,Foreign Used,2850000
Mercedes-Benz,C200,2009,187903,2000 cc,Automatic,Petrol,Nairobi,Foreign Used,3587499
Nissan,X-Trail,2010,188076,2000 cc,Automatic,Petrol,Nakuru,Locally Used,1837500
Honda,Fit,2011,188249,1500 cc,Manual,Petrol,Kisumu,Locally Used,1612500
BMW,X3,2012,188422,2000 cc,Automatic,Diesel,Nairobi,Foreign Used,4620000
Audi,A4,2013,188595,2000 cc,Automatic,Diesel,Mombasa,Foreign Used,4387500
Toyota,Premio,2014,188768,1800 cc,Automatic,Petrol,Nairobi,Foreign Used,2415000
Subaru,Outback,2015,188941,2500 cc,Automatic,Petrol,Nairobi,Locally Used,2820000
Mazda,CX-5,2016,189114,2200 cc,Automatic,Diesel,Mombasa,Foreign Used,3420000
Mercedes-Benz,C200,2017,189287,2000 cc,Automatic,Petrol,Nairobi,Foreign Used,4287500
Nissan,X-Trail,2018,189460,2000 cc,Automatic,Petrol,Nakuru,Locally Used,1312500
Honda,Fit,2019,189633,1500 cc,Manual,Petrol,Kisumu,Locally Used,1162500
BMW,X3,2020,189806,2000 cc,Automatic,Diesel,Nairobi,Foreign Used,3360000
Audi,A4,2021,189979,2000 cc,Automatic,Diesel,Mombasa,Foreign Used,3217500
Toyota,Premio,2022,190152,1800 cc,Automatic,Petrol,Nairobi,Foreign Used,1785000
Subaru,Outback,2008,190325,2500 cc,Automatic,Petrol,Nairobi,Locally Used,2100000
Mazda,CX-5,2009,190498,2200 cc,Automatic,Diesel,Mombasa,Foreign Used,2565000
Mercedes-Benz,C200,2010,190671,2000 cc,Automatic,Petrol,Nairobi,Foreign Used,3237500
Nissan,X-Trail,2011,190844,2000 cc,Automatic,Petrol,Nakuru,Locally Used,1662500
Honda,Fit,2012,191017,1500 cc,Manual,Petrol,Kisumu,Locally Used,1462500
BMW,X3,2013,191190,2000 cc,Automatic,Diesel,Nairobi,Foreign Used,4200000
Audi,A4,2014,191363,2000 cc,Automatic,Diesel,Mombasa,Foreign Used,3997499
Toyota,Premio,2015,191536,1800 cc,Automatic,Petrol,Nairobi,Foreign Used,2205000
Subaru,Outback,2016,191709,2500 cc,Automatic,Petrol,Nairobi,Locally Used,2580000
Mazda,CX-5,2017,191882,2200 cc,Automatic,Diesel,Mombasa,Foreign Used,3135000
Mercedes-Benz,C200,2018,192055,2000 cc,Automatic,Petrol,Nairobi,Foreign Used,3937500
Nissan,X-Trail,2019,192228,2000 cc,Automatic,Petrol,Nakuru,Locally Used,2012499
Honda,Fit,2020,192401,1500 cc,Manual,Petrol,Kisumu,Locally Used,1762500
BMW,X3,2021,192574,2000 cc,Automatic,Diesel,Nairobi,Foreign Used,5040000
Audi,A4,2022,192747,2000 cc,Automatic,Diesel,Mombasa,Foreign Used,4777500
Toyota,Premio,2008,192920,1800 cc,Automatic,Petrol,Nairobi,Foreign Used,1575000
Subaru,Outback,2009,193093,2500 cc,Automatic,Petrol,Nairobi,Locally Used,1860000
Mazda,CX-5,2010,193266,2200 cc,Automatic,Diesel,Mombasa,Foreign Used,2280000
Mercedes-Benz,C200,2011,193439,2000 cc,Automatic,Petrol,Nairobi,Foreign Used,2887500
Nissan,X-Trail,2012,193612,2000 cc,Automatic,Petrol,Nakuru,Locally Used,1487500
Honda,Fit,2013,193785,1500 cc,Manual,Petrol,Kisumu,Locally Used,1312500
BMW,X3,2014,193958,2000 cc,Automatic,Diesel,Nairobi,Foreign Used,3780000
Audi,A4,2015,194131,2000 cc,Automatic,Diesel,Mombasa,Foreign Used,3607500
Toyota,Premio,2016,194304,1800 cc,Automatic,Petrol,Nairobi,Foreign Used,1995000
Subaru,Outback,2017,194477,2500 cc,Automatic,Petrol,Nairobi,Locally Used,2340000
Mazda,CX-5,2018,194650,2200 cc,Automatic,Diesel,Mombasa,Foreign Used,2850000
Mercedes-Benz,C200,2019,194823,2000 cc,Automatic,Petrol,Nairobi,Foreign Used,3587499
Nissan,X-Trail,2020,194996,2000 cc,Automatic,Petrol,Nakuru,Locally Used,1837500
Honda,Fit,2021,195169,1500 cc,Manual,Petrol,Kisumu,Locally Used,1612500
BMW,X3,2022,195342,2000 cc,Automatic,Diesel,Nairobi,Foreign Used,4620000
Audi,A4,2008,195515,2000 cc,Automatic,Diesel,Mombasa,Foreign Used,4387500
Toyota,Premio,2009,195688,1800 cc,Automatic,Petrol,Nairobi,Foreign Used,2415000
Subaru,Outback,2010,195861,2500 cc,Automatic,Petrol,Nairobi,Locally Used,2820000
Mazda,CX-5,2011,196034,2200 cc,Automatic,Diesel,Mombasa,Foreign Used,3420000
Mercedes-Benz,C200,2012,196207,2000 cc,Automatic,Petrol,Nairobi,Foreign Used,4287500
Nissan,X-Trail,2013,196380,2000 cc,Automatic,Petrol,Nakuru,Locally Used,1312500
Honda,Fit,2014,196553,1500 cc,Manual,Petrol,Kisumu,Locally Used,1162500
BMW,X3,2015,196726,2000 cc,Automatic,Diesel,Nairobi,Foreign Used,3360000
Audi,A4,2016,196899,2000 cc,Automatic,Diesel,Mombasa,Foreign Used,3217500
Toyota,Premio,2017,197072,1800 cc,Automatic,Petrol,Nairobi,Foreign Used,1785000
Subaru,Outback,2018,197245,2500 cc,Automatic,Petrol,Nairobi,Locally Used,2100000
Mazda,CX-5,2019,197418,2200 cc,Automatic,Diesel,Mombasa,Foreign Used,2565000
Mercedes-Benz,C200,2020,197591,2000 cc,Automatic,Petrol,Nairobi,Foreign Used,3237500
Nissan,X-Trail,2021,197764,2000 cc,Automatic,Petrol,Nakuru,Locally Used,1662500
Honda,Fit,2022,197937,1500 cc,Manual,Petrol,Kisumu,Locally Used,1462500
BMW,X3,2008,198110,2000 cc,Automatic,Diesel,Nairobi,Foreign Used,4200000
Audi,A4,2009,198283,2000 cc,Automatic,Diesel,Mombasa,Foreign Used,3997499
Toyota,Premio,2010,198456,1800 cc,Automatic,Petrol,Nairobi,Foreign Used,2205000
Subaru,Outback,2011,198629,2500 cc,Automatic,Petrol,Nairobi,Locally Used,2580000
Mazda,CX-5,2012,198802,2200 cc,Automatic,Diesel,Mombasa,Foreign Used,3135000
Mercedes-Benz,C200,2013,198975,2000 cc,Automatic,Petrol,Nairobi,Foreign Used,3937500
Nissan,X-Trail,2014,199148,2000 cc,Automatic,Petrol,Nakuru,Locally Used,2012499
Honda,Fit,2015,199321,1500 cc,Manual,Petrol,Kisumu,Locally Used,1762500
BMW,X3,2016,199494,2000 cc,Automatic,Diesel,Nairobi,Foreign Used,5040000
Audi,A4,2017,199667,2000 cc,Automatic,Diesel,Mombasa,Foreign Used,4777500
Toyota,Premio,2018,199840,1800 cc,Automatic,Petrol,Nairobi,Foreign Used,1575000
Subaru,Outback,2019,20013,2500 cc,Automatic,Petrol,Nairobi,Locally Used,1860000
Mazda,CX-5,2020,20186,2200 cc,Automatic,Diesel,Mombasa,Foreign Used,2280000
Mercedes-Benz,C200,2021,20359,2000 cc,Automatic,Petrol,Nairobi,Foreign Used,2887500
Nissan,X-Trail,2022,20532,2000 cc,Automatic,Petrol,Nakuru,Locally Used,1487500
Honda,Fit,2008,20705,1500 cc,Manual,Petrol,Kisumu,Locally Used,1312500
BMW,X3,2009,20878,2000 cc,Automatic,Diesel,Nairobi,Foreign Used,3780000
Audi,A4,2010,21051,2000 cc,Automatic,Diesel,Mombasa,Foreign Used,3607500
Toyota,Premio,2011,21224,1800 cc,Automatic,Petrol,Nairobi,Foreign Used,1995000
Subaru,Outback,2012,21397,2500 cc,Automatic,Petrol,Nairobi,Locally Used,2340000
Mazda,CX-5,2013,21570,2200 cc,Automatic,Diesel,Mombasa,Foreign Used,2850000
Mercedes-Benz,C200,2014,21743,2000 cc,Automatic,Petrol,Nairobi,Foreign Used,3587499
Nissan,X-Trail,2015,21916,2000 cc,Automatic,Petrol,Nakuru,Locally Used,1837500
Honda,Fit,2016,22089,1500 cc,Manual,Petrol,Kisumu,Locally Used,1612500
BMW,X3,2017,22262,2000 cc,Automatic,Diesel,Nairobi,Foreign Used,4620000
Audi,A4,2018,22435,2000 cc,Automatic,Diesel,Mombasa,Foreign Used,4387500
Toyota,Premio,2019,22608,1800 cc,Automatic,Petrol,Nairobi,Foreign Used,2415000
Subaru,Outback,2020,22781,2500 cc,Automatic,Petrol,Nairobi,Locally Used,2820000
Mazda,CX-5,2021,22954,2200 cc,Automatic,Diesel,Mombasa,Foreign Used,3420000
Mercedes-Benz,C200,2022,23127,2000 cc,Automatic,Petrol,Nairobi,Foreign Used,4287500
Nissan,X-Trail,2008,23300,2000 cc,Automatic,Petrol,Nakuru,Locally Used,1312500
Honda,Fit,2009,23473,1500 cc,Manual,Petrol,Kisumu,Locally Used,1162500
BMW,X3,2010,23646,2000 cc,Automatic,Diesel,Nairobi,Foreign Used,3360000
Audi,A4,2011,23819,2000 cc,Automatic,Diesel,Mombasa,Foreign Used,3217500
Toyota,Premio,2012,23992,1800 cc,Automatic,Petrol,Nairobi,Foreign Used,1785000
Subaru,Outback,2013,24165,2500 cc,Automatic,Petrol,Nairobi,Locally Used,2100000
Mazda,CX-5,2014,24338,2200 cc,Automatic,Diesel,Mombasa,Foreign Used,2565000
Mercedes-Benz,C200,2015,24511,2000 cc,Automatic,Petrol,Nairobi,Foreign Used,3237500
Nissan,X-Trail,2016,24684,2000 cc,Automatic,Petrol,Nakuru,Locally Used,1662500
Honda,Fit,2017,24857,1500 cc,Manual,Petrol,Kisumu,Locally Used,1462500
BMW,X3,2018,25030,2000 cc,Automatic,Diesel,Nairobi,Foreign Used,4200000
Audi,A4,2019,25203,2000 cc,Automatic,Diesel,Mombasa,Foreign Used,3997499
Toyota,Premio,2020,25376,1800 cc,Automatic,Petrol,Nairobi,Foreign Used,2205000
Subaru,Outback,2021,25549,2500 cc,Automatic,Petrol,Nairobi,Locally Used,2580000
Mazda,CX-5,2022,25722,2200 cc,Automatic,Diesel,Mombasa,Foreign Used,3135000
Mercedes-Benz,C200,2008,25895,2000 cc,Automatic,Petrol,Nairobi,Foreign Used,3937500
Nissan,X-Trail,2009,26068,2000 cc,Automatic,Petrol,Nakuru,Locally Used,2012499
Honda,Fit,2010,26241,1500 cc,Manual,Petrol,Kisumu,Locally Used,1762500
BMW,X3,2011,26414,2000 cc,Automatic,Diesel,Nairobi,Foreign Used,5040000
Audi,A4,2012,26587,2000 cc,Automatic,Diesel,Mombasa,Foreign Used,4777500
Toyota,Premio,2013,26760,1800 cc,Automatic,Petrol,Nairobi,Foreign Used,1575000
Subaru,Outback,2014,26933,2500 cc,Automatic,Petrol,Nairobi,Locally Used,1860000
Mazda,CX-5,2015,27106,2200 cc,Automatic,Diesel,Mombasa,Foreign Used,2280000
Mercedes-Benz,C200,2016,27279,2000 cc,Automatic,Petrol,Nairobi,Foreign Used,2887500
Nissan,X-Trail,2017,27452,2000 cc,Automatic,Petrol,Nakuru,Locally Used,1487500
Honda,Fit,2018,27625,1500 cc,Manual,Petrol,Kisumu,Locally Used,1312500
BMW,X3,2019,27798,2000 cc,Automatic,Diesel,Nairobi,Foreign Used,3780000
Audi,A4,2020,27971,2000 cc,Automatic,Diesel,Mombasa,Foreign Used,3607500
Toyota,Premio,2021,28144,1800 cc,Automatic,Petrol,Nairobi,Foreign Used,1995000
Subaru,Outback,2022,28317,2500 cc,Automatic,Petrol,Nairobi,Locally Used,2340000
Mazda,CX-5,2008,28490,2200 cc,Automatic,Diesel,Mombasa,Foreign Used,2850000
Mercedes-Benz,C200,2009,28663,2000 cc,Automatic,Petrol,Nairobi,Foreign Used,3587499
Nissan,X-Trail,2010,28836,2000 cc,Automatic,Petrol,Nakuru,Locally Used,1837500
Honda,Fit,2011,29009,1500 cc,Manual,Petrol,Kisumu,Locally Used,1612500
BMW,X3,2012,29182,2000 cc,Automatic,Diesel,Nairobi,Foreign Used,4620000
Audi,A4,2013,29355,2000 cc,Automatic,Diesel,Mombasa,Foreign Used,4387500
Toyota,Premio,2014,29528,1800 cc,Automatic,Petrol,Nairobi,Foreign Used,2415000
Subaru,Outback,2015,29701,2500 cc,Automatic,Petrol,Nairobi,Locally Used,2820000
Mazda,CX-5,2016,29874,2200 cc,Automatic,Diesel,Mombasa,Foreign Used,3420000
Mercedes-Benz,C200,2017,30047,2000 cc,Automatic,Petrol,Nairobi,Foreign Used,4287500
Nissan,X-Trail,2018,30220,2000 cc,Automatic,Petrol,Nakuru,Locally Used,1312500
Honda,Fit,2019,30393,1500 cc,Manual,Petrol,Kisumu,Locally Used,1162500
BMW,X3,2020,30566,2000 cc,Automatic,Diesel,Nairobi,Foreign Used,3360000
Audi,A4,2021,30739,2000 cc,Automatic,Diesel,Mombasa,Foreign Used,3217500
Toyota,Premio,2022,30912,1800 cc,Automatic,Petrol,Nairobi,Foreign Used,1785000
Subaru,Outback,2008,31085,2500 cc,Automatic,Petrol,Nairobi,Locally Used,2100000
Mazda,CX-5,2009,31258,2200 cc,Automatic,Diesel,Mombasa,Foreign Used,2565000
Mercedes-Benz,C200,2010,31431,2000 cc,Automatic,Petrol,Nairobi,Foreign Used,3237500
Nissan,X-Trail,2011,31604,2000 cc,Automatic,Petrol,Nakuru,Locally Used,1662500
Honda,Fit,2012,31777,1500 cc,Manual,Petrol,Kisumu,Locally Used,1462500
BMW,X3,2013,31950,2000 cc,Automatic,Diesel,Nairobi,Foreign Used,4200000
Audi,A4,2014,32123,2000 cc,Automatic,Diesel,Mombasa,Foreign Used,3997499
Toyota,Premio,2015,32296,1800 cc,Automatic,Petrol,Nairobi,Foreign Used,2205000
Subaru,Outback,2016,32469,2500 cc,Automatic,Petrol,Nairobi,Locally Used,2580000
Mazda,CX-5,2017,32642,2200 cc,Automatic,Diesel,Mombasa,Foreign Used,3135000
Mercedes-Benz,C200,2018,32815,2000 cc,Automatic,Petrol,Nairobi,Foreign Used,3937500
Nissan,X-Trail,2019,32988,2000 cc,Automatic,Petrol,Nakuru,Locally Used,2012499
Honda,Fit,2020,33161,1500 cc,Manual,Petrol,Kisumu,Locally Used,1762500
BMW,X3,2021,33334,2000 cc,Automatic,Diesel,Nairobi,Foreign Used,5040000
Audi,A4,2022,33507,2000 cc,Automatic,Diesel,Mombasa,Foreign Used,4777500
Toyota,Premio,2008,33680,1800 cc,Automatic,Petrol,Nairobi,Foreign Used,1575000
Subaru,Outback,2009,33853,2500 cc,Automatic,Petrol,Nairobi,Locally Used,1860000
Mazda,CX-5,2010,34026,2200 cc,Automatic,Diesel,Mombasa,Foreign Used,2280000
Mercedes-Benz,C200,2011,34199,2000 cc,Automatic,Petrol,Nairobi,Foreign Used,2887500
Nissan,X-Trail,2012,34372,2000 cc,Automatic,Petrol,Nakuru,Locally Used,1487500
Honda,Fit,2013,34545,1500 cc,Manual,Petrol,Kisumu,Locally Used,1312500
BMW,X3,2014,34718,2000 cc,Automatic,Diesel,Nairobi,Foreign Used,3780000
Audi,A4,2015,34891,2000 cc,Automatic,Diesel,Mombasa,Foreign Used,3607500
Toyota,Premio,2016,35064,1800 cc,Automatic,Petrol,Nairobi,Foreign Used,1995000
Subaru,Outback,2017,35237,2500 cc,Automatic,Petrol,Nairobi,Locally Used,2340000
Mazda,CX-5,2018,35410,2200 cc,Automatic,Diesel,Mombasa,Foreign Used,2850000
Mercedes-Benz,C200,2019,35583,2000 cc,Automatic,Petrol,Nairobi,Foreign Used,3587499
Nissan,X-Trail,2020,35756,2000 cc,Automatic,Petrol,Nakuru,Locally Used,1837500
Honda,Fit,2021,35929,1500 cc,Manual,Petrol,Kisumu,Locally Used,1612500
BMW,X3,2022,36102,2000 cc,Automatic,Diesel,Nairobi,Foreign Used,4620000
Audi,A4,2008,36275,2000 cc,Automatic,Diesel,Mombasa,Foreign Used,4387500
Toyota,Premio,2009,36448,1800 cc,Automatic,Petrol,Nairobi,Foreign Used,2415000
Subaru,Outback,2010,36621,2500 cc,Automatic,Petrol,Nairobi,Locally Used,2820000
Mazda,CX-5,2011,36794,2200 cc,Automatic,Diesel,Mombasa,Foreign Used,3420000
Mercedes-Benz,C200,2012,36967,2000 cc,Automatic,Petrol,Nairobi,Foreign Used,4287500
Nissan,X-Trail,2013,37140,2000 cc,Automatic,Petrol,Nakuru,Locally Used,1312500
Honda,Fit,2014,37313,1500 cc,Manual,Petrol,Kisumu,Locally Used,1162500
BMW,X3,2015,37486,2000 cc,Automatic,Diesel,Nairobi,Foreign Used,3360000
Audi,A4,2016,37659,2000 cc,Automatic,Diesel,Mombasa,Foreign Used,3217500
Toyota,Premio,2017,37832,1800 cc,Automatic,Petrol,Nairobi,Foreign Used,1785000
Subaru,Outback,2018,38005,2500 cc,Automatic,Petrol,Nairobi,Locally Used,2100000
Mazda,CX-5,2019,38178,2200 cc,Automatic,Diesel,Mombasa,Foreign Used,2565000
Mercedes-Benz,C200,2020,38351,2000 cc,Automatic,Petrol,Nairobi,Foreign Used,3237500
Nissan,X-Trail,2021,38524,2000 cc,Automatic,Petrol,Nakuru,Locally Used,1662500
Honda,Fit,2022,38697,1500 cc,Manual,Petrol,Kisumu,Locally Used,1462500
BMW,X3,2008,38870,2000 cc,Automatic,Diesel,Nairobi,Foreign Used,4200000
Audi,A4,2009,39043,2000 cc,Automatic,Diesel,Mombasa,Foreign Used,3997499
Toyota,Premio,2010,39216,1800 cc,Automatic,Petrol,Nairobi,Foreign Used,2205000
Subaru,Outback,2011,39389,2500 cc,Automatic,Petrol,Nairobi,Locally Used,2580000
Mazda,CX-5,2012,39562,2200 cc,Automatic,Diesel,Mombasa,Foreign Used,3135000
Mercedes-Benz,C200,2013,39735,2000 cc,Automatic,Petrol,Nairobi,Foreign Used,3937500
Nissan,X-Trail,2014,39908,2000 cc,Automatic,Petrol,Nakuru,Locally Used,2012499
Honda,Fit,2015,40081,1500 cc,Manual,Petrol,Kisumu,Locally Used,1762500
BMW,X3,2016,40254,2000 cc,Automatic,Diesel,Nairobi,Foreign Used,5040000
Audi,A4,2017,40427,2000 cc,Automatic,Diesel,Mombasa,Foreign Used,4777500
Toyota,Premio,2018,40600,1800 cc,Automatic,Petrol,Nairobi,Foreign Used,1575000
Subaru,Outback,2019,40773,2500 cc,Automatic,Petrol,Nairobi,Locally Used,1860000
Mazda,CX-5,2020,40946,2200 cc,Automatic,Diesel,Mombasa,Foreign Used,2280000
Mercedes-Benz,C200,2021,41119,2000 cc,Automatic,Petrol,Nairobi,Foreign Used,2887500
Nissan,X-Trail,2022,41292,2000 cc,Automatic,Petrol,Nakuru,Locally Used,1487500
Honda,Fit,2008,41465,1500 cc,Manual,Petrol,Kisumu,Locally Used,1312500
BMW,X3,2009,41638,2000 cc,Automatic,Diesel,Nairobi,Foreign Used,3780000
Audi,A4,2010,41811,2000 cc,Automatic,Diesel,Mombasa,Foreign Used,3607500
Toyota,Premio,2011,41984,1800 cc,Automatic,Petrol,Nairobi,Foreign Used,1995000
Subaru,Outback,2012,42157,2500 cc,Automatic,Petrol,Nairobi,Locally Used,2340000
Mazda,CX-5,2013,42330,2200 cc,Automatic,Diesel,Mombasa,Foreign Used,2850000
Mercedes-Benz,C200,2014,42503,2000 cc,Automatic,Petrol,Nairobi,Foreign Used,3587499
Nissan,X-Trail,2015,42676,2000 cc,Automatic,Petrol,Nakuru,Locally Used,1837500
Honda,Fit,2016,42849,1500 cc,Manual,Petrol,Kisumu,Locally Used,1612500
BMW,X3,2017,43022,2000 cc,Automatic,Diesel,Nairobi,Foreign Used,4620000
Audi,A4,2018,43195,2000 cc,Automatic,Diesel,Mombasa,Foreign Used,4387500
Toyota,Premio,2019,43368,1800 cc,Automatic,Petrol,Nairobi,Foreign Used,2415000
Subaru,Outback,2020,43541,2500 cc,Automatic,Petrol,Nairobi,Locally Used,2820000
Mazda,CX-5,2021,43714,2200 cc,Automatic,Diesel,Mombasa,Foreign Used,3420000
Mercedes-Benz,C200,2022,43887,2000 cc,Automatic,Petrol,Nairobi,Foreign Used,4287500
Nissan,X-Trail,2008,44060,2000 cc,Automatic,Petrol,Nakuru,Locally Used,1312500
Honda,Fit,2009,44233,1500 cc,Manual,Petrol,Kisumu,Locally Used,1162500
BMW,X3,2010,44406,2000 cc,Automatic,Diesel,Nairobi,Foreign Used,3360000
Audi,A4,2011,44579,2000 cc,Automatic,Diesel,Mombasa,Foreign Used,3217500
Toyota,Premio,2012,44752,1800 cc,Automatic,Petrol,Nairobi,Foreign Used,1785000
Subaru,Outback,2013,44925,2500 cc,Automatic,Petrol,Nairobi,Locally Used,2100000
Mazda,CX-5,2014,45098,2200 cc,Automatic,Diesel,Mombasa,Foreign Used,2565000
Mercedes-Benz,C200,2015,45271,2000 cc,Automatic,Petrol,Nairobi,Foreign Used,3237500
Nissan,X-Trail,2016,45444,2000 cc,Automatic,Petrol,Nakuru,Locally Used,1662500
Honda,Fit,2017,45617,1500 cc,Manual,Petrol,Kisumu,Locally Used,1462500
BMW,X3,2018,45790,2000 cc,Automatic,Diesel,Nairobi,Foreign Used,4200000
Audi,A4,2019,45963,2000 cc,Automatic,Diesel,Mombasa,Foreign Used,3997499
Toyota,Premio,2020,46136,1800 cc,Automatic,Petrol,Nairobi,Foreign Used,2205000
Subaru,Outback,2021,46309,2500 cc,Automatic,Petrol,Nairobi,Locally Used,2580000
Mazda,CX-5,2022,46482,2200 cc,Automatic,Diesel,Mombasa,Foreign Used,3135000
Mercedes-Benz,C200,2008,46655,2000 cc,Automatic,Petrol,Nairobi,Foreign Used,3937500
Nissan,X-Trail,2009,46828,2000 cc,Automatic,Petrol,Nakuru,Locally Used,2012499
Honda,Fit,2010,47001,1500 cc,Manual,Petrol,Kisumu,Locally Used,1762500
BMW,X3,2011,47174,2000 cc,Automatic,Diesel,Nairobi,Foreign Used,5040000
Audi,A4,2012,47347,2000 cc,Automatic,Diesel,Mombasa,Foreign Used,4777500
Toyota,Premio,2013,47520,1800 cc,Automatic,Petrol,Nairobi,Foreign Used,1575000
Subaru,Outback,2014,47693,2500 cc,Automatic,Petrol,Nairobi,Locally Used,1860000
Mazda,CX-5,2015,47866,2200 cc,Automatic,Diesel,Mombasa,Foreign Used,2280000
Mercedes-Benz,C200,2016,48039,2000 cc,Automatic,Petrol,Nairobi,Foreign Used,2887500
Nissan,X-Trail,2017,48212,2000 cc,Automatic,Petrol,Nakuru,Locally Used,1487500
Honda,Fit,2018,48385,1500 cc,Manual,Petrol,Kisumu,Locally Used,1312500
BMW,X3,2019,48558,2000 cc,Automatic,Diesel,Nairobi,Foreign Used,3780000
Audi,A4,2020,48731,2000 cc,Automatic,Diesel,Mombasa,Foreign Used,3607500
Toyota,Premio,2021,48904,1800 cc,Automatic,Petrol,Nairobi,Foreign Used,1995000
Subaru,Outback,2022,49077,2500 cc,Automatic,Petrol,Nairobi,Locally Used,2340000
Mazda,CX-5,2008,49250,2200 cc,Automatic,Diesel,Mombasa,Foreign Used,2850000
Mercedes-Benz,C200,2009,49423,2000 cc,Automatic,Petrol,Nairobi,Foreign Used,3587499
Nissan,X-Trail,2010,49596,2000 cc,Automatic,Petrol,Nakuru,Locally Used,1837500
Honda,Fit,2011,49769,1500 cc,Manual,Petrol,Kisumu,Locally Used,1612500
BMW,X3,2012,49942,2000 cc,Automatic,Diesel,Nairobi,Foreign Used,4620000
Audi,A4,2013,50115,2000 cc,Automatic,Diesel,Mombasa,Foreign Used,4387500
Toyota,Premio,2014,50288,1800 cc,Automatic,Petrol,Nairobi,Foreign Used,2415000
Subaru,Outback,2015,50461,2500 cc,Automatic,Petrol,Nairobi,Locally Used,2820000
Mazda,CX-5,2016,50634,2200 cc,Automatic,Diesel,Mombasa,Foreign Used,3420000
Mercedes-Benz,C200,2017,50807,2000 cc,Automatic,Petrol,Nairobi,Foreign Used,4287500
Nissan,X-Trail,2018,50980,2000 cc,Automatic,Petrol,Nakuru,Locally Used,1312500
Honda,Fit,2019,51153,1500 cc,Manual,Petrol,Kisumu,Locally Used,1162500
BMW,X3,2020,51326,2000 cc,Automatic,Diesel,Nairobi,Foreign Used,3360000
Audi,A4,2021,51499,2000 cc,Automatic,Diesel,Mombasa,Foreign Used,3217500
Toyota,Premio,2022,51672,1800 cc,Automatic,Petrol,Nairobi,Foreign Used,1785000
Subaru,Outback,2008,51845,2500 cc,Automatic,Petrol,Nairobi,Locally Used,2100000
Mazda,CX-5,2009,52018,2200 cc,Automatic,Diesel,Mombasa,Foreign Used,2565000
Mercedes-Benz,C200,2010,52191,2000 cc,Automatic,Petrol,Nairobi,Foreign Used,3237500
Nissan,X-Trail,2011,52364,2000 cc,Automatic,Petrol,Nakuru,Locally Used,1662500
Honda,Fit,2012,52537,1500 cc,Manual,Petrol,Kisumu,Locally Used,1462500
BMW,X3,2013,52710,2000 cc,Automatic,Diesel,Nairobi,Foreign Used,4200000
Audi,A4,2014,52883,2000 cc,Automatic,Diesel,Mombasa,Foreign Used,3997499
Toyota,Premio,2015,53056,1800 cc,Automatic,Petrol,Nairobi,Foreign Used,2205000
Subaru,Outback,2016,53229,2500 cc,Automatic,Petrol,Nairobi,Locally Used,2580000
Mazda,CX-5,2017,53402,2200 cc,Automatic,Diesel,Mombasa,Foreign Used,3135000
Mercedes-Benz,C200,2018,53575,2000 cc,Automatic,Petrol,Nairobi,Foreign Used,3937500
Nissan,X-Trail,2019,53748,2000 cc,Automatic,Petrol,Nakuru,Locally Used,2012499
Honda,Fit,2020,53921,1500 cc,Manual,Petrol,Kisumu,Locally Used,1762500
BMW,X3,2021,54094,2000 cc,Automatic,Diesel,Nairobi,Foreign Used,5040000
Audi,A4,2022,54267,2000 cc,Automatic,Diesel,Mombasa,Foreign Used,4777500
Toyota,Premio,2008,54440,1800 cc,Automatic,Petrol,Nairobi,Foreign Used,1575000
Subaru,Outback,2009,54613,2500 cc,Automatic,Petrol,Nairobi,Locally Used,1860000
Mazda,CX-5,2010,54786,2200 cc,Automatic,Diesel,Mombasa,Foreign Used,2280000
Mercedes-Benz,C200,2011,54959,2000 cc,Automatic,Petrol,Nairobi,Foreign Used,2887500
Nissan,X-Trail,2012,55132,2000 cc,Automatic,Petrol,Nakuru,Locally Used,1487500
Honda,Fit,2013,55305,1500 cc,Manual,Petrol,Kisumu,Locally Used,1312500
BMW,X3,2014,55478,2000 cc,Automatic,Diesel,Nairobi,Foreign Used,3780000
Audi,A4,2015,55651,2000 cc,Automatic,Diesel,Mombasa,Foreign Used,3607500
Toyota,Premio,2016,55824,1800 cc,Automatic,Petrol,Nairobi,Foreign Used,1995000
Subaru,Outback,2017,55997,2500 cc,Automatic,Petrol,Nairobi,Locally Used,2340000
Mazda,CX-5,2018,56170,2200 cc,Automatic,Diesel,Mombasa,Foreign Used,2850000
Mercedes-Benz,C200,2019,56343,2000 cc,Automatic,Petrol,Nairobi,Foreign Used,3587499
Nissan,X-Trail,2020,56516,2000 cc,Automatic,Petrol,Nakuru,Locally Used,1837500
Honda,Fit,2021,56689,1500 cc,Manual,Petrol,Kisumu,Locally Used,1612500
BMW,X3,2022,56862,2000 cc,Automatic,Diesel,Nairobi,Foreign Used,4620000
Audi,A4,2008,57035,2000 cc,Automatic,Diesel,Mombasa,Foreign Used,4387500
Toyota,Premio,2009,57208,1800 cc,Automatic,Petrol,Nairobi,Foreign Used,2415000
Subaru,Outback,2010,57381,2500 cc,Automatic,Petrol,Nairobi,Locally Used,2820000
Mazda,CX-5,2011,57554,2200 cc,Automatic,Diesel,Mombasa,Foreign Used,3420000
Mercedes-Benz,C200,2012,57727,2000 cc,Automatic,Petrol,Nairobi,Foreign Used,4287500
Nissan,X-Trail,2013,57900,2000 cc,Automatic,Petrol,Nakuru,Locally Used,1312500
Honda,Fit,2014,58073,1500 cc,Manual,Petrol,Kisumu,Locally Used,1162500
BMW,X3,2015,58246,2000 cc,Automatic,Diesel,Nairobi,Foreign Used,3360000
Audi,A4,2016,58419,2000 cc,Automatic,Diesel,Mombasa,Foreign Used,3217500
Toyota,Premio,2017,58592,1800 cc,Automatic,Petrol,Nairobi,Foreign Used,1785000
Subaru,Outback,2018,58765,2500 cc,Automatic,Petrol,Nairobi,Locally Used,2100000
Mazda,CX-5,2019,58938,2200 cc,Automatic,Diesel,Mombasa,Foreign Used,2565000
Mercedes-Benz,C200,2020,59111,2000 cc,Automatic,Petrol,Nairobi,Foreign Used,3237500
Nissan,X-Trail,2021,59284,2000 cc,Automatic,Petrol,Nakuru,Locally Used,1662500
Honda,Fit,2022,59457,1500 cc,Manual,Petrol,Kisumu,Locally Used,1462500
BMW,X3,2008,59630,2000 cc,Automatic,Diesel,Nairobi,Foreign Used,4200000
Audi,A4,2009,59803,2000 cc,Automatic,Diesel,Mombasa,Foreign Used,3997499
Toyota,Premio,2010,59976,1800 cc,Automatic,Petrol,Nairobi,Foreign Used,2205000
Subaru,Outback,2011,60149,2500 cc,Automatic,Petrol,Nairobi,Locally Used,2580000
Mazda,CX-5,2012,60322,2200 cc,Automatic,Diesel,Mombasa,Foreign Used,3135000
Mercedes-Benz,C200,2013,60495,2000 cc,Automatic,Petrol,Nairobi,Foreign Used,3937500
Nissan,X-Trail,2014,60668,2000 cc,Automatic,Petrol,Nakuru,Locally Used,2012499
Honda,Fit,2015,60841,1500 cc,Manual,Petrol,Kisumu,Locally Used,1762500
BMW,X3,2016,61014,2000 cc,Automatic,Diesel,Nairobi,Foreign Used,5040000
Audi,A4,2017,61187,2000 cc,Automatic,Diesel,Mombasa,Foreign Used,4777500
Toyota,Premio,2018,61360,1800 cc,Automatic,Petrol,Nairobi,Foreign Used,1575000
Subaru,Outback,2019,61533,2500 cc,Automatic,Petrol,Nairobi,Locally Used,1860000
Mazda,CX-5,2020,61706,2200 cc,Automatic,Diesel,Mombasa,Foreign Used,2280000
Mercedes-Benz,C200,2021,61879,2000 cc,Automatic,Petrol,Nairobi,Foreign Used,2887500
Nissan,X-Trail,2022,62052,2000 cc,Automatic,Petrol,Nakuru,Locally Used,1487500
Honda,Fit,2008,62225,1500 cc,Manual,Petrol,Kisumu,Locally Used,1312500
BMW,X3,2009,62398,2000 cc,Automatic,Diesel,Nairobi,Foreign Used,3780000
Audi,A4,2010,62571,2000 cc,Automatic,Diesel,Mombasa,Foreign Used,3607500
Toyota,Premio,2011,62744,1800 cc,Automatic,Petrol,Nairobi,Foreign Used,1995000
Subaru,Outback,2012,62917,2500 cc,Automatic,Petrol,Nairobi,Locally Used,2340000
Mazda,CX-5,2013,63090,2200 cc,Automatic,Diesel,Mombasa,Foreign Used,2850000
Mercedes-Benz,C200,2014,63263,2000 cc,Automatic,Petrol,Nairobi,Foreign Used,3587499
Nissan,X-Trail,2015,63436,2000 cc,Automatic,Petrol,Nakuru,Locally Used,1837500
Honda,Fit,2016,63609,1500 cc,Manual,Petrol,Kisumu,Locally Used,1612500
BMW,X3,2017,63782,2000 cc,Automatic,Diesel,Nairobi,Foreign Used,4620000
Audi,A4,2018,63955,2000 cc,Automatic,Diesel,Mombasa,Foreign Used,4387500
Toyota,Premio,2019,64128,1800 cc,Automatic,Petrol,Nairobi,Foreign Used,2415000
Subaru,Outback,2020,64301,2500 cc,Automatic,Petrol,Nairobi,Locally Used,2820000
Mazda,CX-5,2021,64474,2200 cc,Automatic,Diesel,Mombasa,Foreign Used,3420000
Mercedes-Benz,C200,2022,64647,2000 cc,Automatic,Petrol,Nairobi,Foreign Used,4287500
Nissan,X-Trail,2008,64820,2000 cc,Automatic,Petrol,Nakuru,Locally Used,1312500
Honda,Fit,2009,64993,1500 cc,Manual,Petrol,Kisumu,Locally Used,1162500
BMW,X3,2010,65166,2000 cc,Automatic,Diesel,Nairobi,Foreign Used,3360000
Audi,A4,2011,65339,2000 cc,Automatic,Diesel,Mombasa,Foreign Used,3217500
Toyota,Premio,2012,65512,1800 cc,Automatic,Petrol,Nairobi,Foreign Used,1785000
Subaru,Outback,2013,65685,2500 cc,Automatic,Petrol,Nairobi,Locally Used,2100000
Mazda,CX-5,2014,65858,2200 cc,Automatic,Diesel,Mombasa,Foreign Used,2565000
Mercedes-Benz,C200,2015,66031,2000 cc,Automatic,Petrol,Nairobi,Foreign Used,3237500
Nissan,X-Trail,2016,66204,2000 cc,Automatic,Petrol,Nakuru,Locally Used,1662500
Honda,Fit,2017,66377,1500 cc,Manual,Petrol,Kisumu,Locally Used,1462500
BMW,X3,2018,66550,2000 cc,Automatic,Diesel,Nairobi,Foreign Used,4200000
Audi,A4,2019,66723,2000 cc,Automatic,Diesel,Mombasa,Foreign Used,3997499
Toyota,Premio,2020,66896,1800 cc,Automatic,Petrol,Nairobi,Foreign Used,2205000
Subaru,Outback,2021,67069,2500 cc,Automatic,Petrol,Nairobi,Locally Used,2580000
Mazda,CX-5,2022,67242,2200 cc,Automatic,Diesel,Mombasa,Foreign Used,3135000
Mercedes-Benz,C200,2008,67415,2000 cc,Automatic,Petrol,Nairobi,Foreign Used,3937500
Nissan,X-Trail,2009,67588,2000 cc,Automatic,Petrol,Nakuru,Locally Used,2012499
Honda,Fit,2010,67761,1500 cc,Manual,Petrol,Kisumu,Locally Used,1762500
BMW,X3,2011,67934,2000 cc,Automatic,Diesel,Nairobi,Foreign Used,5040000
Audi,A4,2012,68107,2000 cc,Automatic,Diesel,Mombasa,Foreign Used,4777500
Toyota,Premio,2013,68280,1800 cc,Automatic,Petrol,Nairobi,Foreign Used,1575000
Subaru,Outback,2014,68453,2500 cc,Automatic,Petrol,Nairobi,Locally Used,1860000
Mazda,CX-5,2015,68626,2200 cc,Automatic,Diesel,Mombasa,Foreign Used,2280000
Mercedes-Benz,C200,2016,68799,2000 cc,Automatic,Petrol,Nairobi,Foreign Used,2887500
Nissan,X-Trail,2017,68972,2000 cc,Automatic,Petrol,Nakuru,Locally Used,1487500
Honda,Fit,2018,69145,1500 cc,Manual,Petrol,Kisumu,Locally Used,1312500
BMW,X3,2019,69318,2000 cc,Automatic,Diesel,Nairobi,Foreign Used,3780000
Audi,A4,2020,69491,2000 cc,Automatic,Diesel,Mombasa,Foreign Used,3607500
Toyota,Premio,2021,69664,1800 cc,Automatic,Petrol,Nairobi,Foreign Used,1995000
Subaru,Outback,2022,69837,2500 cc,Automatic,Petrol,Nairobi,Locally Used,2340000
Mazda,CX-5,2008,70010,2200 cc,Automatic,Diesel,Mombasa,Foreign Used,2850000
Mercedes-Benz,C200,2009,70183,2000 cc,Automatic,Petrol,Nairobi,Foreign Used,3587499
Nissan,X-Trail,2010,70356,2000 cc,Automatic,Petrol,Nakuru,Locally Used,1837500
Honda,Fit,2011,70529,1500 cc,Manual,Petrol,Kisumu,Locally Used,1612500
BMW,X3,2012,70702,2000 cc,Automatic,Diesel,Nairobi,Foreign Used,4620000
Audi,A4,2013,70875,2000 cc,Automatic,Diesel,Mombasa,Foreign Used,4387500
Toyota,Premio,2014,71048,1800 cc,Automatic,Petrol,Nairobi,Foreign Used,2415000
Subaru,Outback,2015,71221,2500 cc,Automatic,Petrol,Nairobi,Locally Used,2820000
Mazda,CX-5,2016,71394,2200 cc,Automatic,Diesel,Mombasa,Foreign Used,3420000
Mercedes-Benz,C200,2017,71567,2000 cc,Automatic,Petrol,Nairobi,Foreign Used,4287500
Nissan,X-Trail,2018,71740,2000 cc,Automatic,Petrol,Nakuru,Locally Used,1312500
Honda,Fit,2019,71913,1500 cc,Manual,Petrol,Kisumu,Locally Used,1162500
BMW,X3,2020,72086,2000 cc,Automatic,Diesel,Nairobi,Foreign Used,3360000
Audi,A4,2021,72259,2000 cc,Automatic,Diesel,Mombasa,Foreign Used,3217500
Toyota,Premio,2022,72432,1800 cc,Automatic,Petrol,Nairobi,Foreign Used,1785000
Subaru,Outback,2008,72605,2500 cc,Automatic,Petrol,Nairobi,Locally Used,2100000
Mazda,CX-5,2009,72778,2200 cc,Automatic,Diesel,Mombasa,Foreign Used,2565000
Mercedes-Benz,C200,2010,72951,2000 cc,Automatic,Petrol,Nairobi,Foreign Used,3237500
Nissan,X-Trail,2011,73124,2000 cc,Automatic,Petrol,Nakuru,Locally Used,1662500
Honda,Fit,2012,73297,1500 cc,Manual,Petrol,Kisumu,Locally Used,1462500
BMW,X3,2013,73470,2000 cc,Automatic,Diesel,Nairobi,Foreign Used,4200000
Audi,A4,2014,73643,2000 cc,Automatic,Diesel,Mombasa,Foreign Used,3997499
Toyota,Premio,2015,73816,1800 cc,Automatic,Petrol,Nairobi,Foreign Used,2205000
Subaru,Outback,2016,73989,2500 cc,Automatic,Petrol,Nairobi,Locally Used,2580000
Mazda,CX-5,2017,74162,2200 cc,Automatic,Diesel,Mombasa,Foreign Used,3135000
Mercedes-Benz,C200,2018,74335,2000 cc,Automatic,Petrol,Nairobi,Foreign Used,3937500
Nissan,X-Trail,2019,74508,2000 cc,Automatic,Petrol,Nakuru,Locally Used,2012499
Honda,Fit,2020,74681,1500 cc,Manual,Petrol,Kisumu,Locally Used,1762500
BMW,X3,2021,74854,2000 cc,Automatic,Diesel,Nairobi,Foreign Used,5040000
Audi,A4,2022,75027,2000 cc,Automatic,Diesel,Mombasa,Foreign Used,4777500
Toyota,Premio,2008,75200,1800 cc,Automatic,Petrol,Nairobi,Foreign Used,1575000
Subaru,Outback,2009,75373,2500 cc,Automatic,Petrol,Nairobi,Locally Used,1860000
Mazda,CX-5,2010,75546,2200 cc,Automatic,Diesel,Mombasa,Foreign Used,2280000
Mercedes-Benz,C200,2011,75719,2000 cc,Automatic,Petrol,Nairobi,Foreign Used,2887500
Nissan,X-Trail,2012,75892,2000 cc,Automatic,Petrol,Nakuru,Locally Used,1487500
Honda,Fit,2013,76065,1500 cc,Manual,Petrol,Kisumu,Locally Used,1312500
BMW,X3,2014,76238,2000 cc,Automatic,Diesel,Nairobi,Foreign Used,3780000
Audi,A4,2015,76411,2000 cc,Automatic,Diesel,Mombasa,Foreign Used,3607500
Toyota,Premio,2016,76584,1800 cc,Automatic,Petrol,Nairobi,Foreign Used,1995000
Subaru,Outback,2017,76757,2500 cc,Automatic,Petrol,Nairobi,Locally Used,2340000
Mazda,CX-5,2018,76930,2200 cc,Automatic,Diesel,Mombasa,Foreign Used,2850000
Mercedes-Benz,C200,2019,77103,2000 cc,Automatic,Petrol,Nairobi,Foreign Used,3587499
Nissan,X-Trail,2020,77276,2000 cc,Automatic,Petrol,Nakuru,Locally Used,1837500
Honda,Fit,2021,77449,1500 cc,Manual,Petrol,Kisumu,Locally Used,1612500
BMW,X3,2022,77622,2000 cc,Automatic,Diesel,Nairobi,Foreign Used,4620000
Audi,A4,2008,77795,2000 cc,Automatic,Diesel,Mombasa,Foreign Used,4387500
Toyota,Premio,2009,77968,1800 cc,Automatic,Petrol,Nairobi,Foreign Used,2415000
Subaru,Outback,2010,78141,2500 cc,Automatic,Petrol,Nairobi,Locally Used,2820000
Mazda,CX-5,2011,78314,2200 cc,Automatic,Diesel,Mombasa,Foreign Used,3420000
Mercedes-Benz,C200,2012,78487,2000 cc,Automatic,Petrol,Nairobi,Foreign Used,4287500
Nissan,X-Trail,2013,78660,2000 cc,Automatic,Petrol,Nakuru,Locally Used,1312500
Honda,Fit,2014,78833,1500 cc,Manual,Petrol,Kisumu,Locally Used,1162500
BMW,X3,2015,79006,2000 cc,Automatic,Diesel,Nairobi,Foreign Used,3360000
Audi,A4,2016,79179,2000 cc,Automatic,Diesel,Mombasa,Foreign Used,3217500
Toyota,Premio,2017,79352,1800 cc,Automatic,Petrol,Nairobi,Foreign Used,1785000
Subaru,Outback,2018,79525,2500 cc,Automatic,Petrol,Nairobi,Locally Used,2100000
Mazda,CX-5,2019,79698,2200 cc,Automatic,Diesel,Mombasa,Foreign Used,2565000
Mercedes-Benz,C200,2020,79871,2000 cc,Automatic,Petrol,Nairobi,Foreign Used,3237500
Nissan,X-Trail,2021,80044,2000 cc,Automatic,Petrol,Nakuru,Locally Used,1662500
Honda,Fit,2022,80217,1500 cc,Manual,Petrol,Kisumu,Locally Used,1462500
BMW,X3,2008,80390,2000 cc,Automatic,Diesel,Nairobi,Foreign Used,4200000
Audi,A4,2009,80563,2000 cc,Automatic,Diesel,Mombasa,Foreign Used,3997499
Toyota,Premio,2010,80736,1800 cc,Automatic,Petrol,Nairobi,Foreign Used,2205000
Subaru,Outback,2011,80909,2500 cc,Automatic,Petrol,Nairobi,Locally Used,2580000
Mazda,CX-5,2012,81082,2200 cc,Automatic,Diesel,Mombasa,Foreign Used,3135000
Mercedes-Benz,C200,2013,81255,2000 cc,Automatic,Petrol,Nairobi,Foreign Used,3937500
Nissan,X-Trail,2014,81428,2000 cc,Automatic,Petrol,Nakuru,Locally Used,2012499
Honda,Fit,2015,81601,1500 cc,Manual,Petrol,Kisumu,Locally Used,1762500
BMW,X3,2016,81774,2000 cc,Automatic,Diesel,Nairobi,Foreign Used,5040000
Audi,A4,2017,81947,2000 cc,Automatic,Diesel,Mombasa,Foreign Used,4777500
Toyota,Premio,2018,82120,1800 cc,Automatic,Petrol,Nairobi,Foreign Used,1575000
Subaru,Outback,2019,82293,2500 cc,Automatic,Petrol,Nairobi,Locally Used,1860000
Mazda,CX-5,2020,82466,2200 cc,Automatic,Diesel,Mombasa,Foreign Used,2280000
Mercedes-Benz,C200,2021,82639,2000 cc,Automatic,Petrol,Nairobi,Foreign Used,2887500
Nissan,X-Trail,2022,82812,2000 cc,Automatic,Petrol,Nakuru,Locally Used,1487500
Honda,Fit,2008,82985,1500 cc,Manual,Petrol,Kisumu,Locally Used,1312500
BMW,X3,2009,83158,2000 cc,Automatic,Diesel,Nairobi,Foreign Used,3780000
Audi,A4,2010,83331,2000 cc,Automatic,Diesel,Mombasa,Foreign Used,3607500
Toyota,Premio,2011,83504,1800 cc,Automatic,Petrol,Nairobi,Foreign Used,1995000
Subaru,Outback,2012,83677,2500 cc,Automatic,Petrol,Nairobi,Locally Used,2340000
Mazda,CX-5,2013,83850,2200 cc,Automatic,Diesel,Mombasa,Foreign Used,2850000
Mercedes-Benz,C200,2014,84023,2000 cc,Automatic,Petrol,Nairobi,Foreign Used,3587499
Nissan,X-Trail,2015,84196,2000 cc,Automatic,Petrol,Nakuru,Locally Used,1837500
Honda,Fit,2016,84369,1500 cc,Manual,Petrol,Kisumu,Locally Used,1612500
BMW,X3,2017,84542,2000 cc,Automatic,Diesel,Nairobi,Foreign Used,4620000
Audi,A4,2018,84715,2000 cc,Automatic,Diesel,Mombasa,Foreign Used,4387500
Toyota,Premio,2019,84888,1800 cc,Automatic,Petrol,Nairobi,Foreign Used,2415000
Subaru,Outback,2020,85061,2500 cc,Automatic,Petrol,Nairobi,Locally Used,2820000
Mazda,CX-5,2021,85234,2200 cc,Automatic,Diesel,Mombasa,Foreign Used,3420000
Mercedes-Benz,C200,2022,85407,2000 cc,Automatic,Petrol,Nairobi,Foreign Used,4287500
Nissan,X-Trail,2008,85580,2000 cc,Automatic,Petrol,Nakuru,Locally Used,1312500
Honda,Fit,2009,85753,1500 cc,Manual,Petrol,Kisumu,Locally Used,1162500
BMW,X3,2010,85926,2000 cc,Automatic,Diesel,Nairobi,Foreign Used,3360000
Audi,A4,2011,86099,2000 cc,Automatic,Diesel,Mombasa,Foreign Used,3217500
Toyota,Premio,2012,86272,1800 cc,Automatic,Petrol,Nairobi,Foreign Used,1785000
Subaru,Outback,2013,86445,2500 cc,Automatic,Petrol,Nairobi,Locally Used,2100000
Mazda,CX-5,2014,86618,2200 cc,Automatic,Diesel,Mombasa,Foreign Used,2565000
Mercedes-Benz,C200,2015,86791,2000 cc,Automatic,Petrol,Nairobi,Foreign Used,3237500
Nissan,X-Trail,2016,86964,2000 cc,Automatic,Petrol,Nakuru,Locally Used,1662500
Honda,Fit,2017,87137,1500 cc,Manual,Petrol,Kisumu,Locally Used,1462500
BMW,X3,2018,87310,2000 cc,Automatic,Diesel,Nairobi,Foreign Used,4200000
Audi,A4,2019,87483,2000 cc,Automatic,Diesel,Mombasa,Foreign Used,3997499
Toyota,Premio,2020,87656,1800 cc,Automatic,Petrol,Nairobi,Foreign Used,2205000
Subaru,Outback,2021,87829,2500 cc,Automatic,Petrol,Nairobi,Locally Used,2580000
Mazda,CX-5,2022,88002,2200 cc,Automatic,Diesel,Mombasa,Foreign Used,3135000
Mercedes-Benz,C200,2008,88175,2000 cc,Automatic,Petrol,Nairobi,Foreign Used,3937500
Nissan,X-Trail,2009,88348,2000 cc,Automatic,Petrol,Nakuru,Locally Used,2012499
Honda,Fit,2010,88521,1500 cc,Manual,Petrol,Kisumu,Locally Used,1762500
BMW,X3,2011,88694,2000 cc,Automatic,Diesel,Nairobi,Foreign Used,5040000
Audi,A4,2012,88867,2000 cc,Automatic,Diesel,Mombasa,Foreign Used,4777500
Toyota,Premio,2013,89040,1800 cc,Automatic,Petrol,Nairobi,Foreign Used,1575000
Subaru,Outback,2014,89213,2500 cc,Automatic,Petrol,Nairobi,Locally Used,1860000
Mazda,CX-5,2015,89386,2200 cc,Automatic,Diesel,Mombasa,Foreign Used,2280000
Mercedes-Benz,C200,2016,89559,2000 cc,Automatic,Petrol,Nairobi,Foreign Used,2887500
Nissan,X-Trail,2017,89732,2000 cc,Automatic,Petrol,Nakuru,Locally Used,1487500
Honda,Fit,2018,89905,1500 cc,Manual,Petrol,Kisumu,Locally Used,1312500
BMW,X3,2019,90078,2000 cc,Automatic,Diesel,Nairobi,Foreign Used,3780000
Audi,A4,2020,90251,2000 cc,Automatic,Diesel,Mombasa,Foreign Used,3607500
Toyota,Premio,2021,90424,1800 cc,Automatic,Petrol,Nairobi,Foreign Used,1995000
Subaru,Outback,2022,90597,2500 cc,Automatic,Petrol,Nairobi,Locally Used,2340000
Mazda,CX-5,2008,90770,2200 cc,Automatic,Diesel,Mombasa,Foreign Used,2850000
Mercedes-Benz,C200,2009,90943,2000 cc,Automatic,Petrol,Nairobi,Foreign Used,3587499
Nissan,X-Trail,2010,91116,2000 cc,Automatic,Petrol,Nakuru,Locally Used,1837500
Honda,Fit,2011,91289,1500 cc,Manual,Petrol,Kisumu,Locally Used,1612500
BMW,X3,2012,91462,2000 cc,Automatic,Diesel,Nairobi,Foreign Used,4620000
Audi,A4,2013,91635,2000 cc,Automatic,Diesel,Mombasa,Foreign Used,4387500
Toyota,Premio,2014,91808,1800 cc,Automatic,Petrol,Nairobi,Foreign Used,2415000
Subaru,Outback,2015,91981,2500 cc,Automatic,Petrol,Nairobi,Locally Used,2820000
Mazda,CX-5,2016,92154,2200 cc,Automatic,Diesel,Mombasa,Foreign Used,3420000
Mercedes-Benz,C200,2017,92327,2000 cc,Automatic,Petrol,Nairobi,Foreign Used,4287500
Nissan,X-Trail,2018,92500,2000 cc,Automatic,Petrol,Nakuru,Locally Used,1312500
Honda,Fit,2019,92673,1500 cc,Manual,Petrol,Kisumu,Locally Used,1162500
BMW,X3,2020,92846,2000 cc,Automatic,Diesel,Nairobi,Foreign Used,3360000
Audi,A4,2021,93019,2000 cc,Automatic,Diesel,Mombasa,Foreign Used,3217500
Toyota,Premio,2022,93192,1800 cc,Automatic,Petrol,Nairobi,Foreign Used,1785000
Subaru,Outback,2008,93365,2500 cc,Automatic,Petrol,Nairobi,Locally Used,2100000
Mazda,CX-5,2009,93538,2200 cc,Automatic,Diesel,Mombasa,Foreign Used,2565000
Mercedes-Benz,C200,2010,93711,2000 cc,Automatic,Petrol,Nairobi,Foreign Used,3237500
Nissan,X-Trail,2011,93884,2000 cc,Automatic,Petrol,Nakuru,Locally Used,1662500
Honda,Fit,2012,94057,1500 cc,Manual,Petrol,Kisumu,Locally Used,1462500
BMW,X3,2013,94230,2000 cc,Automatic,Diesel,Nairobi,Foreign Used,4200000
Audi,A4,2014,94403,2000 cc,Automatic,Diesel,Mombasa,Foreign Used,3997499
Toyota,Premio,2015,94576,1800 cc,Automatic,Petrol,Nairobi,Foreign Used,2205000
Subaru,Outback,2016,94749,2500 cc,Automatic,Petrol,Nairobi,Locally Used,2580000
Mazda,CX-5,2017,94922,2200 cc,Automatic,Diesel,Mombasa,Foreign Used,3135000
Mercedes-Benz,C200,2018,95095,2000 cc,Automatic,Petrol,Nairobi,Foreign Used,3937500
Nissan,X-Trail,2019,95268,2000 cc,Automatic,Petrol,Nakuru,Locally Used,2012499
Honda,Fit,2020,95441,1500 cc,Manual,Petrol,Kisumu,Locally Used,1762500
BMW,X3,2021,95614,2000 cc,Automatic,Diesel,Nairobi,Foreign Used,5040000
Audi,A4,2022,95787,2000 cc,Automatic,Diesel,Mombasa,Foreign Used,4777500
Toyota,Premio,2008,95960,1800 cc,Automatic,Petrol,Nairobi,Foreign Used,1575000
Subaru,Outback,2009,96133,2500 cc,Automatic,Petrol,Nairobi,Locally Used,1860000
Mazda,CX-5,2010,96306,2200 cc,Automatic,Diesel,Mombasa,Foreign Used,2280000
Mercedes-Benz,C200,2011,96479,2000 cc,Automatic,Petrol,Nairobi,Foreign Used,2887500
Nissan,X-Trail,2012,96652,2000 cc,Automatic,Petrol,Nakuru,Locally Used,1487500
Honda,Fit,2013,96825,1500 cc,Manual,Petrol,Kisumu,Locally Used,1312500
BMW,X3,2014,96998,2000 cc,Automatic,Diesel,Nairobi,Foreign Used,3780000
Audi,A4,2015,97171,2000 cc,Automatic,Diesel,Mombasa,Foreign Used,3607500
Toyota,Premio,2016,97344,1800 cc,Automatic,Petrol,Nairobi,Foreign Used,1995000
Subaru,Outback,2017,97517,2500 cc,Automatic,Petrol,Nairobi,Locally Used,2340000
Mazda,CX-5,2018,97690,2200 cc,Automatic,Diesel,Mombasa,Foreign Used,2850000
Mercedes-Benz,C200,2019,97863,2000 cc,Automatic,Petrol,Nairobi,Foreign Used,3587499
Nissan,X-Trail,2020,98036,2000 cc,Automatic,Petrol,Nakuru,Locally Used,1837500
Honda,Fit,2021,98209,1500 cc,Manual,Petrol,Kisumu,Locally Used,1612500
BMW,X3,2022,98382,2000 cc,Automatic,Diesel,Nairobi,Foreign Used,4620000
Audi,A4,2008,98555,2000 cc,Automatic,Diesel,Mombasa,Foreign Used,4387500
Toyota,Premio,2009,98728,1800 cc,Automatic,Petrol,Nairobi,Foreign Used,2415000
Subaru,Outback,2010,98901,2500 cc,Automatic,Petrol,Nairobi,Locally Used,2820000
Mazda,CX-5,2011,99074,2200 cc,Automatic,Diesel,Mombasa,Foreign Used,3420000
Mercedes-Benz,C200,2012,99247,2000 cc,Automatic,Petrol,Nairobi,Foreign Used,4287500
Nissan,X-Trail,2013,99420,2000 cc,Automatic,Petrol,Nakuru,Locally Used,1312500
Honda,Fit,2014,99593,1500 cc,Manual,Petrol,Kisumu,Locally Used,1162500
BMW,X3,2015,99766,2000 cc,Automatic,Diesel,Nairobi,Foreign Used,3360000
Audi,A4,2016,99939,2000 cc,Automatic,Diesel,Mombasa,Foreign Used,3217500
Toyota,Premio,2017,100112,1800 cc,Automatic,Petrol,Nairobi,Foreign Used,1785000
Subaru,Outback,2018,100285,2500 cc,Automatic,Petrol,Nairobi,Locally Used,2100000
Mazda,CX-5,2019,100458,2200 cc,Automatic,Diesel,Mombasa,Foreign Used,2565000
Mercedes-Benz,C200,2020,100631,2000 cc,Automatic,Petrol,Nairobi,Foreign Used,3237500
Nissan,X-Trail,2021,100804,2000 cc,Automatic,Petrol,Nakuru,Locally Used,1662500
Honda,Fit,2022,100977,1500 cc,Manual,Petrol,Kisumu,Locally Used,1462500
BMW,X3,2008,101150,2000 cc,Automatic,Diesel,Nairobi,Foreign Used,4200000
Audi,A4,2009,101323,2000 cc,Automatic,Diesel,Mombasa,Foreign Used,3997499
Toyota,Premio,2010,101496,1800 cc,Automatic,Petrol,Nairobi,Foreign Used,2205000
Subaru,Outback,2011,101669,2500 cc,Automatic,Petrol,Nairobi,Locally Used,2580000
Mazda,CX-5,2012,101842,2200 cc,Automatic,Diesel,Mombasa,Foreign Used,3135000
Mercedes-Benz,C200,2013,102015,2000 cc,Automatic,Petrol,Nairobi,Foreign Used,3937500
Nissan,X-Trail,2014,102188,2000 cc,Automatic,Petrol,Nakuru,Locally Used,2012499
Honda,Fit,2015,102361,1500 cc,Manual,Petrol,Kisumu,Locally Used,1762500
BMW,X3,2016,102534,2000 cc,Automatic,Diesel,Nairobi,Foreign Used,5040000
Audi,A4,2017,102707,2000 cc,Automatic,Diesel,Mombasa,Foreign Used,4777500
Toyota,Premio,2018,102880,1800 cc,Automatic,Petrol,Nairobi,Foreign Used,1575000
Subaru,Outback,2019,103053,2500 cc,Automatic,Petrol,Nairobi,Locally Used,1860000
Mazda,CX-5,2020,103226,2200 cc,Automatic,Diesel,Mombasa,Foreign Used,2280000
Mercedes-Benz,C200,2021,103399,2000 cc,Automatic,Petrol,Nairobi,Foreign Used,2887500
Nissan,X-Trail,2022,103572,2000 cc,Automatic,Petrol,Nakuru,Locally Used,1487500
Honda,Fit,2008,103745,1500 cc,Manual,Petrol,Kisumu,Locally Used,1312500
BMW,X3,2009,103918,2000 cc,Automatic,Diesel,Nairobi,Foreign Used,3780000
Audi,A4,2010,104091,2000 cc,Automatic,Diesel,Mombasa,Foreign Used,3607500
Toyota,Premio,2011,104264,1800 cc,Automatic,Petrol,Nairobi,Foreign Used,1995000
Subaru,Outback,2012,104437,2500 cc,Automatic,Petrol,Nairobi,Locally Used,2340000
Mazda,CX-5,2013,104610,2200 cc,Automatic,Diesel,Mombasa,Foreign Used,2850000
Mercedes-Benz,C200,2014,104783,2000 cc,Automatic,Petrol,Nairobi,Foreign Used,3587499
Nissan,X-Trail,2015,104956,2000 cc,Automatic,Petrol,Nakuru,Locally Used,1837500
Honda,Fit,2016,105129,1500 cc,Manual,Petrol,Kisumu,Locally Used,1612500
BMW,X3,2017,105302,2000 cc,Automatic,Diesel,Nairobi,Foreign Used,4620000
Audi,A4,2018,105475,2000 cc,Automatic,Diesel,Mombasa,Foreign Used,4387500
Toyota,Premio,2019,105648,1800 cc,Automatic,Petrol,Nairobi,Foreign Used,2415000
Subaru,Outback,2020,105821,2500 cc,Automatic,Petrol,Nairobi,Locally Used,2820000
Mazda,CX-5,2021,105994,2200 cc,Automatic,Diesel,Mombasa,Foreign Used,3420000
Mercedes-Benz,C200,2022,106167,2000 cc,Automatic,Petrol,Nairobi,Foreign Used,4287500
Nissan,X-Trail,2008,106340,2000 cc,Automatic,Petrol,Nakuru,Locally Used,1312500
Honda,Fit,2009,106513,1500 cc,Manual,Petrol,Kisumu,Locally Used,1162500
BMW,X3,2010,106686,2000 cc,Automatic,Diesel,Nairobi,Foreign Used,3360000
Audi,A4,2011,106859,2000 cc,Automatic,Diesel,Mombasa,Foreign Used,3217500
Toyota,Premio,2012,107032,1800 cc,Automatic,Petrol,Nairobi,Foreign Used,1785000
Subaru,Outback,2013,107205,2500 cc,Automatic,Petrol,Nairobi,Locally Used,2100000
Mazda,CX-5,2014,107378,2200 cc,Automatic,Diesel,Mombasa,Foreign Used,2565000
Mercedes-Benz,C200,2015,107551,2000 cc,Automatic,Petrol,Nairobi,Foreign Used,3237500
Nissan,X-Trail,2016,107724,2000 cc,Automatic,Petrol,Nakuru,Locally Used,1662500
Honda,Fit,2017,107897,1500 cc,Manual,Petrol,Kisumu,Locally Used,1462500
BMW,X3,2018,108070,2000 cc,Automatic,Diesel,Nairobi,Foreign Used,4200000
Audi,A4,2019,108243,2000 cc,Automatic,Diesel,Mombasa,Foreign Used,3997499
Toyota,Premio,2020,108416,1800 cc,Automatic,Petrol,Nairobi,Foreign Used,2205000
Subaru,Outback,2021,108589,2500 cc,Automatic,Petrol,Nairobi,Locally Used,2580000
Mazda,CX-5,2022,108762,2200 cc,Automatic,Diesel,Mombasa,Foreign Used,3135000
Mercedes-Benz,C200,2008,108935,2000 cc,Automatic,Petrol,Nairobi,Foreign Used,3937500
Nissan,X-Trail,2009,109108,2000 cc,Automatic,Petrol,Nakuru,Locally Used,2012499
Honda,Fit,2010,109281,1500 cc,Manual,Petrol,Kisumu,Locally Used,1762500
BMW,X3,2011,109454,2000 cc,Automatic,Diesel,Nairobi,Foreign Used,5040000
Audi,A4,2012,109627,2000 cc,Automatic,Diesel,Mombasa,Foreign Used,4777500
Toyota,Premio,2013,109800,1800 cc,Automatic,Petrol,Nairobi,Foreign Used,1575000
Subaru,Outback,2014,109973,2500 cc,Automatic,Petrol,Nairobi,Locally Used,1860000
Mazda,CX-5,2015,110146,2200 cc,Automatic,Diesel,Mombasa,Foreign Used,2280000
Mercedes-Benz,C200,2016,110319,2000 cc,Automatic,Petrol,Nairobi,Foreign Used,2887500
Nissan,X-Trail,2017,110492,2000 cc,Automatic,Petrol,Nakuru,Locally Used,1487500
Honda,Fit,2018,110665,1500 cc,Manual,Petrol,Kisumu,Locally Used,1312500
BMW,X3,2019,110838,2000 cc,Automatic,Diesel,Nairobi,Foreign Used,3780000
Audi,A4,2020,111011,2000 cc,Automatic,Diesel,Mombasa,Foreign Used,3607500
Toyota,Premio,2021,111184,1800 cc,Automatic,Petrol,Nairobi,Foreign Used,1995000
Subaru,Outback,2022,111357,2500 cc,Automatic,Petrol,Nairobi,Locally Used,2340000
Mazda,CX-5,2008,111530,2200 cc,Automatic,Diesel,Mombasa,Foreign Used,2850000
Mercedes-Benz,C200,2009,111703,2000 cc,Automatic,Petrol,Nairobi,Foreign Used,3587499
Nissan,X-Trail,2010,111876,2000 cc,Automatic,Petrol,Nakuru,Locally Used,1837500
Honda,Fit,2011,112049,1500 cc,Manual,Petrol,Kisumu,Locally Used,1612500
BMW,X3,2012,112222,2000 cc,Automatic,Diesel,Nairobi,Foreign Used,4620000
Audi,A4,2013,112395,2000 cc,Automatic,Diesel,Mombasa,Foreign Used,4387500
Toyota,Premio,2014,112568,1800 cc,Automatic,Petrol,Nairobi,Foreign Used,2415000
Subaru,Outback,2015,112741,2500 cc,Automatic,Petrol,Nairobi,Locally Used,2820000
Mazda,CX-5,2016,112914,2200 cc,Automatic,Diesel,Mombasa,Foreign Used,3420000
Mercedes-Benz,C200,2017,113087,2000 cc,Automatic,Petrol,Nairobi,Foreign Used,4287500
Nissan,X-Trail,2018,113260,2000 cc,Automatic,Petrol,Nakuru,Locally Used,1312500
Honda,Fit,2019,113433,1500 cc,Manual,Petrol,Kisumu,Locally Used,1162500
BMW,X3,2020,113606,2000 cc,Automatic,Diesel,Nairobi,Foreign Used,3360000
Audi,A4,2021,113779,2000 cc,Automatic,Diesel,Mombasa,Foreign Used,3217500
Toyota,Premio,2022,113952,1800 cc,Automatic,Petrol,Nairobi,Foreign Used,1785000
Subaru,Outback,2008,114125,2500 cc,Automatic,Petrol,Nairobi,Locally Used,2100000
Mazda,CX-5,2009,114298,2200 cc,Automatic,Diesel,Mombasa,Foreign Used,2565000
Mercedes-Benz,C200,2010,114471,2000 cc,Automatic,Petrol,Nairobi,Foreign Used,3237500
Nissan,X-Trail,2011,114644,2000 cc,Automatic,Petrol,Nakuru,Locally Used,1662500
Honda,Fit,2012,114817,1500 cc,Manual,Petrol,Kisumu,Locally Used,1462500
BMW,X3,2013,114990,2000 cc,Automatic,Diesel,Nairobi,Foreign Used,4200000
Audi,A4,2014,115163,2000 cc,Automatic,Diesel,Mombasa,Foreign Used,3997499
Toyota,Premio,2015,115336,1800 cc,Automatic,Petrol,Nairobi,Foreign Used,2205000
Subaru,Outback,2016,115509,2500 cc,Automatic,Petrol,Nairobi,Locally Used,2580000
Mazda,CX-5,2017,115682,2200 cc,Automatic,Diesel,Mombasa,Foreign Used,3135000
Mercedes-Benz,C200,2018,115855,2000 cc,Automatic,Petrol,Nairobi,Foreign Used,3937500
Nissan,X-Trail,2019,116028,2000 cc,Automatic,Petrol,Nakuru,Locally Used,2012499
Honda,Fit,2020,116201,1500 cc,Manual,Petrol,Kisumu,Locally Used,1762500
BMW,X3,2021,116374,2000 cc,Automatic,Diesel,Nairobi,Foreign Used,5040000
Audi,A4,2022,116547,2000 cc,Automatic,Diesel,Mombasa,Foreign Used,4777500
Toyota,Premio,2008,116720,1800 cc,Automatic,Petrol,Nairobi,Foreign Used,1575000
Subaru,Outback,2009,116893,2500 cc,Automatic,Petrol,Nairobi,Locally Used,1860000
Mazda,CX-5,2010,117066,2200 cc,Automatic,Diesel,Mombasa,Foreign Used,2280000
Mercedes-Benz,C200,2011,117239,2000 cc,Automatic,Petrol,Nairobi,Foreign Used,2887500
Nissan,X-Trail,2012,117412,2000 cc,Automatic,Petrol,Nakuru,Locally Used,1487500
Honda,Fit,2013,117585,1500 cc,Manual,Petrol,Kisumu,Locally Used,1312500
BMW,X3,2014,117758,2000 cc,Automatic,Diesel,Nairobi,Foreign Used,3780000
Audi,A4,2015,117931,2000 cc,Automatic,Diesel,Mombasa,Foreign Used,3607500
Toyota,Premio,2016,118104,1800 cc,Automatic,Petrol,Nairobi,Foreign Used,1995000
Subaru,Outback,2017,118277,2500 cc,Automatic,Petrol,Nairobi,Locally Used,2340000
Mazda,CX-5,2018,118450,2200 cc,Automatic,Diesel,Mombasa,Foreign Used,2850000
Mercedes-Benz,C200,2019,118623,2000 cc,Automatic,Petrol,Nairobi,Foreign Used,3587499
Nissan,X-Trail,2020,118796,2000 cc,Automatic,Petrol,Nakuru,Locally Used,1837500
Honda,Fit,2021,118969,1500 cc,Manual,Petrol,Kisumu,Locally Used,1612500
BMW,X3,2022,119142,2000 cc,Automatic,Diesel,Nairobi,Foreign Used,4620000
Audi,A4,2008,119315,2000 cc,Automatic,Diesel,Mombasa,Foreign Used,4387500
Toyota,Premio,2009,119488,1800 cc,Automatic,Petrol,Nairobi,Foreign Used,2415000
Subaru,Outback,2010,119661,2500 cc,Automatic,Petrol,Nairobi,Locally Used,2820000
Mazda,CX-5,2011,119834,2200 cc,Automatic,Diesel,Mombasa,Foreign Used,3420000
Mercedes-Benz,C200,2012,120007,2000 cc,Automatic,Petrol,Nairobi,Foreign Used,4287500
Nissan,X-Trail,2013,120180,2000 cc,Automatic,Petrol,Nakuru,Locally Used,1312500
Honda,Fit,2014,120353,1500 cc,Manual,Petrol,Kisumu,Locally Used,1162500
BMW,X3,2015,120526,2000 cc,Automatic,Diesel,Nairobi,Foreign Used,3360000
Audi,A4,2016,120699,2000 cc,Automatic,Diesel,Mombasa,Foreign Used,3217500
Toyota,Premio,2017,120872,1800 cc,Automatic,Petrol,Nairobi,Foreign Used,1785000
Subaru,Outback,2018,121045,2500 cc,Automatic,Petrol,Nairobi,Locally Used,2100000
Mazda,CX-5,2019,121218,2200 cc,Automatic,Diesel,Mombasa,Foreign Used,2565000
Mercedes-Benz,C200,2020,121391,2000 cc,Automatic,Petrol,Nairobi,Foreign Used,3237500
Nissan,X-Trail,2021,121564,2000 cc,Automatic,Petrol,Nakuru,Locally Used,1662500
Honda,Fit,2022,121737,1500 cc,Manual,Petrol,Kisumu,Locally Used,1462500
BMW,X3,2008,121910,2000 cc,Automatic,Diesel,Nairobi,Foreign Used,4200000
Audi,A4,2009,122083,2000 cc,Automatic,Diesel,Mombasa,Foreign Used,3997499
Toyota,Premio,2010,122256,1800 cc,Automatic,Petrol,Nairobi,Foreign Used,2205000
Subaru,Outback,2011,122429,2500 cc,Automatic,Petrol,Nairobi,Locally Used,2580000
Mazda,CX-5,2012,122602,2200 cc,Automatic,Diesel,Mombasa,Foreign Used,3135000
Mercedes-Benz,C200,2013,122775,2000 cc,Automatic,Petrol,Nairobi,Foreign Used,3937500
Nissan,X-Trail,2014,122948,2000 cc,Automatic,Petrol,Nakuru,Locally Used,2012499
Honda,Fit,2015,123121,1500 cc,Manual,Petrol,Kisumu,Locally Used,1762500
BMW,X3,2016,123294,2000 cc,Automatic,Diesel,Nairobi,Foreign Used,5040000
Audi,A4,2017,123467,2000 cc,Automatic,Diesel,Mombasa,Foreign Used,4777500
Toyota,Premio,2018,123640,1800 cc,Automatic,Petrol,Nairobi,Foreign Used,1575000
Subaru,Outback,2019,123813,2500 cc,Automatic,Petrol,Nairobi,Locally Used,1860000
Mazda,CX-5,2020,123986,2200 cc,Automatic,Diesel,Mombasa,Foreign Used,2280000
Mercedes-Benz,C200,2021,124159,2000 cc,Automatic,Petrol,Nairobi,Foreign Used,2887500
Nissan,X-Trail,2022,124332,2000 cc,Automatic,Petrol,Nakuru,Locally Used,1487500
Honda,Fit,2008,124505,1500 cc,Manual,Petrol,Kisumu,Locally Used,1312500
BMW,X3,2009,124678,2000 cc,Automatic,Diesel,Nairobi,Foreign Used,3780000
Audi,A4,2010,124851,2000 cc,Automatic,Diesel,Mombasa,Foreign Used,3607500
Toyota,Premio,2011,125024,1800 cc,Automatic,Petrol,Nairobi,Foreign Used,1995000
Subaru,Outback,2012,125197,2500 cc,Automatic,Petrol,Nairobi,Locally Used,2340000
Mazda,CX-5,2013,125370,2200 cc,Automatic,Diesel,Mombasa,Foreign Used,2850000
Mercedes-Benz,C200,2014,125543,2000 cc,Automatic,Petrol,Nairobi,Foreign Used,3587499
Nissan,X-Trail,2015,125716,2000 cc,Automatic,Petrol,Nakuru,Locally Used,1837500
Honda,Fit,2016,125889,1500 cc,Manual,Petrol,Kisumu,Locally Used,1612500
BMW,X3,2017,126062,2000 cc,Automatic,Diesel,Nairobi,Foreign Used,4620000
Audi,A4,2018,126235,2000 cc,Automatic,Diesel,Mombasa,Foreign Used,4387500
Toyota,Premio,2019,126408,1800 cc,Automatic,Petrol,Nairobi,Foreign Used,2415000
Subaru,Outback,2020,126581,2500 cc,Automatic,Petrol,Nairobi,Locally Used,2820000
Mazda,CX-5,2021,126754,2200 cc,Automatic,Diesel,Mombasa,Foreign Used,3420000
Mercedes-Benz,C200,2022,126927,2000 cc,Automatic,Petrol,Nairobi,Foreign Used,4287500
Nissan,X-Trail,2008,127100,2000 cc,Automatic,Petrol,Nakuru,Locally Used,1312500
Honda,Fit,2009,127273,1500 cc,Manual,Petrol,Kisumu,Locally Used,1162500
BMW,X3,2010,127446,2000 cc,Automatic,Diesel,Nairobi,Foreign Used,3360000
Audi,A4,2011,127619,2000 cc,Automatic,Diesel,Mombasa,Foreign Used,3217500
Toyota,Premio,2012,127792,1800 cc,Automatic,Petrol,Nairobi,Foreign Used,1785000
Subaru,Outback,2013,127965,2500 cc,Automatic,Petrol,Nairobi,Locally Used,2100000
Mazda,CX-5,2014,128138,2200 cc,Automatic,Diesel,Mombasa,Foreign Used,2565000
Mercedes-Benz,C200,2015,128311,2000 cc,Automatic,Petrol,Nairobi,Foreign Used,3237500
Nissan,X-Trail,2016,128484,2000 cc,Automatic,Petrol,Nakuru,Locally Used,1662500
Honda,Fit,2017,128657,1500 cc,Manual,Petrol,Kisumu,Locally Used,1462500
BMW,X3,2018,128830,2000 cc,Automatic,Diesel,Nairobi,Foreign Used,4200000
Audi,A4,2019,129003,2000 cc,Automatic,Diesel,Mombasa,Foreign Used,3997499
Toyota,Premio,2020,129176,1800 cc,Automatic,Petrol,Nairobi,Foreign Used,2205000
Subaru,Outback,2021,129349,2500 cc,Automatic,Petrol,Nairobi,Locally Used,2580000
Mazda,CX-5,2022,129522,2200 cc,Automatic,Diesel,Mombasa,Foreign Used,3135000
Mercedes-Benz,C200,2008,129695,2000 cc,Automatic,Petrol,Nairobi,Foreign Used,3937500
Nissan,X-Trail,2009,129868,2000 cc,Automatic,Petrol,Nakuru,Locally Used,2012499
Honda,Fit,2010,130041,1500 cc,Manual,Petrol,Kisumu,Locally Used,1762500
BMW,X3,2011,130214,2000 cc,Automatic,Diesel,Nairobi,Foreign Used,5040000
Audi,A4,2012,130387,2000 cc,Automatic,Diesel,Mombasa,Foreign Used,4777500
Toyota,Premio,2013,130560,1800 cc,Automatic,Petrol,Nairobi,Foreign Used,1575000
Subaru,Outback,2014,130733,2500 cc,Automatic,Petrol,Nairobi,Locally Used,1860000
Mazda,CX-5,2015,130906,2200 cc,Automatic,Diesel,Mombasa,Foreign Used,2280000
Mercedes-Benz,C200,2016,131079,2000 cc,Automatic,Petrol,Nairobi,Foreign Used,2887500
Nissan,X-Trail,2017,131252,2000 cc,Automatic,Petrol,Nakuru,Locally Used,1487500
Honda,Fit,2018,131425,1500 cc,Manual,Petrol,Kisumu,Locally Used,1312500
BMW,X3,2019,131598,2000 cc,Automatic,Diesel,Nairobi,Foreign Used,3780000
Audi,A4,2020,131771,2000 cc,Automatic,Diesel,Mombasa,Foreign Used,3607500
Toyota,Premio,2021,131944,1800 cc,Automatic,Petrol,Nairobi,Foreign Used,1995000
Subaru,Outback,2022,132117,2500 cc,Automatic,Petrol,Nairobi,Locally Used,2340000
Mazda,CX-5,2008,132290,2200 cc,Automatic,Diesel,Mombasa,Foreign Used,2850000
Mercedes-Benz,C200,2009,132463,2000 cc,Automatic,Petrol,Nairobi,Foreign Used,3587499
Nissan,X-Trail,2010,132636,2000 cc,Automatic,Petrol,Nakuru,Locally Used,1837500
Honda,Fit,2011,132809,1500 cc,Manual,Petrol,Kisumu,Locally Used,1612500
BMW,X3,2012,132982,2000 cc,Automatic,Diesel,Nairobi,Foreign Used,4620000
Audi,A4,2013,133155,2000 cc,Automatic,Diesel,Mombasa,Foreign Used,4387500
Toyota,Premio,2014,133328,1800 cc,Automatic,Petrol,Nairobi,Foreign Used,2415000
Subaru,Outback,2015,133501,2500 cc,Automatic,Petrol,Nairobi,Locally Used,2820000
Mazda,CX-5,2016,133674,2200 cc,Automatic,Diesel,Mombasa,Foreign Used,3420000
Mercedes-Benz,C200,2017,133847,2000 cc,Automatic,Petrol,Nairobi,Foreign Used,4287500
Nissan,X-Trail,2018,134020,2000 cc,Automatic,Petrol,Nakuru,Locally Used,1312500
Honda,Fit,2019,134193,1500 cc,Manual,Petrol,Kisumu,Locally Used,1162500
BMW,X3,2020,134366,2000 cc,Automatic,Diesel,Nairobi,Foreign Used,3360000
Audi,A4,2021,134539,2000 cc,Automatic,Diesel,Mombasa,Foreign Used,3217500
Toyota,Premio,2022,134712,1800 cc,Automatic,Petrol,Nairobi,Foreign Used,1785000
Subaru,Outback,2008,134885,2500 cc,Automatic,Petrol,Nairobi,Locally Used,2100000
Mazda,CX-5,2009,135058,2200 cc,Automatic,Diesel,Mombasa,Foreign Used,2565000
Mercedes-Benz,C200,2010,135231,2000 cc,Automatic,Petrol,Nairobi,Foreign Used,3237500
Nissan,X-Trail,2011,135404,2000 cc,Automatic,Petrol,Nakuru,Locally Used,1662500
Honda,Fit,2012,135577,1500 cc,Manual,Petrol,Kisumu,Locally Used,1462500
BMW,X3,2013,135750,2000 cc,Automatic,Diesel,Nairobi,Foreign Used,4200000
Audi,A4,2014,135923,2000 cc,Automatic,Diesel,Mombasa,Foreign Used,3997499
Toyota,Premio,2015,136096,1800 cc,Automatic,Petrol,Nairobi,Foreign Used,2205000
Subaru,Outback,2016,136269,2500 cc,Automatic,Petrol,Nairobi,Locally Used,2580000
Mazda,CX-5,2017,136442,2200 cc,Automatic,Diesel,Mombasa,Foreign Used,3135000
Mercedes-Benz,C200,2018,136615,2000 cc,Automatic,Petrol,Nairobi,Foreign Used,3937500
Nissan,X-Trail,2019,136788,2000 cc,Automatic,Petrol,Nakuru,Locally Used,2012499
Honda,Fit,2020,136961,1500 cc,Manual,Petrol,Kisumu,Locally Used,1762500
BMW,X3,2021,137134,2000 cc,Automatic,Diesel,Nairobi,Foreign Used,5040000
Audi,A4,2022,137307,2000 cc,Automatic,Diesel,Mombasa,Foreign Used,4777500
Toyota,Premio,2008,137480,1800 cc,Automatic,Petrol,Nairobi,Foreign Used,1575000
Subaru,Outback,2009,137653,2500 cc,Automatic,Petrol,Nairobi,Locally Used,1860000
Mazda,CX-5,2010,137826,2200 cc,Automatic,Diesel,Mombasa,Foreign Used,2280000
Mercedes-Benz,C200,2011,137999,2000 cc,Automatic,Petrol,Nairobi,Foreign Used,2887500
Nissan,X-Trail,2012,138172,2000 cc,Automatic,Petrol,Nakuru,Locally Used,1487500
Honda,Fit,2013,138345,1500 cc,Manual,Petrol,Kisumu,Locally Used,1312500
BMW,X3,2014,138518,2000 cc,Automatic,Diesel,Nairobi,Foreign Used,3780000
Audi,A4,2015,138691,2000 cc,Automatic,Diesel,Mombasa,Foreign Used,3607500
Toyota,Premio,2016,138864,1800 cc,Automatic,Petrol,Nairobi,Foreign Used,1995000
Subaru,Outback,2017,139037,2500 cc,Automatic,Petrol,Nairobi,Locally Used,2340000
Mazda,CX-5,2018,139210,2200 cc,Automatic,Diesel,Mombasa,Foreign Used,2850000
Mercedes-Benz,C200,2019,139383,2000 cc,Automatic,Petrol,Nairobi,Foreign Used,3587499
Nissan,X-Trail,2020,139556,2000 cc,Automatic,Petrol,Nakuru,Locally Used,1837500
Honda,Fit,2021,139729,1500 cc,Manual,Petrol,Kisumu,Locally Used,1612500
BMW,X3,2022,139902,2000 cc,Automatic,Diesel,Nairobi,Foreign Used,4620000
Audi,A4,2008,140075,2000 cc,Automatic,Diesel,Mombasa,Foreign Used,4387500
Toyota,Premio,2009,140248,1800 cc,Automatic,Petrol,Nairobi,Foreign Used,2415000
Subaru,Outback,2010,140421,2500 cc,Automatic,Petrol,Nairobi,Locally Used,2820000
Mazda,CX-5,2011,140594,2200 cc,Automatic,Diesel,Mombasa,Foreign Used,3420000
Mercedes-Benz,C200,2012,140767,2000 cc,Automatic,Petrol,Nairobi,Foreign Used,4287500
Nissan,X-Trail,2013,140940,2000 cc,Automatic,Petrol,Nakuru,Locally Used,1312500
Honda,Fit,2014,141113,1500 cc,Manual,Petrol,Kisumu,Locally Used,1162500
BMW,X3,2015,141286,2000 cc,Automatic,Diesel,Nairobi,Foreign Used,3360000
Audi,A4,2016,141459,2000 cc,Automatic,Diesel,Mombasa,Foreign Used,3217500
Toyota,Premio,2017,141632,1800 cc,Automatic,Petrol,Nairobi,Foreign Used,1785000
Subaru,Outback,2018,141805,2500 cc,Automatic,Petrol,Nairobi,Locally Used,2100000
Mazda,CX-5,2019,141978,2200 cc,Automatic,Diesel,Mombasa,Foreign Used,2565000
Mercedes-Benz,C200,2020,142151,2000 cc,Automatic,Petrol,Nairobi,Foreign Used,3237500
Nissan,X-Trail,2021,142324,2000 cc,Automatic,Petrol,Nakuru,Locally Used,1662500
Honda,Fit,2022,142497,1500 cc,Manual,Petrol,Kisumu,Locally Used,1462500
BMW,X3,2008,142670,2000 cc,Automatic,Diesel,Nairobi,Foreign Used,4200000
Audi,A4,2009,142843,2000 cc,Automatic,Diesel,Mombasa,Foreign Used,3997499
Toyota,Premio,2010,143016,1800 cc,Automatic,Petrol,Nairobi,Foreign Used,2205000
Subaru,Outback,2011,143189,2500 cc,Automatic,Petrol,Nairobi,Locally Used,2580000
Mazda,CX-5,2012,143362,2200 cc,Automatic,Diesel,Mombasa,Foreign Used,3135000
Mercedes-Benz,C200,2013,143535,2000 cc,Automatic,Petrol,Nairobi,Foreign Used,3937500
Nissan,X-Trail,2014,143708,2000 cc,Automatic,Petrol,Nakuru,Locally Used,2012499
Honda,Fit,2015,143881,1500 cc,Manual,Petrol,Kisumu,Locally Used,1762500
BMW,X3,2016,144054,2000 cc,Automatic,Diesel,Nairobi,Foreign Used,5040000
Audi,A4,2017,144227,2000 cc,Automatic,Diesel,Mombasa,Foreign Used,4777500
Toyota,Premio,2018,144400,1800 cc,Automatic,Petrol,Nairobi,Foreign Used,1575000
Subaru,Outback,2019,144573,2500 cc,Automatic,Petrol,Nairobi,Locally Used,1860000
Mazda,CX-5,2020,144746,2200 cc,Automatic,Diesel,Mombasa,Foreign Used,2280000
Mercedes-Benz,C200,2021,144919,2000 cc,Automatic,Petrol,Nairobi,Foreign Used,2887500
Nissan,X-Trail,2022,145092,2000 cc,Automatic,Petrol,Nakuru,Locally Used,1487500
Honda,Fit,2008,145265,1500 cc,Manual,Petrol,Kisumu,Locally Used,1312500
BMW,X3,2009,145438,2000 cc,Automatic,Diesel,Nairobi,Foreign Used,3780000
Audi,A4,2010,145611,2000 cc,Automatic,Diesel,Mombasa,Foreign Used,3607500
Toyota,Premio,2011,145784,1800 cc,Automatic,Petrol,Nairobi,Foreign Used,1995000
Subaru,Outback,2012,145957,2500 cc,Automatic,Petrol,Nairobi,Locally Used,2340000
Mazda,CX-5,2013,146130,2200 cc,Automatic,Diesel,Mombasa,Foreign Used,2850000
Mercedes-Benz,C200,2014,146303,2000 cc,Automatic,Petrol,Nairobi,Foreign Used,3587499
Nissan,X-Trail,2015,146476,2000 cc,Automatic,Petrol,Nakuru,Locally Used,1837500
Honda,Fit,2016,146649,1500 cc,Manual,Petrol,Kisumu,Locally Used,1612500
BMW,X3,2017,146822,2000 cc,Automatic,Diesel,Nairobi,Foreign Used,4620000
Audi,A4,2018,146995,2000 cc,Automatic,Diesel,Mombasa,Foreign Used,4387500
Toyota,Premio,2019,147168,1800 cc,Automatic,Petrol,Nairobi,Foreign Used,2415000
Subaru,Outback,2020,147341,2500 cc,Automatic,Petrol,Nairobi,Locally Used,2820000
Mazda,CX-5,2021,147514,2200 cc,Automatic,Diesel,Mombasa,Foreign Used,3420000
Mercedes-Benz,C200,2022,147687,2000 cc,Automatic,Petrol,Nairobi,Foreign Used,4287500
Nissan,X-Trail,2008,147860,2000 cc,Automatic,Petrol,Nakuru,Locally Used,1312500
Honda,Fit,2009,148033,1500 cc,Manual,Petrol,Kisumu,Locally Used,1162500
BMW,X3,2010,148206,2000 cc,Automatic,Diesel,Nairobi,Foreign Used,3360000
Audi,A4,2011,148379,2000 cc,Automatic,Diesel,Mombasa,Foreign Used,3217500
Toyota,Premio,2012,148552,1800 cc,Automatic,Petrol,Nairobi,Foreign Used,1785000
Subaru,Outback,2013,148725,2500 cc,Automatic,Petrol,Nairobi,Locally Used,2100000
Mazda,CX-5,2014,148898,2200 cc,Automatic,Diesel,Mombasa,Foreign Used,2565000
Mercedes-Benz,C200,2015,149071,2000 cc,Automatic,Petrol,Nairobi,Foreign Used,3237500
Nissan,X-Trail,2016,149244,2000 cc,Automatic,Petrol,Nakuru,Locally Used,1662500
Honda,Fit,2017,149417,1500 cc,Manual,Petrol,Kisumu,Locally Used,1462500
BMW,X3,2018,149590,2000 cc,Automatic,Diesel,Nairobi,Foreign Used,4200000
Audi,A4,2019,149763,2000 cc,Automatic,Diesel,Mombasa,Foreign Used,3997499
Toyota,Premio,2020,149936,1800 cc,Automatic,Petrol,Nairobi,Foreign Used,2205000
Subaru,Outback,2021,150109,2500 cc,Automatic,Petrol,Nairobi,Locally Used,2580000
Mazda,CX-5,2022,150282,2200 cc,Automatic,Diesel,Mombasa,Foreign Used,3135000
Mercedes-Benz,C200,2008,150455,2000 cc,Automatic,Petrol,Nairobi,Foreign Used,3937500
Nissan,X-Trail,2009,150628,2000 cc,Automatic,Petrol,Nakuru,Locally Used,2012499
Honda,Fit,2010,150801,1500 cc,Manual,Petrol,Kisumu,Locally Used,1762500
BMW,X3,2011,150974,2000 cc,Automatic,Diesel,Nairobi,Foreign Used,5040000
Audi,A4,2012,151147,2000 cc,Automatic,Diesel,Mombasa,Foreign Used,4777500
Toyota,Premio,2013,151320,1800 cc,Automatic,Petrol,Nairobi,Foreign Used,1575000
Subaru,Outback,2014,151493,2500 cc,Automatic,Petrol,Nairobi,Locally Used,1860000
Mazda,CX-5,2015,151666,2200 cc,Automatic,Diesel,Mombasa,Foreign Used,2280000
Mercedes-Benz,C200,2016,151839,2000 cc,Automatic,Petrol,Nairobi,Foreign Used,2887500
Nissan,X-Trail,2017,152012,2000 cc,Automatic,Petrol,Nakuru,Locally Used,1487500
Honda,Fit,2018,152185,1500 cc,Manual,Petrol,Kisumu,Locally Used,1312500
BMW,X3,2019,152358,2000 cc,Automatic,Diesel,Nairobi,Foreign Used,3780000
Audi,A4,2020,152531,2000 cc,Automatic,Diesel,Mombasa,Foreign Used,3607500
Toyota,Premio,2021,152704,1800 cc,Automatic,Petrol,Nairobi,Foreign Used,1995000
Subaru,Outback,2022,152877,2500 cc,Automatic,Petrol,Nairobi,Locally Used,2340000
Mazda,CX-5,2008,153050,2200 cc,Automatic,Diesel,Mombasa,Foreign Used,2850000
Mercedes-Benz,C200,2009,153223,2000 cc,Automatic,Petrol,Nairobi,Foreign Used,3587499
Nissan,X-Trail,2010,153396,2000 cc,Automatic,Petrol,Nakuru,Locally Used,1837500
Honda,Fit,2011,153569,1500 cc,Manual,Petrol,Kisumu,Locally Used,1612500
BMW,X3,2012,153742,2000 cc,Automatic,Diesel,Nairobi,Foreign Used,4620000
Audi,A4,2013,153915,2000 cc,Automatic,Diesel,Mombasa,Foreign Used,4387500
Toyota,Premio,2014,154088,1800 cc,Automatic,Petrol,Nairobi,Foreign Used,2415000
Subaru,Outback,2015,154261,2500 cc,Automatic,Petrol,Nairobi,Locally Used,2820000
Mazda,CX-5,2016,154434,2200 cc,Automatic,Diesel,Mombasa,Foreign Used,3420000
Mercedes-Benz,C200,2017,154607,2000 cc,Automatic,Petrol,Nairobi,Foreign Used,4287500
Nissan,X-Trail,2018,154780,2000 cc,Automatic,Petrol,Nakuru,Locally Used,1312500
Honda,Fit,2019,154953,1500 cc,Manual,Petrol,Kisumu,Locally Used,1162500
BMW,X3,2020,155126,2000 cc,Automatic,Diesel,Nairobi,Foreign Used,3360000
Audi,A4,2021,155299,2000 cc,Automatic,Diesel,Mombasa,Foreign Used,3217500
Toyota,Premio,2022,155472,1800 cc,Automatic,Petrol,Nairobi,Foreign Used,1785000
Subaru,Outback,2008,155645,2500 cc,Automatic,Petrol,Nairobi,Locally Used,2100000
Mazda,CX-5,2009,155818,2200 cc,Automatic,Diesel,Mombasa,Foreign Used,2565000
Mercedes-Benz,C200,2010,155991,2000 cc,Automatic,Petrol,Nairobi,Foreign Used,3237500
Nissan,X-Trail,2011,156164,2000 cc,Automatic,Petrol,Nakuru,Locally Used,1662500
Honda,Fit,2012,156337,1500 cc,Manual,Petrol,Kisumu,Locally Used,1462500
BMW,X3,2013,156510,2000 cc,Automatic,Diesel,Nairobi,Foreign Used,4200000
Audi,A4,2014,156683,2000 cc,Automatic,Diesel,Mombasa,Foreign Used,3997499
Toyota,Premio,2015,156856,1800 cc,Automatic,Petrol,Nairobi,Foreign Used,2205000
Subaru,Outback,2016,157029,2500 cc,Automatic,Petrol,Nairobi,Locally Used,2580000
Mazda,CX-5,2017,157202,2200 cc,Automatic,Diesel,Mombasa,Foreign Used,3135000
Mercedes-Benz,C200,2018,157375,2000 cc,Automatic,Petrol,Nairobi,Foreign Used,3937500
Nissan,X-Trail,2019,157548,2000 cc,Automatic,Petrol,Nakuru,Locally Used,2012499
Honda,Fit,2020,157721,1500 cc,Manual,Petrol,Kisumu,Locally Used,1762500
BMW,X3,2021,157894,2000 cc,Automatic,Diesel,Nairobi,Foreign Used,5040000
Audi,A4,2022,158067,2000 cc,Automatic,Diesel,Mombasa,Foreign Used,4777500
Toyota,Premio,2008,158240,1800 cc,Automatic,Petrol,Nairobi,Foreign Used,1575000
Subaru,Outback,2009,158413,2500 cc,Automatic,Petrol,Nairobi,Locally Used,1860000
Mazda,CX-5,2010,158586,2200 cc,Automatic,Diesel,Mombasa,Foreign Used,2280000
Mercedes-Benz,C200,2011,158759,2000 cc,Automatic,Petrol,Nairobi,Foreign Used,2887500
Nissan,X-Trail,2012,158932,2000 cc,Automatic,Petrol,Nakuru,Locally Used,1487500
Honda,Fit,2013,159105,1500 cc,Manual,Petrol,Kisumu,Locally Used,1312500
BMW,X3,2014,159278,2000 cc,Automatic,Diesel,Nairobi,Foreign Used,3780000
Audi,A4,2015,159451,2000 cc,Automatic,Diesel,Mombasa,Foreign Used,3607500
Toyota,Premio,2016,159624,1800 cc,Automatic,Petrol,Nairobi,Foreign Used,1995000
Subaru,Outback,2017,159797,2500 cc,Automatic,Petrol,Nairobi,Locally Used,2340000
Mazda,CX-5,2018,159970,2200 cc,Automatic,Diesel,Mombasa,Foreign Used,2850000
Mercedes-Benz,C200,2019,160143,2000 cc,Automatic,Petrol,Nairobi,Foreign Used,3587499
Nissan,X-Trail,2020,160316,2000 cc,Automatic,Petrol,Nakuru,Locally Used,1837500
Honda,Fit,2021,160489,1500 cc,Manual,Petrol,Kisumu,Locally Used,1612500
BMW,X3,2022,160662,2000 cc,Automatic,Diesel,Nairobi,Foreign Used,4620000
Audi,A4,2008,160835,2000 cc,Automatic,Diesel,Mombasa,Foreign Used,4387500
Toyota,Premio,2009,161008,1800 cc,Automatic,Petrol,Nairobi,Foreign Used,2415000
Subaru,Outback,2010,161181,2500 cc,Automatic,Petrol,Nairobi,Locally Used,2820000
Mazda,CX-5,2011,161354,2200 cc,Automatic,Diesel,Mombasa,Foreign Used,3420000
Mercedes-Benz,C200,2012,161527,2000 cc,Automatic,Petrol,Nairobi,Foreign Used,4287500
Nissan,X-Trail,2013,161700,2000 cc,Automatic,Petrol,Nakuru,Locally Used,1312500
Honda,Fit,2014,161873,1500 cc,Manual,Petrol,Kisumu,Locally Used,1162500
BMW,X3,2015,162046,2000 cc,Automatic,Diesel,Nairobi,Foreign Used,3360000
Audi,A4,2016,162219,2000 cc,Automatic,Diesel,Mombasa,Foreign Used,3217500
Toyota,Premio,2017,162392,1800 cc,Automatic,Petrol,Nairobi,Foreign Used,1785000
Subaru,Outback,2018,162565,2500 cc,Automatic,Petrol,Nairobi,Locally Used,2100000
Mazda,CX-5,2019,162738,2200 cc,Automatic,Diesel,Mombasa,Foreign Used,2565000
Mercedes-Benz,C200,2020,162911,2000 cc,Automatic,Petrol,Nairobi,Foreign Used,3237500
Nissan,X-Trail,2021,163084,2000 cc,Automatic,Petrol,Nakuru,Locally Used,1662500
Honda,Fit,2022,163257,1500 cc,Manual,Petrol,Kisumu,Locally Used,1462500
BMW,X3,2008,163430,2000 cc,Automatic,Diesel,Nairobi,Foreign Used,4200000
Audi,A4,2009,163603,2000 cc,Automatic,Diesel,Mombasa,Foreign Used,3997499
Toyota,Premio,2010,163776,1800 cc,Automatic,Petrol,Nairobi,Foreign Used,2205000
Subaru,Outback,2011,163949,2500 cc,Automatic,Petrol,Nairobi,Locally Used,2580000
Mazda,CX-5,2012,164122,2200 cc,Automatic,Diesel,Mombasa,Foreign Used,3135000
Mercedes-Benz,C200,2013,164295,2000 cc,Automatic,Petrol,Nairobi,Foreign Used,3937500
Nissan,X-Trail,2014,164468,2000 cc,Automatic,Petrol,Nakuru,Locally Used,2012499
Honda,Fit,2015,164641,1500 cc,Manual,Petrol,Kisumu,Locally Used,1762500
BMW,X3,2016,164814,2000 cc,Automatic,Diesel,Nairobi,Foreign Used,5040000
Audi,A4,2017,164987,2000 cc,Automatic,Diesel,Mombasa,Foreign Used,4777500
Toyota,Premio,2018,165160,1800 cc,Automatic,Petrol,Nairobi,Foreign Used,1575000
Subaru,Outback,2019,165333,2500 cc,Automatic,Petrol,Nairobi,Locally Used,1860000
Mazda,CX-5,2020,165506,2200 cc,Automatic,Diesel,Mombasa,Foreign Used,2280000
Mercedes-Benz,C200,2021,165679,2000 cc,Automatic,Petrol,Nairobi,Foreign Used,2887500
Nissan,X-Trail,2022,165852,2000 cc,Automatic,Petrol,Nakuru,Locally Used,1487500
Honda,Fit,2008,166025,1500 cc,Manual,Petrol,Kisumu,Locally Used,1312500
BMW,X3,2009,166198,2000 cc,Automatic,Diesel,Nairobi,Foreign Used,3780000
Audi,A4,2010,166371,2000 cc,Automatic,Diesel,Mombasa,Foreign Used,3607500
Toyota,Premio,2011,166544,1800 cc,Automatic,Petrol,Nairobi,Foreign Used,1995000
Subaru,Outback,2012,166717,2500 cc,Automatic,Petrol,Nairobi,Locally Used,2340000
Mazda,CX-5,2013,166890,2200 cc,Automatic,Diesel,Mombasa,Foreign Used,2850000
Mercedes-Benz,C200,2014,167063,2000 cc,Automatic,Petrol,Nairobi,Foreign Used,3587499
Nissan,X-Trail,2015,167236,2000 cc,Automatic,Petrol,Nakuru,Locally Used,1837500
Honda,Fit,2016,167409,1500 cc,Manual,Petrol,Kisumu,Locally Used,1612500
BMW,X3,2017,167582,2000 cc,Automatic,Diesel,Nairobi,Foreign Used,4620000
Audi,A4,2018,167755,2000 cc,Automatic,Diesel,Mombasa,Foreign Used,4387500
Toyota,Premio,2019,167928,1800 cc,Automatic,Petrol,Nairobi,Foreign Used,2415000
Subaru,Outback,2020,168101,2500 cc,Automatic,Petrol,Nairobi,Locally Used,2820000
Mazda,CX-5,2021,168274,2200 cc,Automatic,Diesel,Mombasa,Foreign Used,3420000
Mercedes-Benz,C200,2022,168447,2000 cc,Automatic,Petrol,Nairobi,Foreign Used,4287500
Nissan,X-Trail,2008,168620,2000 cc,Automatic,Petrol,Nakuru,Locally Used,1312500
Honda,Fit,2009,168793,1500 cc,Manual,Petrol,Kisumu,Locally Used,1162500
BMW,X3,2010,168966,2000 cc,Automatic,Diesel,Nairobi,Foreign Used,3360000
Audi,A4,2011,169139,2000 cc,Automatic,Diesel,Mombasa,Foreign Used,3217500
Toyota,Premio,2012,169312,1800 cc,Automatic,Petrol,Nairobi,Foreign Used,1785000
Subaru,Outback,2013,169485,2500 cc,Automatic,Petrol,Nairobi,Locally Used,2100000
Mazda,CX-5,2014,169658,2200 cc,Automatic,Diesel,Mombasa,Foreign Used,2565000
Mercedes-Benz,C200,2015,169831,2000 cc,Automatic,Petrol,Nairobi,Foreign Used,3237500
Nissan,X-Trail,2016,170004,2000 cc,Automatic,Petrol,Nakuru,Locally Used,1662500
Honda,Fit,2017,170177,1500 cc,Manual,Petrol,Kisumu,Locally Used,1462500
BMW,X3,2018,170350,2000 cc,Automatic,Diesel,Nairobi,Foreign Used,4200000
Audi,A4,2019,170523,2000 cc,Automatic,Diesel,Mombasa,Foreign Used,3997499
Toyota,Premio,2020,170696,1800 cc,Automatic,Petrol,Nairobi,Foreign Used,2205000
Subaru,Outback,2021,170869,2500 cc,Automatic,Petrol,Nairobi,Locally Used,2580000
Mazda,CX-5,2022,171042,2200 cc,Automatic,Diesel,Mombasa,Foreign Used,3135000
Mercedes-Benz,C200,2008,171215,2000 cc,Automatic,Petrol,Nairobi,Foreign Used,3937500
Nissan,X-Trail,2009,171388,2000 cc,Automatic,Petrol,Nakuru,Locally Used,2012499
Honda,Fit,2010,171561,1500 cc,Manual,Petrol,Kisumu,Locally Used,1762500
BMW,X3,2011,171734,2000 cc,Automatic,Diesel,Nairobi,Foreign Used,5040000
Audi,A4,2012,171907,2000 cc,Automatic,Diesel,Mombasa,Foreign Used,4777500
Toyota,Premio,2013,172080,1800 cc,Automatic,Petrol,Nairobi,Foreign Used,1575000
Subaru,Outback,2014,172253,2500 cc,Automatic,Petrol,Nairobi,Locally Used,1860000
Mazda,CX-5,2015,172426,2200 cc,Automatic,Diesel,Mombasa,Foreign Used,2280000
Mercedes-Benz,C200,2016,172599,2000 cc,Automatic,Petrol,Nairobi,Foreign Used,2887500
Nissan,X-Trail,2017,172772,2000 cc,Automatic,Petrol,Nakuru,Locally Used,1487500
Honda,Fit,2018,172945,1500 cc,Manual,Petrol,Kisumu,Locally Used,1312500
BMW,X3,2019,173118,2000 cc,Automatic,Diesel,Nairobi,Foreign Used,3780000
Audi,A4,2020,173291,2000 cc,Automatic,Diesel,Mombasa,Foreign Used,3607500
Toyota,Premio,2021,173464,1800 cc,Automatic,Petrol,Nairobi,Foreign Used,1995000
Subaru,Outback,2022,173637,2500 cc,Automatic,Petrol,Nairobi,Locally Used,2340000
Mazda,CX-5,2008,173810,2200 cc,Automatic,Diesel,Mombasa,Foreign Used,2850000
Mercedes-Benz,C200,2009,173983,2000 cc,Automatic,Petrol,Nairobi,Foreign Used,3587499
Nissan,X-Trail,2010,174156,2000 cc,Automatic,Petrol,Nakuru,Locally Used,1837500
Honda,Fit,2011,174329,1500 cc,Manual,Petrol,Kisumu,Locally Used,1612500
BMW,X3,2012,174502,2000 cc,Automatic,Diesel,Nairobi,Foreign Used,4620000
Audi,A4,2013,174675,2000 cc,Automatic,Diesel,Mombasa,Foreign Used,4387500
Toyota,Premio,2014,174848,1800 cc,Automatic,Petrol,Nairobi,Foreign Used,2415000
Subaru,Outback,2015,175021,2500 cc,Automatic,Petrol,Nairobi,Locally Used,2820000
Mazda,CX-5,2016,175194,2200 cc,Automatic,Diesel,Mombasa,Foreign Used,3420000
Mercedes-Benz,C200,2017,175367,2000 cc,Automatic,Petrol,Nairobi,Foreign Used,4287500
Nissan,X-Trail,2018,175540,2000 cc,Automatic,Petrol,Nakuru,Locally Used,1312500
Honda,Fit,2019,175713,1500 cc,Manual,Petrol,Kisumu,Locally Used,1162500
BMW,X3,2020,175886,2000 cc,Automatic,Diesel,Nairobi,Foreign Used,3360000
Audi,A4,2021,176059,2000 cc,Automatic,Diesel,Mombasa,Foreign Used,3217500
Toyota,Premio,2022,176232,1800 cc,Automatic,Petrol,Nairobi,Foreign Used,1785000
Subaru,Outback,2008,176405,2500 cc,Automatic,Petrol,Nairobi,Locally Used,2100000
Mazda,CX-5,2009,176578,2200 cc,Automatic,Diesel,Mombasa,Foreign Used,2565000
Mercedes-Benz,C200,2010,176751,2000 cc,Automatic,Petrol,Nairobi,Foreign Used,3237500
Nissan,X-Trail,2011,176924,2000 cc,Automatic,Petrol,Nakuru,Locally Used,1662500
Honda,Fit,2012,177097,1500 cc,Manual,Petrol,Kisumu,Locally Used,1462500
BMW,X3,2013,177270,2000 cc,Automatic,Diesel,Nairobi,Foreign Used,4200000
Audi,A4,2014,177443,2000 cc,Automatic,Diesel,Mombasa,Foreign Used,3997499
Toyota,Premio,2015,177616,1800 cc,Automatic,Petrol,Nairobi,Foreign Used,2205000
Subaru,Outback,2016,177789,2500 cc,Automatic,Petrol,Nairobi,Locally Used,2580000
Mazda,CX-5,2017,177962,2200 cc,Automatic,Diesel,Mombasa,Foreign Used,3135000
Mercedes-Benz,C200,2018,178135,2000 cc,Automatic,Petrol,Nairobi,Foreign Used,3937500
Nissan,X-Trail,2019,178308,2000 cc,Automatic,Petrol,Nakuru,Locally Used,2012499
Honda,Fit,2020,178481,1500 cc,Manual,Petrol,Kisumu,Locally Used,1762500
BMW,X3,2021,178654,2000 cc,Automatic,Diesel,Nairobi,Foreign Used,5040000
Audi,A4,2022,178827,2000 cc,Automatic,Diesel,Mombasa,Foreign Used,4777500
Toyota,Premio,2008,179000,1800 cc,Automatic,Petrol,Nairobi,Foreign Used,1575000
Subaru,Outback,2009,179173,2500 cc,Automatic,Petrol,Nairobi,Locally Used,1860000
Mazda,CX-5,2010,179346,2200 cc,Automatic,Diesel,Mombasa,Foreign Used,2280000
Mercedes-Benz,C200,2011,179519,2000 cc,Automatic,Petrol,Nairobi,Foreign Used,2887500
Nissan,X-Trail,2012,179692,2000 cc,Automatic,Petrol,Nakuru,Locally Used,1487500
Honda,Fit,2013,179865,1500 cc,Manual,Petrol,Kisumu,Locally Used,1312500
BMW,X3,2014,180038,2000 cc,Automatic,Diesel,Nairobi,Foreign Used,3780000
Audi,A4,2015,180211,2000 cc,Automatic,Diesel,Mombasa,Foreign Used,3607500
Toyota,Premio,2016,180384,1800 cc,Automatic,Petrol,Nairobi,Foreign Used,1995000
Subaru,Outback,2017,180557,2500 cc,Automatic,Petrol,Nairobi,Locally Used,2340000
Mazda,CX-5,2018,180730,2200 cc,Automatic,Diesel,Mombasa,Foreign Used,2850000
Mercedes-Benz,C200,2019,180903,2000 cc,Automatic,Petrol,Nairobi,Foreign Used,3587499
Nissan,X-Trail,2020,181076,2000 cc,Automatic,Petrol,Nakuru,Locally Used,1837500
Honda,Fit,2021,181249,1500 cc,Manual,Petrol,Kisumu,Locally Used,1612500
BMW,X3,2022,181422,2000 cc,Automatic,Diesel,Nairobi,Foreign Used,4620000
Audi,A4,2008,181595,2000 cc,Automatic,Diesel,Mombasa,Foreign Used,4387500
Toyota,Premio,2009,181768,1800 cc,Automatic,Petrol,Nairobi,Foreign Used,2415000
Subaru,Outback,2010,181941,2500 cc,Automatic,Petrol,Nairobi,Locally Used,2820000
Mazda,CX-5,2011,182114,2200 cc,Automatic,Diesel,Mombasa,Foreign Used,3420000
Mercedes-Benz,C200,2012,182287,2000 cc,Automatic,Petrol,Nairobi,Foreign Used,4287500
Nissan,X-Trail,2013,182460,2000 cc,Automatic,Petrol,Nakuru,Locally Used,1312500
Honda,Fit,2014,182633,1500 cc,Manual,Petrol,Kisumu,Locally Used,1162500
BMW,X3,2015,182806,2000 cc,Automatic,Diesel,Nairobi,Foreign Used,3360000
Audi,A4,2016,182979,2000 cc,Automatic,Diesel,Mombasa,Foreign Used,3217500
Toyota,Premio,2017,183152,1800 cc,Automatic,Petrol,Nairobi,Foreign Used,1785000
Subaru,Outback,2018,183325,2500 cc,Automatic,Petrol,Nairobi,Locally Used,2100000
Mazda,CX-5,2019,183498,2200 cc,Automatic,Diesel,Mombasa,Foreign Used,2565000
Mercedes-Benz,C200,2020,183671,2000 cc,Automatic,Petrol,Nairobi,Foreign Used,3237500
Nissan,X-Trail,2021,183844,2000 cc,Automatic,Petrol,Nakuru,Locally Used,1662500
Honda,Fit,2022,184017,1500 cc,Manual,Petrol,Kisumu,Locally Used,1462500
BMW,X3,2008,184190,2000 cc,Automatic,Diesel,Nairobi,Foreign Used,4200000
Audi,A4,2009,184363,2000 cc,Automatic,Diesel,Mombasa,Foreign Used,3997499
Toyota,Premio,2010,184536,1800 cc,Automatic,Petrol,Nairobi,Foreign Used,2205000
Subaru,Outback,2011,184709,2500 cc,Automatic,Petrol,Nairobi,Locally Used,2580000
Mazda,CX-5,2012,184882,2200 cc,Automatic,Diesel,Mombasa,Foreign Used,3135000
Mercedes-Benz,C200,2013,185055,2000 cc,Automatic,Petrol,Nairobi,Foreign Used,3937500
Nissan,X-Trail,2014,185228,2000 cc,Automatic,Petrol,Nakuru,Locally Used,2012499
Honda,Fit,2015,185401,1500 cc,Manual,Petrol,Kisumu,Locally Used,1762500
BMW,X3,2016,185574,2000 cc,Automatic,Diesel,Nairobi,Foreign Used,5040000
Audi,A4,2017,185747,2000 cc,Automatic,Diesel,Mombasa,Foreign Used,4777500
Toyota,Premio,2018,185920,1800 cc,Automatic,Petrol,Nairobi,Foreign Used,1575000
Subaru,Outback,2019,186093,2500 cc,Automatic,Petrol,Nairobi,Locally Used,1860000
Mazda,CX-5,2020,186266,2200 cc,Automatic,Diesel,Mombasa,Foreign Used,2280000
Mercedes-Benz,C200,2021,186439,2000 cc,Automatic,Petrol,Nairobi,Foreign Used,2887500
Nissan,X-Trail,2022,186612,2000 cc,Automatic,Petrol,Nakuru,Locally Used,1487500
Honda,Fit,2008,186785,1500 cc,Manual,Petrol,Kisumu,Locally Used,1312500
BMW,X3,2009,186958,2000 cc,Automatic,Diesel,Nairobi,Foreign Used,3780000
Audi,A4,2010,187131,2000 cc,Automatic,Diesel,Mombasa,Foreign Used,3607500
Toyota,Premio,2011,187304,1800 cc,Automatic,Petrol,Nairobi,Foreign Used,1995000
Subaru,Outback,2012,187477,2500 cc,Automatic,Petrol,Nairobi,Locally Used,2340000
Mazda,CX-5,2013,187650,2200 cc,Automatic,Diesel,Mombasa,Foreign Used,2850000
Mercedes-Benz,C200,2014,187823,2000 cc,Automatic,Petrol,Nairobi,Foreign Used,3587499
Nissan,X-Trail,2015,187996,2000 cc,Automatic,Petrol,Nakuru,Locally Used,1837500
Honda,Fit,2016,188169,1500 cc,Manual,Petrol,Kisumu,Locally Used,1612500
BMW,X3,2017,188342,2000 cc,Automatic,Diesel,Nairobi,Foreign Used,4620000
Audi,A4,2018,188515,2000 cc,Automatic,Diesel,Mombasa,Foreign Used,4387500
Toyota,Premio,2019,188688,1800 cc,Automatic,Petrol,Nairobi,Foreign Used,2415000
Subaru,Outback,2020,188861,2500 cc,Automatic,Petrol,Nairobi,Locally Used,2820000
Mazda,CX-5,2021,189034,2200 cc,Automatic,Diesel,Mombasa,Foreign Used,3420000
Mercedes-Benz,C200,2022,189207,2000 cc,Automatic,Petrol,Nairobi,Foreign Used,4287500
Nissan,X-Trail,2008,189380,2000 cc,Automatic,Petrol,Nakuru,Locally Used,1312500
Honda,Fit,2009,189553,1500 cc,Manual,Petrol,Kisumu,Locally Used,1162500
BMW,X3,2010,189726,2000 cc,Automatic,Diesel,Nairobi,Foreign Used,3360000
Audi,A4,2011,189899,2000 cc,Automatic,Diesel,Mombasa,Foreign Used,3217500
Toyota,Premio,2012,190072,1800 cc,Automatic,Petrol,Nairobi,Foreign Used,1785000
Subaru,Outback,2013,190245,2500 cc,Automatic,Petrol,Nairobi,Locally Used,2100000
Mazda,CX-5,2014,190418,2200 cc,Automatic,Diesel,Mombasa,Foreign Used,2565000
Mercedes-Benz,C200,2015,190591,2000 cc,Automatic,Petrol,Nairobi,Foreign Used,3237500
Nissan,X-Trail,2016,190764,2000 cc,Automatic,Petrol,Nakuru,Locally Used,1662500
Honda,Fit,2017,190937,1500 cc,Manual,Petrol,Kisumu,Locally Used,1462500
BMW,X3,2018,191110,2000 cc,Automatic,Diesel,Nairobi,Foreign Used,4200000
Audi,A4,2019,191283,2000 cc,Automatic,Diesel,Mombasa,Foreign Used,3997499
Toyota,Premio,2020,191456,1800 cc,Automatic,Petrol,Nairobi,Foreign Used,2205000
Subaru,Outback,2021,191629,2500 cc,Automatic,Petrol,Nairobi,Locally Used,2580000
Mazda,CX-5,2022,191802,2200 cc,Automatic,Diesel,Mombasa,Foreign Used,3135000
Mercedes-Benz,C200,2008,191975,2000 cc,Automatic,Petrol,Nairobi,Foreign Used,3937500
Nissan,X-Trail,2009,192148,2000 cc,Automatic,Petrol,Nakuru,Locally Used,2012499
Honda,Fit,2010,192321,1500 cc,Manual,Petrol,Kisumu,Locally Used,1762500
BMW,X3,2011,192494,2000 cc,Automatic,Diesel,Nairobi,Foreign Used,5040000
Audi,A4,2012,192667,2000 cc,Automatic,Diesel,Mombasa,Foreign Used,4777500
Toyota,Premio,2013,192840,1800 cc,Automatic,Petrol,Nairobi,Foreign Used,1575000
Subaru,Outback,2014,193013,2500 cc,Automatic,Petrol,Nairobi,Locally Used,1860000
Mazda,CX-5,2015,193186,2200 cc,Automatic,Diesel,Mombasa,Foreign Used,2280000
Mercedes-Benz,C200,2016,193359,2000 cc,Automatic,Petrol,Nairobi,Foreign Used,2887500
Nissan,X-Trail,2017,193532,2000 cc,Automatic,Petrol,Nakuru,Locally Used,1487500
Honda,Fit,2018,193705,1500 cc,Manual,Petrol,Kisumu,Locally Used,1312500
BMW,X3,2019,193878,2000 cc,Automatic,Diesel,Nairobi,Foreign Used,3780000
Audi,A4,2020,194051,2000 cc,Automatic,Diesel,Mombasa,Foreign Used,3607500
Toyota,Premio,2021,194224,1800 cc,Automatic,Petrol,Nairobi,Foreign Used,1995000
Subaru,Outback,2022,194397,2500 cc,Automatic,Petrol,Nairobi,Locally Used,2340000
Mazda,CX-5,2008,194570,2200 cc,Automatic,Diesel,Mombasa,Foreign Used,2850000
Mercedes-Benz,C200,2009,194743,2000 cc,Automatic,Petrol,Nairobi,Foreign Used,3587499
Nissan,X-Trail,2010,194916,2000 cc,Automatic,Petrol,Nakuru,Locally Used,1837500
Honda,Fit,2011,195089,1500 cc,Manual,Petrol,Kisumu,Locally Used,1612500
BMW,X3,2012,195262,2000 cc,Automatic,Diesel,Nairobi,Foreign Used,4620000
Audi,A4,2013,195435,2000 cc,Automatic,Diesel,Mombasa,Foreign Used,4387500
Toyota,Premio,2014,195608,1800 cc,Automatic,Petrol,Nairobi,Foreign Used,2415000
Subaru,Outback,2015,195781,2500 cc,Automatic,Petrol,Nairobi,Locally Used,2820000
Mazda,CX-5,2016,195954,2200 cc,Automatic,Diesel,Mombasa,Foreign Used,3420000
Mercedes-Benz,C200,2017,196127,2000 cc,Automatic,Petrol,Nairobi,Foreign Used,4287500
Nissan,X-Trail,2018,196300,2000 cc,Automatic,Petrol,Nakuru,Locally Used,1312500
Honda,Fit,2019,196473,1500 cc,Manual,Petrol,Kisumu,Locally Used,1162500
BMW,X3,2020,196646,2000 cc,Automatic,Diesel,Nairobi,Foreign Used,3360000
Audi,A4,2021,196819,2000 cc,Automatic,Diesel,Mombasa,Foreign Used,3217500
Toyota,Premio,2022,196992,1800 cc,Automatic,Petrol,Nairobi,Foreign Used,1785000
Subaru,Outback,2008,197165,2500 cc,Automatic,Petrol,Nairobi,Locally Used,2100000
Mazda,CX-5,2009,197338,2200 cc,Automatic,Diesel,Mombasa,Foreign Used,2565000
Mercedes-Benz,C200,2010,197511,2000 cc,Automatic,Petrol,Nairobi,Foreign Used,3237500
Nissan,X-Trail,2011,197684,2000 cc,Automatic,Petrol,Nakuru,Locally Used,1662500
Honda,Fit,2012,197857,1500 cc,Manual,Petrol,Kisumu,Locally Used,1462500
BMW,X3,2013,198030,2000 cc,Automatic,Diesel,Nairobi,Foreign Used,4200000
Audi,A4,2014,198203,2000 cc,Automatic,Diesel,Mombasa,Foreign Used,3997499
Toyota,Premio,2015,198376,1800 cc,Automatic,Petrol,Nairobi,Foreign Used,2205000
Subaru,Outback,2016,198549,2500 cc,Automatic,Petrol,Nairobi,Locally Used,2580000
Mazda,CX-5,2017,198722,2200 cc,Automatic,Diesel,Mombasa,Foreign Used,3135000
Mercedes-Benz,C200,2018,198895,2000 cc,Automatic,Petrol,Nairobi,Foreign Used,3937500
Nissan,X-Trail,2019,199068,2000 cc,Automatic,Petrol,Nakuru,Locally Used,2012499
Honda,Fit,2020,199241,1500 cc,Manual,Petrol,Kisumu,Locally Used,1762500
BMW,X3,2021,199414,2000 cc,Automatic,Diesel,Nairobi,Foreign Used,5040000
Audi,A4,2022,199587,2000 cc,Automatic,Diesel,Mombasa,Foreign Used,4777500
Toyota,Premio,2008,199760,1800 cc,Automatic,Petrol,Nairobi,Foreign Used,1575000
Subaru,Outback,2009,199933,2500 cc,Automatic,Petrol,Nairobi,Locally Used,1860000
Mazda,CX-5,2010,20106,2200 cc,Automatic,Diesel,Mombasa,Foreign Used,2280000
Mercedes-Benz,C200,2011,20279,2000 cc,Automatic,Petrol,Nairobi,Foreign Used,2887500
Nissan,X-Trail,2012,20452,2000 cc,Automatic,Petrol,Nakuru,Locally Used,1487500
Honda,Fit,2013,20625,1500 cc,Manual,Petrol,Kisumu,Locally Used,1312500
BMW,X3,2014,20798,2000 cc,Automatic,Diesel,Nairobi,Foreign Used,3780000
Audi,A4,2015,20971,2000 cc,Automatic,Diesel,Mombasa,Foreign Used,3607500
Toyota,Premio,2016,21144,1800 cc,Automatic,Petrol,Nairobi,Foreign Used,1995000
Subaru,Outback,2017,21317,2500 cc,Automatic,Petrol,Nairobi,Locally Used,2340000
Mazda,CX-5,2018,21490,2200 cc,Automatic,Diesel,Mombasa,Foreign Used,2850000
Mercedes-Benz,C200,2019,21663,2000 cc,Automatic,Petrol,Nairobi,Foreign Used,3587499
Nissan,X-Trail,2020,21836,2000 cc,Automatic,Petrol,Nakuru,Locally Used,1837500
Honda,Fit,2021,22009,1500 cc,Manual,Petrol,Kisumu,Locally Used,1612500
BMW,X3,2022,22182,2000 cc,Automatic,Diesel,Nairobi,Foreign Used,4620000
Audi,A4,2008,22355,2000 cc,Automatic,Diesel,Mombasa,Foreign Used,4387500
Toyota,Premio,2009,22528,1800 cc,Automatic,Petrol,Nairobi,Foreign Used,2415000
Subaru,Outback,2010,22701,2500 cc,Automatic,Petrol,Nairobi,Locally Used,2820000
Mazda,CX-5,2011,22874,2200 cc,Automatic,Diesel,Mombasa,Foreign Used,3420000
Mercedes-Benz,C200,2012,23047,2000 cc,Automatic,Petrol,Nairobi,Foreign Used,4287500
Nissan,X-Trail,2013,23220,2000 cc,Automatic,Petrol,Nakuru,Locally Used,1312500
Honda,Fit,2014,23393,1500 cc,Manual,Petrol,Kisumu,Locally Used,1162500
BMW,X3,2015,23566,2000 cc,Automatic,Diesel,Nairobi,Foreign Used,3360000
Audi,A4,2016,23739,2000 cc,Automatic,Diesel,Mombasa,Foreign Used,3217500
Toyota,Premio,2017,23912,1800 cc,Automatic,Petrol,Nairobi,Foreign Used,1785000
Subaru,Outback,2018,24085,2500 cc,Automatic,Petrol,Nairobi,Locally Used,2100000
Mazda,CX-5,2019,24258,2200 cc,Automatic,Diesel,Mombasa,Foreign Used,2565000
Mercedes-Benz,C200,2020,24431,2000 cc,Automatic,Petrol,Nairobi,Foreign Used,3237500
Nissan,X-Trail,2021,24604,2000 cc,Automatic,Petrol,Nakuru,Locally Used,1662500
Honda,Fit,2022,24777,1500 cc,Manual,Petrol,Kisumu,Locally Used,1462500
BMW,X3,2008,24950,2000 cc,Automatic,Diesel,Nairobi,Foreign Used,4200000
Audi,A4,2009,25123,2000 cc,Automatic,Diesel,Mombasa,Foreign Used,3997499
Toyota,Premio,2010,25296,1800 cc,Automatic,Petrol,Nairobi,Foreign Used,2205000
Subaru,Outback,2011,25469,2500 cc,Automatic,Petrol,Nairobi,Locally Used,2580000
Mazda,CX-5,2012,25642,2200 cc,Automatic,Diesel,Mombasa,Foreign Used,3135000
Mercedes-Benz,C200,2013,25815,2000 cc,Automatic,Petrol,Nairobi,Foreign Used,3937500
Nissan,X-Trail,2014,25988,2000 cc,Automatic,Petrol,Nakuru,Locally Used,2012499
Honda,Fit,2015,26161,1500 cc,Manual,Petrol,Kisumu,Locally Used,1762500
BMW,X3,2016,26334,2000 cc,Automatic,Diesel,Nairobi,Foreign Used,5040000
Audi,A4,2017,26507,2000 cc,Automatic,Diesel,Mombasa,Foreign Used,4777500
Toyota,Premio,2018,26680,1800 cc,Automatic,Petrol,Nairobi,Foreign Used,1575000
Subaru,Outback,2019,26853,2500 cc,Automatic,Petrol,Nairobi,Locally Used,1860000
Mazda,CX-5,2020,27026,2200 cc,Automatic,Diesel,Mombasa,Foreign Used,2280000
Mercedes-Benz,C200,2021,27199,2000 cc,Automatic,Petrol,Nairobi,Foreign Used,2887500
Nissan,X-Trail,2022,27372,2000 cc,Automatic,Petrol,Nakuru,Locally Used,1487500
Honda,Fit,2008,27545,1500 cc,Manual,Petrol,Kisumu,Locally Used,1312500
BMW,X3,2009,27718,2000 cc,Automatic,Diesel,Nairobi,Foreign Used,3780000
Audi,A4,2010,27891,2000 cc,Automatic,Diesel,Mombasa,Foreign Used,3607500
Toyota,Premio,2011,28064,1800 cc,Automatic,Petrol,Nairobi,Foreign Used,1995000
Subaru,Outback,2012,28237,2500 cc,Automatic,Petrol,Nairobi,Locally Used,2340000
Mazda,CX-5,2013,28410,2200 cc,Automatic,Diesel,Mombasa,Foreign Used,2850000
Mercedes-Benz,C200,2014,28583,2000 cc,Automatic,Petrol,Nairobi,Foreign Used,3587499
Nissan,X-Trail,2015,28756,2000 cc,Automatic,Petrol,Nakuru,Locally Used,1837500
Honda,Fit,2016,28929,1500 cc,Manual,Petrol,Kisumu,Locally Used,1612500
BMW,X3,2017,29102,2000 cc,Automatic,Diesel,Nairobi,Foreign Used,4620000
Audi,A4,2018,29275,2000 cc,Automatic,Diesel,Mombasa,Foreign Used,4387500
Toyota,Premio,2019,29448,1800 cc,Automatic,Petrol,Nairobi,Foreign Used,2415000
Subaru,Outback,2020,29621,2500 cc,Automatic,Petrol,Nairobi,Locally Used,2820000
Mazda,CX-5,2021,29794,2200 cc,Automatic,Diesel,Mombasa,Foreign Used,3420000
Mercedes-Benz,C200,2022,29967,2000 cc,Automatic,Petrol,Nairobi,Foreign Used,4287500
Nissan,X-Trail,2008,30140,2000 cc,Automatic,Petrol,Nakuru,Locally Used,1312500
Honda,Fit,2009,30313,1500 cc,Manual,Petrol,Kisumu,Locally Used,1162500
BMW,X3,2010,30486,2000 cc,Automatic,Diesel,Nairobi,Foreign Used,3360000
Audi,A4,2011,30659,2000 cc,Automatic,Diesel,Mombasa,Foreign Used,3217500
Toyota,Premio,2012,30832,1800 cc,Automatic,Petrol,Nairobi,Foreign Used,1785000
Subaru,Outback,2013,31005,2500 cc,Automatic,Petrol,Nairobi,Locally Used,2100000
Mazda,CX-5,2014,31178,2200 cc,Automatic,Diesel,Mombasa,Foreign Used,2565000
Mercedes-Benz,C200,2015,31351,2000 cc,Automatic,Petrol,Nairobi,Foreign Used,3237500
Nissan,X-Trail,2016,31524,2000 cc,Automatic,Petrol,Nakuru,Locally Used,1662500
Honda,Fit,2017,31697,1500 cc,Manual,Petrol,Kisumu,Locally Used,1462500
BMW,X3,2018,31870,2000 cc,Automatic,Diesel,Nairobi,Foreign Used,4200000
Audi,A4,2019,32043,2000 cc,Automatic,Diesel,Mombasa,Foreign Used,3997499
Toyota,Premio,2020,32216,1800 cc,Automatic,Petrol,Nairobi,Foreign Used,2205000
Subaru,Outback,2021,32389,2500 cc,Automatic,Petrol,Nairobi,Locally Used,2580000
Mazda,CX-5,2022,32562,2200 cc,Automatic,Diesel,Mombasa,Foreign Used,3135000
Mercedes-Benz,C200,2008,32735,2000 cc,Automatic,Petrol,Nairobi,Foreign Used,3937500
Nissan,X-Trail,2009,32908,2000 cc,Automatic,Petrol,Nakuru,Locally Used,2012499
Honda,Fit,2010,33081,1500 cc,Manual,Petrol,Kisumu,Locally Used,1762500
BMW,X3,2011,33254,2000 cc,Automatic,Diesel,Nairobi,Foreign Used,5040000
Audi,A4,2012,33427,2000 cc,Automatic,Diesel,Mombasa,Foreign Used,4777500
Toyota,Premio,2013,33600,1800 cc,Automatic,Petrol,Nairobi,Foreign Used,1575000
Subaru,Outback,2014,33773,2500 cc,Automatic,Petrol,Nairobi,Locally Used,1860000
Mazda,CX-5,2015,33946,2200 cc,Automatic,Diesel,Mombasa,Foreign Used,2280000
Mercedes-Benz,C200,2016,34119,2000 cc,Automatic,Petrol,Nairobi,Foreign Used,2887500
Nissan,X-Trail,2017,34292,2000 cc,Automatic,Petrol,Nakuru,Locally Used,1487500
Honda,Fit,2018,34465,1500 cc,Manual,Petrol,Kisumu,Locally Used,1312500
BMW,X3,2019,34638,2000 cc,Automatic,Diesel,Nairobi,Foreign Used,3780000
Audi,A4,2020,34811,2000 cc,Automatic,Diesel,Mombasa,Foreign Used,3607500
Toyota,Premio,2021,34984,1800 cc,Automatic,Petrol,Nairobi,Foreign Used,1995000
Subaru,Outback,2022,35157,2500 cc,Automatic,Petrol,Nairobi,Locally Used,2340000
Mazda,CX-5,2008,35330,2200 cc,Automatic,Diesel,Mombasa,Foreign Used,2850000
Mercedes-Benz,C200,2009,35503,2000 cc,Automatic,Petrol,Nairobi,Foreign Used,3587499
Nissan,X-Trail,2010,35676,2000 cc,Automatic,Petrol,Nakuru,Locally Used,1837500
Honda,Fit,2011,35849,1500 cc,Manual,Petrol,Kisumu,Locally Used,1612500
BMW,X3,2012,36022,2000 cc,Automatic,Diesel,Nairobi,Foreign Used,4620000
Audi,A4,2013,36195,2000 cc,Automatic,Diesel,Mombasa,Foreign Used,4387500
Toyota,Premio,2014,36368,1800 cc,Automatic,Petrol,Nairobi,Foreign Used,2415000
Subaru,Outback,2015,36541,2500 cc,Automatic,Petrol,Nairobi,Locally Used,2820000
Mazda,CX-5,2016,36714,2200 cc,Automatic,Diesel,Mombasa,Foreign Used,3420000
Mercedes-Benz,C200,2017,36887,2000 cc,Automatic,Petrol,Nairobi,Foreign Used,4287500
Nissan,X-Trail,2018,37060,2000 cc,Automatic,Petrol,Nakuru,Locally Used,1312500
Honda,Fit,2019,37233,1500 cc,Manual,Petrol,Kisumu,Locally Used,1162500
BMW,X3,2020,37406,2000 cc,Automatic,Diesel,Nairobi,Foreign Used,3360000
Audi,A4,2021,37579,2000 cc,Automatic,Diesel,Mombasa,Foreign Used,3217500
Toyota,Premio,2022,37752,1800 cc,Automatic,Petrol,Nairobi,Foreign Used,1785000
Subaru,Outback,2008,37925,2500 cc,Automatic,Petrol,Nairobi,Locally Used,2100000
Mazda,CX-5,2009,38098,2200 cc,Automatic,Diesel,Mombasa,Foreign Used,2565000
Mercedes-Benz,C200,2010,38271,2000 cc,Automatic,Petrol,Nairobi,Foreign Used,3237500
Nissan,X-Trail,2011,38444,2000 cc,Automatic,Petrol,Nakuru,Locally Used,1662500
Honda,Fit,2012,38617,1500 cc,Manual,Petrol,Kisumu,Locally Used,1462500
BMW,X3,2013,38790,2000 cc,Automatic,Diesel,Nairobi,Foreign Used,4200000
Audi,A4,2014,38963,2000 cc,Automatic,Diesel,Mombasa,Foreign Used,3997499
Toyota,Premio,2015,39136,1800 cc,Automatic,Petrol,Nairobi,Foreign Used,2205000
Subaru,Outback,2016,39309,2500 cc,Automatic,Petrol,Nairobi,Locally Used,2580000
Mazda,CX-5,2017,39482,2200 cc,Automatic,Diesel,Mombasa,Foreign Used,3135000
Mercedes-Benz,C200,2018,39655,2000 cc,Automatic,Petrol,Nairobi,Foreign Used,3937500
Nissan,X-Trail,2019,39828,2000 cc,Automatic,Petrol,Nakuru,Locally Used,2012499
Honda,Fit,2020,40001,1500 cc,Manual,Petrol,Kisumu,Locally Used,1762500
BMW,X3,2021,40174,2000 cc,Automatic,Diesel,Nairobi,Foreign Used,5040000
Audi,A4,2022,40347,2000 cc,Automatic,Diesel,Mombasa,Foreign Used,4777500
Toyota,Premio,2008,40520,1800 cc,Automatic,Petrol,Nairobi,Foreign Used,1575000
Subaru,Outback,2009,40693,2500 cc,Automatic,Petrol,Nairobi,Locally Used,1860000
Mazda,CX-5,2010,40866,2200 cc,Automatic,Diesel,Mombasa,Foreign Used,2280000
Mercedes-Benz,C200,2011,41039,2000 cc,Automatic,Petrol,Nairobi,Foreign Used,2887500
Nissan,X-Trail,2012,41212,2000 cc,Automatic,Petrol,Nakuru,Locally Used,1487500
Honda,Fit,2013,41385,1500 cc,Manual,Petrol,Kisumu,Locally Used,1312500
BMW,X3,2014,41558,2000 cc,Automatic,Diesel,Nairobi,Foreign Used,3780000
Audi,A4,2015,41731,2000 cc,Automatic,Diesel,Mombasa,Foreign Used,3607500
Toyota,Premio,2016,41904,1800 cc,Automatic,Petrol,Nairobi,Foreign Used,1995000
Subaru,Outback,2017,42077,2500 cc,Automatic,Petrol,Nairobi,Locally Used,2340000
Mazda,CX-5,2018,42250,2200 cc,Automatic,Diesel,Mombasa,Foreign Used,2850000
Mercedes-Benz,C200,2019,42423,2000 cc,Automatic,Petrol,Nairobi,Foreign Used,3587499
Nissan,X-Trail,2020,42596,2000 cc,Automatic,Petrol,Nakuru,Locally Used,1837500
Honda,Fit,2021,42769,1500 cc,Manual,Petrol,Kisumu,Locally Used,1612500
BMW,X3,2022,42942,2000 cc,Automatic,Diesel,Nairobi,Foreign Used,4620000
Audi,A4,2008,43115,2000 cc,Automatic,Diesel,Mombasa,Foreign Used,4387500
Toyota,Premio,2009,43288,1800 cc,Automatic,Petrol,Nairobi,Foreign Used,2415000
Subaru,Outback,2010,43461,2500 cc,Automatic,Petrol,Nairobi,Locally Used,2820000
Mazda,CX-5,2011,43634,2200 cc,Automatic,Diesel,Mombasa,Foreign Used,3420000
Mercedes-Benz,C200,2012,43807,2000 cc,Automatic,Petrol,Nairobi,Foreign Used,4287500
Nissan,X-Trail,2013,43980,2000 cc,Automatic,Petrol,Nakuru,Locally Used,1312500
Honda,Fit,2014,44153,1500 cc,Manual,Petrol,Kisumu,Locally Used,1162500
BMW,X3,2015,44326,2000 cc,Automatic,Diesel,Nairobi,Foreign Used,3360000
Audi,A4,2016,44499,2000 cc,Automatic,Diesel,Mombasa,Foreign Used,3217500
Toyota,Premio,2017,44672,1800 cc,Automatic,Petrol,Nairobi,Foreign Used,1785000
Subaru,Outback,2018,44845,2500 cc,Automatic,Petrol,Nairobi,Locally Used,2100000
Mazda,CX-5,2019,45018,2200 cc,Automatic,Diesel,Mombasa,Foreign Used,2565000
Mercedes-Benz,C200,2020,45191,2000 cc,Automatic,Petrol,Nairobi,Foreign Used,3237500
Nissan,X-Trail,2021,45364,2000 cc,Automatic,Petrol,Nakuru,Locally Used,1662500
Honda,Fit,2022,45537,1500 cc,Manual,Petrol,Kisumu,Locally Used,1462500
BMW,X3,2008,45710,2000 cc,Automatic,Diesel,Nairobi,Foreign Used,4200000
Audi,A4,2009,45883,2000 cc,Automatic,Diesel,Mombasa,Foreign Used,3997499
Toyota,Premio,2010,46056,1800 cc,Automatic,Petrol,Nairobi,Foreign Used,2205000
Subaru,Outback,2011,46229,2500 cc,Automatic,Petrol,Nairobi,Locally Used,2580000
Mazda,CX-5,2012,46402,2200 cc,Automatic,Diesel,Mombasa,Foreign Used,3135000
Mercedes-Benz,C200,2013,46575,2000 cc,Automatic,Petrol,Nairobi,Foreign Used,3937500
Nissan,X-Trail,2014,46748,2000 cc,Automatic,Petrol,Nakuru,Locally Used,2012499
Honda,Fit,2015,46921,1500 cc,Manual,Petrol,Kisumu,Locally Used,1762500
BMW,X3,2016,47094,2000 cc,Automatic,Diesel,Nairobi,Foreign Used,5040000
Audi,A4,2017,47267,2000 cc,Automatic,Diesel,Mombasa,Foreign Used,4777500
Toyota,Premio,2018,47440,1800 cc,Automatic,Petrol,Nairobi,Foreign Used,1575000
Subaru,Outback,2019,47613,2500 cc,Automatic,Petrol,Nairobi,Locally Used,1860000
Mazda,CX-5,2020,47786,2200 cc,Automatic,Diesel,Mombasa,Foreign Used,2280000
Mercedes-Benz,C200,2021,47959,2000 cc,Automatic,Petrol,Nairobi,Foreign Used,2887500
Nissan,X-Trail,2022,48132,2000 cc,Automatic,Petrol,Nakuru,Locally Used,1487500
Honda,Fit,2008,48305,1500 cc,Manual,Petrol,Kisumu,Locally Used,1312500
BMW,X3,2009,48478,2000 cc,Automatic,Diesel,Nairobi,Foreign Used,3780000
Audi,A4,2010,48651,2000 cc,Automatic,Diesel,Mombasa,Foreign Used,3607500
Toyota,Premio,2011,48824,1800 cc,Automatic,Petrol,Nairobi,Foreign Used,1995000
Subaru,Outback,2012,48997,2500 cc,Automatic,Petrol,Nairobi,Locally Used,2340000
Mazda,CX-5,2013,49170,2200 cc,Automatic,Diesel,Mombasa,Foreign Used,2850000
Mercedes-Benz,C200,2014,49343,2000 cc,Automatic,Petrol,Nairobi,Foreign Used,3587499
Nissan,X-Trail,2015,49516,2000 cc,Automatic,Petrol,Nakuru,Locally Used,1837500
Honda,Fit,2016,49689,1500 cc,Manual,Petrol,Kisumu,Locally Used,1612500
BMW,X3,2017,49862,2000 cc,Automatic,Diesel,Nairobi,Foreign Used,4620000
Audi,A4,2018,50035,2000 cc,Automatic,Diesel,Mombasa,Foreign Used,4387500
Toyota,Premio,2019,50208,1800 cc,Automatic,Petrol,Nairobi,Foreign Used,2415000
Subaru,Outback,2020,50381,2500 cc,Automatic,Petrol,Nairobi,Locally Used,2820000
Mazda,CX-5,2021,50554,2200 cc,Automatic,Diesel,Mombasa,Foreign Used,3420000
Mercedes-Benz,C200,2022,50727,2000 cc,Automatic,Petrol,Nairobi,Foreign Used,4287500
Nissan,X-Trail,2008,50900,2000 cc,Automatic,Petrol,Nakuru,Locally Used,1312500
Honda,Fit,2009,51073,1500 cc,Manual,Petrol,Kisumu,Locally Used,1162500
BMW,X3,2010,51246,2000 cc,Automatic,Diesel,Nairobi,Foreign Used,3360000
Audi,A4,2011,51419,2000 cc,Automatic,Diesel,Mombasa,Foreign Used,3217500
Toyota,Premio,2012,51592,1800 cc,Automatic,Petrol,Nairobi,Foreign Used,1785000
Subaru,Outback,2013,51765,2500 cc,Automatic,Petrol,Nairobi,Locally Used,2100000
Mazda,CX-5,2014,51938,2200 cc,Automatic,Diesel,Mombasa,Foreign Used,2565000
Mercedes-Benz,C200,2015,52111,2000 cc,Automatic,Petrol,Nairobi,Foreign Used,3237500
Nissan,X-Trail,2016,52284,2000 cc,Automatic,Petrol,Nakuru,Locally Used,1662500
Honda,Fit,2017,52457,1500 cc,Manual,Petrol,Kisumu,Locally Used,1462500
BMW,X3,2018,52630,2000 cc,Automatic,Diesel,Nairobi,Foreign Used,4200000
Audi,A4,2019,52803,2000 cc,Automatic,Diesel,Mombasa,Foreign Used,3997499
Toyota,Premio,2020,52976,1800 cc,Automatic,Petrol,Nairobi,Foreign Used,2205000
Subaru,Outback,2021,53149,2500 cc,Automatic,Petrol,Nairobi,Locally Used,2580000
Mazda,CX-5,2022,53322,2200 cc,Automatic,Diesel,Mombasa,Foreign Used,3135000
Mercedes-Benz,C200,2008,53495,2000 cc,Automatic,Petrol,Nairobi,Foreign Used,3937500
Nissan,X-Trail,2009,53668,2000 cc,Automatic,Petrol,Nakuru,Locally Used,2012499
Honda,Fit,2010,53841,1500 cc,Manual,Petrol,Kisumu,Locally Used,1762500
BMW,X3,2011,54014,2000 cc,Automatic,Diesel,Nairobi,Foreign Used,5040000
Audi,A4,2012,54187,2000 cc,Automatic,Diesel,Mombasa,Foreign Used,4777500
Toyota,Premio,2013,54360,1800 cc,Automatic,Petrol,Nairobi,Foreign Used,1575000
Subaru,Outback,2014,54533,2500 cc,Automatic,Petrol,Nairobi,Locally Used,1860000
Mazda,CX-5,2015,54706,2200 cc,Automatic,Diesel,Mombasa,Foreign Used,2280000
Mercedes-Benz,C200,2016,54879,2000 cc,Automatic,Petrol,Nairobi,Foreign Used,2887500
Nissan,X-Trail,2017,55052,2000 cc,Automatic,Petrol,Nakuru,Locally Used,1487500
Honda,Fit,2018,55225,1500 cc,Manual,Petrol,Kisumu,Locally Used,1312500
BMW,X3,2019,55398,2000 cc,Automatic,Diesel,Nairobi,Foreign Used,3780000
Audi,A4,2020,55571,2000 cc,Automatic,Diesel,Mombasa,Foreign Used,3607500
Toyota,Premio,2021,55744,1800 cc,Automatic,Petrol,Nairobi,Foreign Used,1995000
Subaru,Outback,2022,55917,2500 cc,Automatic,Petrol,Nairobi,Locally Used,2340000
Mazda,CX-5,2008,56090,2200 cc,Automatic,Diesel,Mombasa,Foreign Used,2850000
Mercedes-Benz,C200,2009,56263,2000 cc,Automatic,Petrol,Nairobi,Foreign Used,3587499
Nissan,X-Trail,2010,56436,2000 cc,Automatic,Petrol,Nakuru,Locally Used,1837500
Honda,Fit,2011,56609,1500 cc,Manual,Petrol,Kisumu,Locally Used,1612500
BMW,X3,2012,56782,2000 cc,Automatic,Diesel,Nairobi,Foreign Used,4620000
Audi,A4,2013,56955,2000 cc,Automatic,Diesel,Mombasa,Foreign Used,4387500
Toyota,Premio,2014,57128,1800 cc,Automatic,Petrol,Nairobi,Foreign Used,2415000
Subaru,Outback,2015,57301,2500 cc,Automatic,Petrol,Nairobi,Locally Used,2820000
Mazda,CX-5,2016,57474,2200 cc,Automatic,Diesel,Mombasa,Foreign Used,3420000
Mercedes-Benz,C200,2017,57647,2000 cc,Automatic,Petrol,Nairobi,Foreign Used,4287500
Nissan,X-Trail,2018,57820,2000 cc,Automatic,Petrol,Nakuru,Locally Used,1312500
Honda,Fit,2019,57993,1500 cc,Manual,Petrol,Kisumu,Locally Used,1162500
BMW,X3,2020,58166,2000 cc,Automatic,Diesel,Nairobi,Foreign Used,3360000
Audi,A4,2021,58339,2000 cc,Automatic,Diesel,Mombasa,Foreign Used,3217500
Toyota,Premio,2022,58512,1800 cc,Automatic,Petrol,Nairobi,Foreign Used,1785000
Subaru,Outback,2008,58685,2500 cc,Automatic,Petrol,Nairobi,Locally Used,2100000
Mazda,CX-5,2009,58858,2200 cc,Automatic,Diesel,Mombasa,Foreign Used,2565000
Mercedes-Benz,C200,2010,59031,2000 cc,Automatic,Petrol,Nairobi,Foreign Used,3237500
Nissan,X-Trail,2011,59204,2000 cc,Automatic,Petrol,Nakuru,Locally Used,1662500
Honda,Fit,2012,59377,1500 cc,Manual,Petrol,Kisumu,Locally Used,1462500
BMW,X3,2013,59550,2000 cc,Automatic,Diesel,Nairobi,Foreign Used,4200000
Audi,A4,2014,59723,2000 cc,Automatic,Diesel,Mombasa,Foreign Used,3997499
Toyota,Premio,2015,59896,1800 cc,Automatic,Petrol,Nairobi,Foreign Used,2205000
Subaru,Outback,2016,60069,2500 cc,Automatic,Petrol,Nairobi,Locally Used,2580000
Mazda,CX-5,2017,60242,2200 cc,Automatic,Diesel,Mombasa,Foreign Used,3135000
Mercedes-Benz,C200,2018,60415,2000 cc,Automatic,Petrol,Nairobi,Foreign Used,3937500
Nissan,X-Trail,2019,60588,2000 cc,Automatic,Petrol,Nakuru,Locally Used,2012499
Honda,Fit,2020,60761,1500 cc,Manual,Petrol,Kisumu,Locally Used,1762500
BMW,X3,2021,60934,2000 cc,Automatic,Diesel,Nairobi,Foreign Used,5040000
Audi,A4,2022,61107,2000 cc,Automatic,Diesel,Mombasa,Foreign Used,4777500
Toyota,Premio,2008,61280,1800 cc,Automatic,Petrol,Nairobi,Foreign Used,1575000
Subaru,Outback,2009,61453,2500 cc,Automatic,Petrol,Nairobi,Locally Used,1860000
Mazda,CX-5,2010,61626,2200 cc,Automatic,Diesel,Mombasa,Foreign Used,2280000
Mercedes-Benz,C200,2011,61799,2000 cc,Automatic,Petrol,Nairobi,Foreign Used,2887500
Nissan,X-Trail,2012,61972,2000 cc,Automatic,Petrol,Nakuru,Locally Used,1487500
Honda,Fit,2013,62145,1500 cc,Manual,Petrol,Kisumu,Locally Used,1312500
BMW,X3,2014,62318,2000 cc,Automatic,Diesel,Nairobi,Foreign Used,3780000
Audi,A4,2015,62491,2000 cc,Automatic,Diesel,Mombasa,Foreign Used,3607500
Toyota,Premio,2016,62664,1800 cc,Automatic,Petrol,Nairobi,Foreign Used,1995000
Subaru,Outback,2017,62837,2500 cc,Automatic,Petrol,Nairobi,Locally Used,2340000
Mazda,CX-5,2018,63010,2200 cc,Automatic,Diesel,Mombasa,Foreign Used,2850000
Mercedes-Benz,C200,2019,63183,2000 cc,Automatic,Petrol,Nairobi,Foreign Used,3587499
Nissan,X-Trail,2020,63356,2000 cc,Automatic,Petrol,Nakuru,Locally Used,1837500
Honda,Fit,2021,63529,1500 cc,Manual,Petrol,Kisumu,Locally Used,1612500
BMW,X3,2022,63702,2000 cc,Automatic,Diesel,Nairobi,Foreign Used,4620000
Audi,A4,2008,63875,2000 cc,Automatic,Diesel,Mombasa,Foreign Used,4387500
Toyota,Premio,2009,64048,1800 cc,Automatic,Petrol,Nairobi,Foreign Used,2415000
Subaru,Outback,2010,64221,2500 cc,Automatic,Petrol,Nairobi,Locally Used,2820000
Mazda,CX-5,2011,64394,2200 cc,Automatic,Diesel,Mombasa,Foreign Used,3420000
Mercedes-Benz,C200,2012,64567,2000 cc,Automatic,Petrol,Nairobi,Foreign Used,4287500
Nissan,X-Trail,2013,64740,2000 cc,Automatic,Petrol,Nakuru,Locally Used,1312500
Honda,Fit,2014,64913,1500 cc,Manual,Petrol,Kisumu,Locally Used,1162500
BMW,X3,2015,65086,2000 cc,Automatic,Diesel,Nairobi,Foreign Used,3360000
Audi,A4,2016,65259,2000 cc,Automatic,Diesel,Mombasa,Foreign Used,3217500
Toyota,Premio,2017,65432,1800 cc,Automatic,Petrol,Nairobi,Foreign Used,1785000
Subaru,Outback,2018,65605,2500 cc,Automatic,Petrol,Nairobi,Locally Used,2100000
Mazda,CX-5,2019,65778,2200 cc,Automatic,Diesel,Mombasa,Foreign Used,2565000
Mercedes-Benz,C200,2020,65951,2000 cc,Automatic,Petrol,Nairobi,Foreign Used,3237500
Nissan,X-Trail,2021,66124,2000 cc,Automatic,Petrol,Nakuru,Locally Used,1662500
Honda,Fit,2022,66297,1500 cc,Manual,Petrol,Kisumu,Locally Used,1462500
BMW,X3,2008,66470,2000 cc,Automatic,Diesel,Nairobi,Foreign Used,4200000
Audi,A4,2009,66643,2000 cc,Automatic,Diesel,Mombasa,Foreign Used,3997499
Toyota,Premio,2010,66816,1800 cc,Automatic,Petrol,Nairobi,Foreign Used,2205000
Subaru,Outback,2011,66989,2500 cc,Automatic,Petrol,Nairobi,Locally Used,2580000
Mazda,CX-5,2012,67162,2200 cc,Automatic,Diesel,Mombasa,Foreign Used,3135000
Mercedes-Benz,C200,2013,67335,2000 cc,Automatic,Petrol,Nairobi,Foreign Used,3937500
Nissan,X-Trail,2014,67508,2000 cc,Automatic,Petrol,Nakuru,Locally Used,2012499
Honda,Fit,2015,67681,1500 cc,Manual,Petrol,Kisumu,Locally Used,1762500
BMW,X3,2016,67854,2000 cc,Automatic,Diesel,Nairobi,Foreign Used,5040000
Audi,A4,2017,68027,2000 cc,Automatic,Diesel,Mombasa,Foreign Used,4777500
Toyota,Premio,2018,68200,1800 cc,Automatic,Petrol,Nairobi,Foreign Used,1575000
Subaru,Outback,2019,68373,2500 cc,Automatic,Petrol,Nairobi,Locally Used,1860000
Mazda,CX-5,2020,68546,2200 cc,Automatic,Diesel,Mombasa,Foreign Used,2280000
Mercedes-Benz,C200,2021,68719,2000 cc,Automatic,Petrol,Nairobi,Foreign Used,2887500
Nissan,X-Trail,2022,68892,2000 cc,Automatic,Petrol,Nakuru,Locally Used,1487500
Honda,Fit,2008,69065,1500 cc,Manual,Petrol,Kisumu,Locally Used,1312500
BMW,X3,2009,69238,2000 cc,Automatic,Diesel,Nairobi,Foreign Used,3780000
Audi,A4,2010,69411,2000 cc,Automatic,Diesel,Mombasa,Foreign Used,3607500
Toyota,Premio,2011,69584,1800 cc,Automatic,Petrol,Nairobi,Foreign Used,1995000
Subaru,Outback,2012,69757,2500 cc,Automatic,Petrol,Nairobi,Locally Used,2340000
Mazda,CX-5,2013,69930,2200 cc,Automatic,Diesel,Mombasa,Foreign Used,2850000
Mercedes-Benz,C200,2014,70103,2000 cc,Automatic,Petrol,Nairobi,Foreign Used,3587499
Nissan,X-Trail,2015,70276,2000 cc,Automatic,Petrol,Nakuru,Locally Used,1837500
Honda,Fit,2016,70449,1500 cc,Manual,Petrol,Kisumu,Locally Used,1612500
BMW,X3,2017,70622,2000 cc,Automatic,Diesel,Nairobi,Foreign Used,4620000
Audi,A4,2018,70795,2000 cc,Automatic,Diesel,Mombasa,Foreign Used,4387500
Toyota,Premio,2019,70968,1800 cc,Automatic,Petrol,Nairobi,Foreign Used,2415000
Subaru,Outback,2020,71141,2500 cc,Automatic,Petrol,Nairobi,Locally Used,2820000
Mazda,CX-5,2021,71314,2200 cc,Automatic,Diesel,Mombasa,Foreign Used,3420000
Mercedes-Benz,C200,2022,71487,2000 cc,Automatic,Petrol,Nairobi,Foreign Used,4287500
Nissan,X-Trail,2008,71660,2000 cc,Automatic,Petrol,Nakuru,Locally Used,1312500
Honda,Fit,2009,71833,1500 cc,Manual,Petrol,Kisumu,Locally Used,1162500
BMW,X3,2010,72006,2000 cc,Automatic,Diesel,Nairobi,Foreign Used,3360000
Audi,A4,2011,72179,2000 cc,Automatic,Diesel,Mombasa,Foreign Used,3217500
Toyota,Premio,2012,72352,1800 cc,Automatic,Petrol,Nairobi,Foreign Used,1785000
Subaru,Outback,2013,72525,2500 cc,Automatic,Petrol,Nairobi,Locally Used,2100000
Mazda,CX-5,2014,72698,2200 cc,Automatic,Diesel,Mombasa,Foreign Used,2565000
Mercedes-Benz,C200,2015,72871,2000 cc,Automatic,Petrol,Nairobi,Foreign Used,3237500
Nissan,X-Trail,2016,73044,2000 cc,Automatic,Petrol,Nakuru,Locally Used,1662500
Honda,Fit,2017,73217,1500 cc,Manual,Petrol,Kisumu,Locally Used,1462500
BMW,X3,2018,73390,2000 cc,Automatic,Diesel,Nairobi,Foreign Used,4200000
Audi,A4,2019,73563,2000 cc,Automatic,Diesel,Mombasa,Foreign Used,3997499
Toyota,Premio,2020,73736,1800 cc,Automatic,Petrol,Nairobi,Foreign Used,2205000
Subaru,Outback,2021,73909,2500 cc,Automatic,Petrol,Nairobi,Locally Used,2580000
Mazda,CX-5,2022,74082,2200 cc,Automatic,Diesel,Mombasa,Foreign Used,3135000
Mercedes-Benz,C200,2008,74255,2000 cc,Automatic,Petrol,Nairobi,Foreign Used,3937500
Nissan,X-Trail,2009,74428,2000 cc,Automatic,Petrol,Nakuru,Locally Used,2012499
Honda,Fit,2010,74601,1500 cc,Manual,Petrol,Kisumu,Locally Used,1762500
BMW,X3,2011,74774,2000 cc,Automatic,Diesel,Nairobi,Foreign Used,5040000
Audi,A4,2012,74947,2000 cc,Automatic,Diesel,Mombasa,Foreign Used,4777500
Toyota,Premio,2013,75120,1800 cc,Automatic,Petrol,Nairobi,Foreign Used,1575000
Subaru,Outback,2014,75293,2500 cc,Automatic,Petrol,Nairobi,Locally Used,1860000
Mazda,CX-5,2015,75466,2200 cc,Automatic,Diesel,Mombasa,Foreign Used,2280000
Mercedes-Benz,C200,2016,75639,2000 cc,Automatic,Petrol,Nairobi,Foreign Used,2887500
Nissan,X-Trail,2017,75812,2000 cc,Automatic,Petrol,Nakuru,Locally Used,1487500
Honda,Fit,2018,75985,1500 cc,Manual,Petrol,Kisumu,Locally Used,1312500
BMW,X3,2019,76158,2000 cc,Automatic,Diesel,Nairobi,Foreign Used,3780000
Audi,A4,2020,76331,2000 cc,Automatic,Diesel,Mombasa,Foreign Used,3607500
Toyota,Premio,2021,76504,1800 cc,Automatic,Petrol,Nairobi,Foreign Used,1995000
Subaru,Outback,2022,76677,2500 cc,Automatic,Petrol,Nairobi,Locally Used,2340000
Mazda,CX-5,2008,76850,2200 cc,Automatic,Diesel,Mombasa,Foreign Used,2850000
Mercedes-Benz,C200,2009,77023,2000 cc,Automatic,Petrol,Nairobi,Foreign Used,3587499
Nissan,X-Trail,2010,77196,2000 cc,Automatic,Petrol,Nakuru,Locally Used,1837500
Honda,Fit,2011,77369,1500 cc,Manual,Petrol,Kisumu,Locally Used,1612500
BMW,X3,2012,77542,2000 cc,Automatic,Diesel,Nairobi,Foreign Used,4620000
Audi,A4,2013,77715,2000 cc,Automatic,Diesel,Mombasa,Foreign Used,4387500
Toyota,Premio,2014,77888,1800 cc,Automatic,Petrol,Nairobi,Foreign Used,2415000
Subaru,Outback,2015,78061,2500 cc,Automatic,Petrol,Nairobi,Locally Used,2820000
Mazda,CX-5,2016,78234,2200 cc,Automatic,Diesel,Mombasa,Foreign Used,3420000
Mercedes-Benz,C200,2017,78407,2000 cc,Automatic,Petrol,Nairobi,Foreign Used,4287500
Nissan,X-Trail,2018,78580,2000 cc,Automatic,Petrol,Nakuru,Locally Used,1312500
Honda,Fit,2019,78753,1500 cc,Manual,Petrol,Kisumu,Locally Used,1162500
BMW,X3,2020,78926,2000 cc,Automatic,Diesel,Nairobi,Foreign Used,3360000
Audi,A4,2021,79099,2000 cc,Automatic,Diesel,Mombasa,Foreign Used,3217500
Toyota,Premio,2022,79272,1800 cc,Automatic,Petrol,Nairobi,Foreign Used,1785000
Subaru,Outback,2008,79445,2500 cc,Automatic,Petrol,Nairobi,Locally Used,2100000
Mazda,CX-5,2009,79618,2200 cc,Automatic,Diesel,Mombasa,Foreign Used,2565000
Mercedes-Benz,C200,2010,79791,2000 cc,Automatic,Petrol,Nairobi,Foreign Used,3237500
Nissan,X-Trail,2011,79964,2000 cc,Automatic,Petrol,Nakuru,Locally Used,1662500
Honda,Fit,2012,80137,1500 cc,Manual,Petrol,Kisumu,Locally Used,1462500
BMW,X3,2013,80310,2000 cc,Automatic,Diesel,Nairobi,Foreign Used,4200000
Audi,A4,2014,80483,2000 cc,Automatic,Diesel,Mombasa,Foreign Used,3997499
Toyota,Premio,2015,80656,1800 cc,Automatic,Petrol,Nairobi,Foreign Used,2205000
Subaru,Outback,2016,80829,2500 cc,Automatic,Petrol,Nairobi,Locally Used,2580000
Mazda,CX-5,2017,81002,2200 cc,Automatic,Diesel,Mombasa,Foreign Used,3135000
Mercedes-Benz,C200,2018,81175,2000 cc,Automatic,Petrol,Nairobi,Foreign Used,3937500
Nissan,X-Trail,2019,81348,2000 cc,Automatic,Petrol,Nakuru,Locally Used,2012499
Honda,Fit,2020,81521,1500 cc,Manual,Petrol,Kisumu,Locally Used,1762500
BMW,X3,2021,81694,2000 cc,Automatic,Diesel,Nairobi,Foreign Used,5040000
Audi,A4,2022,81867,2000 cc,Automatic,Diesel,Mombasa,Foreign Used,4777500
Toyota,Premio,2008,82040,1800 cc,Automatic,Petrol,Nairobi,Foreign Used,1575000
Subaru,Outback,2009,82213,2500 cc,Automatic,Petrol,Nairobi,Locally Used,1860000
Mazda,CX-5,2010,82386,2200 cc,Automatic,Diesel,Mombasa,Foreign Used,2280000
Mercedes-Benz,C200,2011,82559,2000 cc,Automatic,Petrol,Nairobi,Foreign Used,2887500
Nissan,X-Trail,2012,82732,2000 cc,Automatic,Petrol,Nakuru,Locally Used,1487500
Honda,Fit,2013,82905,1500 cc,Manual,Petrol,Kisumu,Locally Used,1312500
BMW,X3,2014,83078,2000 cc,Automatic,Diesel,Nairobi,Foreign Used,3780000
Audi,A4,2015,83251,2000 cc,Automatic,Diesel,Mombasa,Foreign Used,3607500
Toyota,Premio,2016,83424,1800 cc,Automatic,Petrol,Nairobi,Foreign Used,1995000
Subaru,Outback,2017,83597,2500 cc,Automatic,Petrol,Nairobi,Locally Used,2340000
Mazda,CX-5,2018,83770,2200 cc,Automatic,Diesel,Mombasa,Foreign Used,2850000
Mercedes-Benz,C200,2019,83943,2000 cc,Automatic,Petrol,Nairobi,Foreign Used,3587499
Nissan,X-Trail,2020,84116,2000 cc,Automatic,Petrol,Nakuru,Locally Used,1837500
Honda,Fit,2021,84289,1500 cc,Manual,Petrol,Kisumu,Locally Used,1612500
BMW,X3,2022,84462,2000 cc,Automatic,Diesel,Nairobi,Foreign Used,4620000
Audi,A4,2008,84635,2000 cc,Automatic,Diesel,Mombasa,Foreign Used,4387500
Toyota,Premio,2009,84808,1800 cc,Automatic,Petrol,Nairobi,Foreign Used,2415000
Subaru,Outback,2010,84981,2500 cc,Automatic,Petrol,Nairobi,Locally Used,2820000
Mazda,CX-5,2011,85154,2200 cc,Automatic,Diesel,Mombasa,Foreign Used,3420000
Mercedes-Benz,C200,2012,85327,2000 cc,Automatic,Petrol,Nairobi,Foreign Used,4287500
Nissan,X-Trail,2013,85500,2000 cc,Automatic,Petrol,Nakuru,Locally Used,1312500
Honda,Fit,2014,85673,1500 cc,Manual,Petrol,Kisumu,Locally Used,1162500
BMW,X3,2015,85846,2000 cc,Automatic,Diesel,Nairobi,Foreign Used,3360000
Audi,A4,2016,86019,2000 cc,Automatic,Diesel,Mombasa,Foreign Used,3217500
Toyota,Premio,2017,86192,1800 cc,Automatic,Petrol,Nairobi,Foreign Used,1785000
Subaru,Outback,2018,86365,2500 cc,Automatic,Petrol,Nairobi,Locally Used,2100000
Mazda,CX-5,2019,86538,2200 cc,Automatic,Diesel,Mombasa,Foreign Used,2565000
Mercedes-Benz,C200,2020,86711,2000 cc,Automatic,Petrol,Nairobi,Foreign Used,3237500
Nissan,X-Trail,2021,86884,2000 cc,Automatic,Petrol,Nakuru,Locally Used,1662500
Honda,Fit,2022,87057,1500 cc,Manual,Petrol,Kisumu,Locally Used,1462500
BMW,X3,2008,87230,2000 cc,Automatic,Diesel,Nairobi,Foreign Used,4200000
Audi,A4,2009,87403,2000 cc,Automatic,Diesel,Mombasa,Foreign Used,3997499
Toyota,Premio,2010,87576,1800 cc,Automatic,Petrol,Nairobi,Foreign Used,2205000
Subaru,Outback,2011,87749,2500 cc,Automatic,Petrol,Nairobi,Locally Used,2580000
Mazda,CX-5,2012,87922,2200 cc,Automatic,Diesel,Mombasa,Foreign Used,3135000
Mercedes-Benz,C200,2013,88095,2000 cc,Automatic,Petrol,Nairobi,Foreign Used,3937500
Nissan,X-Trail,2014,88268,2000 cc,Automatic,Petrol,Nakuru,Locally Used,2012499
Honda,Fit,2015,88441,1500 cc,Manual,Petrol,Kisumu,Locally Used,1762500
BMW,X3,2016,88614,2000 cc,Automatic,Diesel,Nairobi,Foreign Used,5040000
Audi,A4,2017,88787,2000 cc,Automatic,Diesel,Mombasa,Foreign Used,4777500
Toyota,Premio,2018,88960,1800 cc,Automatic,Petrol,Nairobi,Foreign Used,1575000
Subaru,Outback,2019,89133,2500 cc,Automatic,Petrol,Nairobi,Locally Used,1860000
Mazda,CX-5,2020,89306,2200 cc,Automatic,Diesel,Mombasa,Foreign Used,2280000
Mercedes-Benz,C200,2021,89479,2000 cc,Automatic,Petrol,Nairobi,Foreign Used,2887500
Nissan,X-Trail,2022,89652,2000 cc,Automatic,Petrol,Nakuru,Locally Used,1487500
Honda,Fit,2008,89825,1500 cc,Manual,Petrol,Kisumu,Locally Used,1312500
BMW,X3,2009,89998,2000 cc,Automatic,Diesel,Nairobi,Foreign Used,3780000
Audi,A4,2010,90171,2000 cc,Automatic,Diesel,Mombasa,Foreign Used,3607500
Toyota,Premio,2011,90344,1800 cc,Automatic,Petrol,Nairobi,Foreign Used,1995000
Subaru,Outback,2012,90517,2500 cc,Automatic,Petrol,Nairobi,Locally Used,2340000
Mazda,CX-5,2013,90690,2200 cc,Automatic,Diesel,Mombasa,Foreign Used,2850000
Mercedes-Benz,C200,2014,90863,2000 cc,Automatic,Petrol,Nairobi,Foreign Used,3587499
Nissan,X-Trail,2015,91036,2000 cc,Automatic,Petrol,Nakuru,Locally Used,1837500
Honda,Fit,2016,91209,1500 cc,Manual,Petrol,Kisumu,Locally Used,1612500
BMW,X3,2017,91382,2000 cc,Automatic,Diesel,Nairobi,Foreign Used,4620000
Audi,A4,2018,91555,2000 cc,Automatic,Diesel,Mombasa,Foreign Used,4387500
Toyota,Premio,2019,91728,1800 cc,Automatic,Petrol,Nairobi,Foreign Used,2415000
Subaru,Outback,2020,91901,2500 cc,Automatic,Petrol,Nairobi,Locally Used,2820000
Mazda,CX-5,2021,92074,2200 cc,Automatic,Diesel,Mombasa,Foreign Used,3420000
Mercedes-Benz,C200,2022,92247,2000 cc,Automatic,Petrol,Nairobi,Foreign Used,4287500
Nissan,X-Trail,2008,92420,2000 cc,Automatic,Petrol,Nakuru,Locally Used,1312500
Honda,Fit,2009,92593,1500 cc,Manual,Petrol,Kisumu,Locally Used,1162500
BMW,X3,2010,92766,2000 cc,Automatic,Diesel,Nairobi,Foreign Used,3360000
Audi,A4,2011,92939,2000 cc,Automatic,Diesel,Mombasa,Foreign Used,3217500
Toyota,Premio,2012,93112,1800 cc,Automatic,Petrol,Nairobi,Foreign Used,1785000
Subaru,Outback,2013,93285,2500 cc,Automatic,Petrol,Nairobi,Locally Used,2100000
Mazda,CX-5,2014,93458,2200 cc,Automatic,Diesel,Mombasa,Foreign Used,2565000
Mercedes-Benz,C200,2015,93631,2000 cc,Automatic,Petrol,Nairobi,Foreign Used,3237500
Nissan,X-Trail,2016,93804,2000 cc,Automatic,Petrol,Nakuru,Locally Used,1662500
Honda,Fit,2017,93977,1500 cc,Manual,Petrol,Kisumu,Locally Used,1462500
BMW,X3,2018,94150,2000 cc,Automatic,Diesel,Nairobi,Foreign Used,4200000
Audi,A4,2019,94323,2000 cc,Automatic,Diesel,Mombasa,Foreign Used,3997499
Toyota,Premio,2020,94496,1800 cc,Automatic,Petrol,Nairobi,Foreign Used,2205000
Subaru,Outback,2021,94669,2500 cc,Automatic,Petrol,Nairobi,Locally Used,2580000
Mazda,CX-5,2022,94842,2200 cc,Automatic,Diesel,Mombasa,Foreign Used,3135000
Mercedes-Benz,C200,2008,95015,2000 cc,Automatic,Petrol,Nairobi,Foreign Used,3937500
Nissan,X-Trail,2009,95188,2000 cc,Automatic,Petrol,Nakuru,Locally Used,2012499
Honda,Fit,2010,95361,1500 cc,Manual,Petrol,Kisumu,Locally Used,1762500
BMW,X3,2011,95534,2000 cc,Automatic,Diesel,Nairobi,Foreign Used,5040000
Audi,A4,2012,95707,2000 cc,Automatic,Diesel,Mombasa,Foreign Used,4777500
Toyota,Premio,2013,95880,1800 cc,Automatic,Petrol,Nairobi,Foreign Used,1575000
Subaru,Outback,2014,96053,2500 cc,Automatic,Petrol,Nairobi,Locally Used,1860000
Mazda,CX-5,2015,96226,2200 cc,Automatic,Diesel,Mombasa,Foreign Used,2280000
Mercedes-Benz,C200,2016,96399,2000 cc,Automatic,Petrol,Nairobi,Foreign Used,2887500
Nissan,X-Trail,2017,96572,2000 cc,Automatic,Petrol,Nakuru,Locally Used,1487500
Honda,Fit,2018,96745,1500 cc,Manual,Petrol,Kisumu,Locally Used,1312500
BMW,X3,2019,96918,2000 cc,Automatic,Diesel,Nairobi,Foreign Used,3780000
Audi,A4,2020,97091,2000 cc,Automatic,Diesel,Mombasa,Foreign Used,3607500
Toyota,Premio,2021,97264,1800 cc,Automatic,Petrol,Nairobi,Foreign Used,1995000
Subaru,Outback,2022,97437,2500 cc,Automatic,Petrol,Nairobi,Locally Used,2340000
Mazda,CX-5,2008,97610,2200 cc,Automatic,Diesel,Mombasa,Foreign Used,2850000
Mercedes-Benz,C200,2009,97783,2000 cc,Automatic,Petrol,Nairobi,Foreign Used,3587499
Nissan,X-Trail,2010,97956,2000 cc,Automatic,Petrol,Nakuru,Locally Used,1837500
Honda,Fit,2011,98129,1500 cc,Manual,Petrol,Kisumu,Locally Used,1612500
BMW,X3,2012,98302,2000 cc,Automatic,Diesel,Nairobi,Foreign Used,4620000
Audi,A4,2013,98475,2000 cc,Automatic,Diesel,Mombasa,Foreign Used,4387500
Toyota,Premio,2014,98648,1800 cc,Automatic,Petrol,Nairobi,Foreign Used,2415000
Subaru,Outback,2015,98821,2500 cc,Automatic,Petrol,Nairobi,Locally Used,2820000
Mazda,CX-5,2016,98994,2200 cc,Automatic,Diesel,Mombasa,Foreign Used,3420000
Mercedes-Benz,C200,2017,99167,2000 cc,Automatic,Petrol,Nairobi,Foreign Used,4287500
Nissan,X-Trail,2018,99340,2000 cc,Automatic,Petrol,Nakuru,Locally Used,1312500
Honda,Fit,2019,99513,1500 cc,Manual,Petrol,Kisumu,Locally Used,1162500
BMW,X3,2020,99686,2000 cc,Automatic,Diesel,Nairobi,Foreign Used,3360000
Audi,A4,2021,99859,2000 cc,Automatic,Diesel,Mombasa,Foreign Used,3217500
Toyota,Premio,2022,100032,1800 cc,Automatic,Petrol,Nairobi,Foreign Used,1785000
Subaru,Outback,2008,100205,2500 cc,Automatic,Petrol,Nairobi,Locally Used,2100000
Mazda,CX-5,2009,100378,2200 cc,Automatic,Diesel,Mombasa,Foreign Used,2565000
Mercedes-Benz,C200,2010,100551,2000 cc,Automatic,Petrol,Nairobi,Foreign Used,3237500
Nissan,X-Trail,2011,100724,2000 cc,Automatic,Petrol,Nakuru,Locally Used,1662500
Honda,Fit,2012,100897,1500 cc,Manual,Petrol,Kisumu,Locally Used,1462500
BMW,X3,2013,101070,2000 cc,Automatic,Diesel,Nairobi,Foreign Used,4200000
Audi,A4,2014,101243,2000 cc,Automatic,Diesel,Mombasa,Foreign Used,3997499
Toyota,Premio,2015,101416,1800 cc,Automatic,Petrol,Nairobi,Foreign Used,2205000
Subaru,Outback,2016,101589,2500 cc,Automatic,Petrol,Nairobi,Locally Used,2580000
Mazda,CX-5,2017,101762,2200 cc,Automatic,Diesel,Mombasa,Foreign Used,3135000
Mercedes-Benz,C200,2018,101935,2000 cc,Automatic,Petrol,Nairobi,Foreign Used,3937500
Nissan,X-Trail,2019,102108,2000 cc,Automatic,Petrol,Nakuru,Locally Used,2012499
Honda,Fit,2020,102281,1500 cc,Manual,Petrol,Kisumu,Locally Used,1762500
BMW,X3,2021,102454,2000 cc,Automatic,Diesel,Nairobi,Foreign Used,5040000
Audi,A4,2022,102627,2000 cc,Automatic,Diesel,Mombasa,Foreign Used,4777500
Toyota,Premio,2008,102800,1800 cc,Automatic,Petrol,Nairobi,Foreign Used,1575000
Subaru,Outback,2009,102973,2500 cc,Automatic,Petrol,Nairobi,Locally Used,1860000
Mazda,CX-5,2010,103146,2200 cc,Automatic,Diesel,Mombasa,Foreign Used,2280000
Mercedes-Benz,C200,2011,103319,2000 cc,Automatic,Petrol,Nairobi,Foreign Used,2887500
Nissan,X-Trail,2012,103492,2000 cc,Automatic,Petrol,Nakuru,Locally Used,1487500
Honda,Fit,2013,103665,1500 cc,Manual,Petrol,Kisumu,Locally Used,1312500
BMW,X3,2014,103838,2000 cc,Automatic,Diesel,Nairobi,Foreign Used,3780000
Audi,A4,2015,104011,2000 cc,Automatic,Diesel,Mombasa,Foreign Used,3607500
Toyota,Premio,2016,104184,1800 cc,Automatic,Petrol,Nairobi,Foreign Used,1995000
Subaru,Outback,2017,104357,2500 cc,Automatic,Petrol,Nairobi,Locally Used,2340000
Mazda,CX-5,2018,104530,2200 cc,Automatic,Diesel,Mombasa,Foreign Used,2850000
Mercedes-Benz,C200,2019,104703,2000 cc,Automatic,Petrol,Nairobi,Foreign Used,3587499
Nissan,X-Trail,2020,104876,2000 cc,Automatic,Petrol,Nakuru,Locally Used,1837500
Honda,Fit,2021,105049,1500 cc,Manual,Petrol,Kisumu,Locally Used,1612500
BMW,X3,2022,105222,2000 cc,Automatic,Diesel,Nairobi,Foreign Used,4620000
Audi,A4,2008,105395,2000 cc,Automatic,Diesel,Mombasa,Foreign Used,4387500
Toyota,Premio,2009,105568,1800 cc,Automatic,Petrol,Nairobi,Foreign Used,2415000
Subaru,Outback,2010,105741,2500 cc,Automatic,Petrol,Nairobi,Locally Used,2820000
Mazda,CX-5,2011,105914,2200 cc,Automatic,Diesel,Mombasa,Foreign Used,3420000
Mercedes-Benz,C200,2012,106087,2000 cc,Automatic,Petrol,Nairobi,Foreign Used,4287500
Nissan,X-Trail,2013,106260,2000 cc,Automatic,Petrol,Nakuru,Locally Used,1312500
Honda,Fit,2014,106433,1500 cc,Manual,Petrol,Kisumu,Locally Used,1162500
BMW,X3,2015,106606,2000 cc,Automatic,Diesel,Nairobi,Foreign Used,3360000
Audi,A4,2016,106779,2000 cc,Automatic,Diesel,Mombasa,Foreign Used,3217500
Toyota,Premio,2017,106952,1800 cc,Automatic,Petrol,Nairobi,Foreign Used,1785000
Subaru,Outback,2018,107125,2500 cc,Automatic,Petrol,Nairobi,Locally Used,2100000
Mazda,CX-5,2019,107298,2200 cc,Automatic,Diesel,Mombasa,Foreign Used,2565000
Mercedes-Benz,C200,2020,107471,2000 cc,Automatic,Petrol,Nairobi,Foreign Used,3237500
Nissan,X-Trail,2021,107644,2000 cc,Automatic,Petrol,Nakuru,Locally Used,1662500
Honda,Fit,2022,107817,1500 cc,Manual,Petrol,Kisumu,Locally Used,1462500
BMW,X3,2008,107990,2000 cc,Automatic,Diesel,Nairobi,Foreign Used,4200000
Audi,A4,2009,108163,2000 cc,Automatic,Diesel,Mombasa,Foreign Used,3997499
Toyota,Premio,2010,108336,1800 cc,Automatic,Petrol,Nairobi,Foreign Used,2205000
Subaru,Outback,2011,108509,2500 cc,Automatic,Petrol,Nairobi,Locally Used,2580000
Mazda,CX-5,2012,108682,2200 cc,Automatic,Diesel,Mombasa,Foreign Used,3135000
Mercedes-Benz,C200,2013,108855,2000 cc,Automatic,Petrol,Nairobi,Foreign Used,3937500
Nissan,X-Trail,2014,109028,2000 cc,Automatic,Petrol,Nakuru,Locally Used,2012499
Honda,Fit,2015,109201,1500 cc,Manual,Petrol,Kisumu,Locally Used,1762500
BMW,X3,2016,109374,2000 cc,Automatic,Diesel,Nairobi,Foreign Used,5040000
Audi,A4,2017,109547,2000 cc,Automatic,Diesel,Mombasa,Foreign Used,4777500
Toyota,Premio,2018,109720,1800 cc,Automatic,Petrol,Nairobi,Foreign Used,1575000
Subaru,Outback,2019,109893,2500 cc,Automatic,Petrol,Nairobi,Locally Used,1860000
Mazda,CX-5,2020,110066,2200 cc,Automatic,Diesel,Mombasa,Foreign Used,2280000
Mercedes-Benz,C200,2021,110239,2000 cc,Automatic,Petrol,Nairobi,Foreign Used,2887500
Nissan,X-Trail,2022,110412,2000 cc,Automatic,Petrol,Nakuru,Locally Used,1487500
Honda,Fit,2008,110585,1500 cc,Manual,Petrol,Kisumu,Locally Used,1312500
BMW,X3,2009,110758,2000 cc,Automatic,Diesel,Nairobi,Foreign Used,3780000
Audi,A4,2010,110931,2000 cc,Automatic,Diesel,Mombasa,Foreign Used,3607500
Toyota,Premio,2011,111104,1800 cc,Automatic,Petrol,Nairobi,Foreign Used,1995000
Subaru,Outback,2012,111277,2500 cc,Automatic,Petrol,Nairobi,Locally Used,2340000
Mazda,CX-5,2013,111450,2200 cc,Automatic,Diesel,Mombasa,Foreign Used,2850000
Mercedes-Benz,C200,2014,111623,2000 cc,Automatic,Petrol,Nairobi,Foreign Used,3587499
Nissan,X-Trail,2015,111796,2000 cc,Automatic,Petrol,Nakuru,Locally Used,1837500
Honda,Fit,2016,111969,1500 cc,Manual,Petrol,Kisumu,Locally Used,1612500
BMW,X3,2017,112142,2000 cc,Automatic,Diesel,Nairobi,Foreign Used,4620000
Audi,A4,2018,112315,2000 cc,Automatic,Diesel,Mombasa,Foreign Used,4387500
Toyota,Premio,2019,112488,1800 cc,Automatic,Petrol,Nairobi,Foreign Used,2415000
Subaru,Outback,2020,112661,2500 cc,Automatic,Petrol,Nairobi,Locally Used,2820000
Mazda,CX-5,2021,112834,2200 cc,Automatic,Diesel,Mombasa,Foreign Used,3420000
Mercedes-Benz,C200,2022,113007,2000 cc,Automatic,Petrol,Nairobi,Foreign Used,4287500
Nissan,X-Trail,2008,113180,2000 cc,Automatic,Petrol,Nakuru,Locally Used,1312500
Honda,Fit,2009,113353,1500 cc,Manual,Petrol,Kisumu,Locally Used,1162500
BMW,X3,2010,113526,2000 cc,Automatic,Diesel,Nairobi,Foreign Used,3360000
Audi,A4,2011,113699,2000 cc,Automatic,Diesel,Mombasa,Foreign Used,3217500
Toyota,Premio,2012,113872,1800 cc,Automatic,Petrol,Nairobi,Foreign Used,1785000
Subaru,Outback,2013,114045,2500 cc,Automatic,Petrol,Nairobi,Locally Used,2100000
Mazda,CX-5,2014,114218,2200 cc,Automatic,Diesel,Mombasa,Foreign Used,2565000
Mercedes-Benz,C200,2015,114391,2000 cc,Automatic,Petrol,Nairobi,Foreign Used,3237500
Nissan,X-Trail,2016,114564,2000 cc,Automatic,Petrol,Nakuru,Locally Used,1662500
Honda,Fit,2017,114737,1500 cc,Manual,Petrol,Kisumu,Locally Used,1462500
BMW,X3,2018,114910,2000 cc,Automatic,Diesel,Nairobi,Foreign Used,4200000
Audi,A4,2019,115083,2000 cc,Automatic,Diesel,Mombasa,Foreign Used,3997499
Toyota,Premio,2020,115256,1800 cc,Automatic,Petrol,Nairobi,Foreign Used,2205000
Subaru,Outback,2021,115429,2500 cc,Automatic,Petrol,Nairobi,Locally Used,2580000
Mazda,CX-5,2022,115602,2200 cc,Automatic,Diesel,Mombasa,Foreign Used,3135000
Mercedes-Benz,C200,2008,115775,2000 cc,Automatic,Petrol,Nairobi,Foreign Used,3937500
Nissan,X-Trail,2009,115948,2000 cc,Automatic,Petrol,Nakuru,Locally Used,2012499
Honda,Fit,2010,116121,1500 cc,Manual,Petrol,Kisumu,Locally Used,1762500
BMW,X3,2011,116294,2000 cc,Automatic,Diesel,Nairobi,Foreign Used,5040000
Audi,A4,2012,116467,2000 cc,Automatic,Diesel,Mombasa,Foreign Used,4777500
Toyota,Premio,2013,116640,1800 cc,Automatic,Petrol,Nairobi,Foreign Used,1575000
Subaru,Outback,2014,116813,2500 cc,Automatic,Petrol,Nairobi,Locally Used,1860000
Mazda,CX-5,2015,116986,2200 cc,Automatic,Diesel,Mombasa,Foreign Used,2280000
Mercedes-Benz,C200,2016,117159,2000 cc,Automatic,Petrol,Nairobi,Foreign Used,2887500
Nissan,X-Trail,2017,117332,2000 cc,Automatic,Petrol,Nakuru,Locally Used,1487500
Honda,Fit,2018,117505,1500 cc,Manual,Petrol,Kisumu,Locally Used,1312500
BMW,X3,2019,117678,2000 cc,Automatic,Diesel,Nairobi,Foreign Used,3780000
Audi,A4,2020,117851,2000 cc,Automatic,Diesel,Mombasa,Foreign Used,3607500
Toyota,Premio,2021,118024,1800 cc,Automatic,Petrol,Nairobi,Foreign Used,1995000
Subaru,Outback,2022,118197,2500 cc,Automatic,Petrol,Nairobi,Locally Used,2340000
Mazda,CX-5,2008,118370,2200 cc,Automatic,Diesel,Mombasa,Foreign Used,2850000
Mercedes-Benz,C200,2009,118543,2000 cc,Automatic,Petrol,Nairobi,Foreign Used,3587499
Nissan,X-Trail,2010,118716,2000 cc,Automatic,Petrol,Nakuru,Locally Used,1837500
Honda,Fit,2011,118889,1500 cc,Manual,Petrol,Kisumu,Locally Used,1612500
BMW,X3,2012,119062,2000 cc,Automatic,Diesel,Nairobi,Foreign Used,4620000
Audi,A4,2013,119235,2000 cc,Automatic,Diesel,Mombasa,Foreign Used,4387500
Toyota,Premio,2014,119408,1800 cc,Automatic,Petrol,Nairobi,Foreign Used,2415000
Subaru,Outback,2015,119581,2500 cc,Automatic,Petrol,Nairobi,Locally Used,2820000
Mazda,CX-5,2016,119754,2200 cc,Automatic,Diesel,Mombasa,Foreign Used,3420000
Mercedes-Benz,C200,2017,119927,2000 cc,Automatic,Petrol,Nairobi,Foreign Used,4287500
Nissan,X-Trail,2018,120100,2000 cc,Automatic,Petrol,Nakuru,Locally Used,1312500
Honda,Fit,2019,120273,1500 cc,Manual,Petrol,Kisumu,Locally Used,1162500
BMW,X3,2020,120446,2000 cc,Automatic,Diesel,Nairobi,Foreign Used,3360000
Audi,A4,2021,120619,2000 cc,Automatic,Diesel,Mombasa,Foreign Used,3217500
Toyota,Premio,2022,120792,1800 cc,Automatic,Petrol,Nairobi,Foreign Used,1785000
Subaru,Outback,2008,120965,2500 cc,Automatic,Petrol,Nairobi,Locally Used,2100000
Mazda,CX-5,2009,121138,2200 cc,Automatic,Diesel,Mombasa,Foreign Used,2565000
Mercedes-Benz,C200,2010,121311,2000 cc,Automatic,Petrol,Nairobi,Foreign Used,3237500
Nissan,X-Trail,2011,121484,2000 cc,Automatic,Petrol,Nakuru,Locally Used,1662500
Honda,Fit,2012,121657,1500 cc,Manual,Petrol,Kisumu,Locally Used,1462500
BMW,X3,2013,121830,2000 cc,Automatic,Diesel,Nairobi,Foreign Used,4200000
Audi,A4,2014,122003,2000 cc,Automatic,Diesel,Mombasa,Foreign Used,3997499
Toyota,Premio,2015,122176,1800 cc,Automatic,Petrol,Nairobi,Foreign Used,2205000
Subaru,Outback,2016,122349,2500 cc,Automatic,Petrol,Nairobi,Locally Used,2580000
Mazda,CX-5,2017,122522,2200 cc,Automatic,Diesel,Mombasa,Foreign Used,3135000
Mercedes-Benz,C200,2018,122695,2000 cc,Automatic,Petrol,Nairobi,Foreign Used,3937500
Nissan,X-Trail,2019,122868,2000 cc,Automatic,Petrol,Nakuru,Locally Used,2012499
Honda,Fit,2020,123041,1500 cc,Manual,Petrol,Kisumu,Locally Used,1762500
BMW,X3,2021,123214,2000 cc,Automatic,Diesel,Nairobi,Foreign Used,5040000
Audi,A4,2022,123387,2000 cc,Automatic,Diesel,Mombasa,Foreign Used,4777500
Toyota,Premio,2008,123560,1800 cc,Automatic,Petrol,Nairobi,Foreign Used,1575000
Subaru,Outback,2009,123733,2500 cc,Automatic,Petrol,Nairobi,Locally Used,1860000
Mazda,CX-5,2010,123906,2200 cc,Automatic,Diesel,Mombasa,Foreign Used,2280000
Mercedes-Benz,C200,2011,124079,2000 cc,Automatic,Petrol,Nairobi,Foreign Used,2887500
Nissan,X-Trail,2012,124252,2000 cc,Automatic,Petrol,Nakuru,Locally Used,1487500
Honda,Fit,2013,124425,1500 cc,Manual,Petrol,Kisumu,Locally Used,1312500
BMW,X3,2014,124598,2000 cc,Automatic,Diesel,Nairobi,Foreign Used,3780000
Audi,A4,2015,124771,2000 cc,Automatic,Diesel,Mombasa,Foreign Used,3607500
Toyota,Premio,2016,124944,1800 cc,Automatic,Petrol,Nairobi,Foreign Used,1995000
Subaru,Outback,2017,125117,2500 cc,Automatic,Petrol,Nairobi,Locally Used,2340000
Mazda,CX-5,2018,125290,2200 cc,Automatic,Diesel,Mombasa,Foreign Used,2850000
Mercedes-Benz,C200,2019,125463,2000 cc,Automatic,Petrol,Nairobi,Foreign Used,3587499
Nissan,X-Trail,2020,125636,2000 cc,Automatic,Petrol,Nakuru,Locally Used,1837500
Honda,Fit,2021,125809,1500 cc,Manual,Petrol,Kisumu,Locally Used,1612500
BMW,X3,2022,125982,2000 cc,Automatic,Diesel,Nairobi,Foreign Used,4620000
Audi,A4,2008,126155,2000 cc,Automatic,Diesel,Mombasa,Foreign Used,4387500
Toyota,Premio,2009,126328,1800 cc,Automatic,Petrol,Nairobi,Foreign Used,2415000
Subaru,Outback,2010,126501,2500 cc,Automatic,Petrol,Nairobi,Locally Used,2820000
Mazda,CX-5,2011,126674,2200 cc,Automatic,Diesel,Mombasa,Foreign Used,3420000
Mercedes-Benz,C200,2012,126847,2000 cc,Automatic,Petrol,Nairobi,Foreign Used,4287500
Nissan,X-Trail,2013,127020,2000 cc,Automatic,Petrol,Nakuru,Locally Used,1312500
Honda,Fit,2014,127193,1500 cc,Manual,Petrol,Kisumu,Locally Used,1162500
BMW,X3,2015,127366,2000 cc,Automatic,Diesel,Nairobi,Foreign Used,3360000
Audi,A4,2016,127539,2000 cc,Automatic,Diesel,Mombasa,Foreign Used,3217500
Toyota,Premio,2017,127712,1800 cc,Automatic,Petrol,Nairobi,Foreign Used,1785000
Subaru,Outback,2018,127885,2500 cc,Automatic,Petrol,Nairobi,Locally Used,2100000
Mazda,CX-5,2019,128058,2200 cc,Automatic,Diesel,Mombasa,Foreign Used,2565000
Mercedes-Benz,C200,2020,128231,2000 cc,Automatic,Petrol,Nairobi,Foreign Used,3237500
Nissan,X-Trail,2021,128404,2000 cc,Automatic,Petrol,Nakuru,Locally Used,1662500
Honda,Fit,2022,128577,1500 cc,Manual,Petrol,Kisumu,Locally Used,1462500
BMW,X3,2008,128750,2000 cc,Automatic,Diesel,Nairobi,Foreign Used,4200000
Audi,A4,2009,128923,2000 cc,Automatic,Diesel,Mombasa,Foreign Used,3997499
Toyota,Premio,2010,129096,1800 cc,Automatic,Petrol,Nairobi,Foreign Used,2205000
Subaru,Outback,2011,129269,2500 cc,Automatic,Petrol,Nairobi,Locally Used,2580000
Mazda,CX-5,2012,129442,2200 cc,Automatic,Diesel,Mombasa,Foreign Used,3135000
Mercedes-Benz,C200,2013,129615,2000 cc,Automatic,Petrol,Nairobi,Foreign Used,3937500
Nissan,X-Trail,2014,129788,2000 cc,Automatic,Petrol,Nakuru,Locally Used,2012499
Honda,Fit,2015,129961,1500 cc,Manual,Petrol,Kisumu,Locally Used,1762500
BMW,X3,2016,130134,2000 cc,Automatic,Diesel,Nairobi,Foreign Used,5040000
Audi,A4,2017,130307,2000 cc,Automatic,Diesel,Mombasa,Foreign Used,4777500
Toyota,Premio,2018,130480,1800 cc,Automatic,Petrol,Nairobi,Foreign Used,1575000
Subaru,Outback,2019,130653,2500 cc,Automatic,Petrol,Nairobi,Locally Used,1860000
Mazda,CX-5,2020,130826,2200 cc,Automatic,Diesel,Mombasa,Foreign Used,2280000
Mercedes-Benz,C200,2021,130999,2000 cc,Automatic,Petrol,Nairobi,Foreign Used,2887500
Nissan,X-Trail,2022,131172,2000 cc,Automatic,Petrol,Nakuru,Locally Used,1487500
Honda,Fit,2008,131345,1500 cc,Manual,Petrol,Kisumu,Locally Used,1312500
BMW,X3,2009,131518,2000 cc,Automatic,Diesel,Nairobi,Foreign Used,3780000
Audi,A4,2010,131691,2000 cc,Automatic,Diesel,Mombasa,Foreign Used,3607500
Toyota,Premio,2011,131864,1800 cc,Automatic,Petrol,Nairobi,Foreign Used,1995000
Subaru,Outback,2012,132037,2500 cc,Automatic,Petrol,Nairobi,Locally Used,2340000
Mazda,CX-5,2013,132210,2200 cc,Automatic,Diesel,Mombasa,Foreign Used,2850000
Mercedes-Benz,C200,2014,132383,2000 cc,Automatic,Petrol,Nairobi,Foreign Used,3587499
Nissan,X-Trail,2015,132556,2000 cc,Automatic,Petrol,Nakuru,Locally Used,1837500
Honda,Fit,2016,132729,1500 cc,Manual,Petrol,Kisumu,Locally Used,1612500
BMW,X3,2017,132902,2000 cc,Automatic,Diesel,Nairobi,Foreign Used,4620000
Audi,A4,2018,133075,2000 cc,Automatic,Diesel,Mombasa,Foreign Used,4387500
Toyota,Premio,2019,133248,1800 cc,Automatic,Petrol,Nairobi,Foreign Used,2415000
Subaru,Outback,2020,133421,2500 cc,Automatic,Petrol,Nairobi,Locally Used,2820000
Mazda,CX-5,2021,133594,2200 cc,Automatic,Diesel,Mombasa,Foreign Used,3420000
Mercedes-Benz,C200,2022,133767,2000 cc,Automatic,Petrol,Nairobi,Foreign Used,4287500
Nissan,X-Trail,2008,133940,2000 cc,Automatic,Petrol,Nakuru,Locally Used,1312500
Honda,Fit,2009,134113,1500 cc,Manual,Petrol,Kisumu,Locally Used,1162500
BMW,X3,2010,134286,2000 cc,Automatic,Diesel,Nairobi,Foreign Used,3360000
Audi,A4,2011,134459,2000 cc,Automatic,Diesel,Mombasa,Foreign Used,3217500
Toyota,Premio,2012,134632,1800 cc,Automatic,Petrol,Nairobi,Foreign Used,1785000
Subaru,Outback,2013,134805,2500 cc,Automatic,Petrol,Nairobi,Locally Used,2100000
Mazda,CX-5,2014,134978,2200 cc,Automatic,Diesel,Mombasa,Foreign Used,2565000
Mercedes-Benz,C200,2015,135151,2000 cc,Automatic,Petrol,Nairobi,Foreign Used,3237500
Nissan,X-Trail,2016,135324,2000 cc,Automatic,Petrol,Nakuru,Locally Used,1662500
Honda,Fit,2017,135497,1500 cc,Manual,Petrol,Kisumu,Locally Used,1462500
BMW,X3,2018,135670,2000 cc,Automatic,Diesel,Nairobi,Foreign Used,4200000
Audi,A4,2019,135843,2000 cc,Automatic,Diesel,Mombasa,Foreign Used,3997499
Toyota,Premio,2020,136016,1800 cc,Automatic,Petrol,Nairobi,Foreign Used,2205000
Subaru,Outback,2021,136189,2500 cc,Automatic,Petrol,Nairobi,Locally Used,2580000
Mazda,CX-5,2022,136362,2200 cc,Automatic,Diesel,Mombasa,Foreign Used,3135000
Mercedes-Benz,C200,2008,136535,2000 cc,Automatic,Petrol,Nairobi,Foreign Used,3937500
Nissan,X-Trail,2009,136708,2000 cc,Automatic,Petrol,Nakuru,Locally Used,2012499
Honda,Fit,2010,136881,1500 cc,Manual,Petrol,Kisumu,Locally Used,1762500
BMW,X3,2011,137054,2000 cc,Automatic,Diesel,Nairobi,Foreign Used,5040000
Audi,A4,2012,137227,2000 cc,Automatic,Diesel,Mombasa,Foreign Used,4777500
Toyota,Premio,2013,137400,1800 cc,Automatic,Petrol,Nairobi,Foreign Used,1575000
Subaru,Outback,2014,137573,2500 cc,Automatic,Petrol,Nairobi,Locally Used,1860000
Mazda,CX-5,2015,137746,2200 cc,Automatic,Diesel,Mombasa,Foreign Used,2280000
Mercedes-Benz,C200,2016,137919,2000 cc,Automatic,Petrol,Nairobi,Foreign Used,2887500
Nissan,X-Trail,2017,138092,2000 cc,Automatic,Petrol,Nakuru,Locally Used,1487500
Honda,Fit,2018,138265,1500 cc,Manual,Petrol,Kisumu,Locally Used,1312500
BMW,X3,2019,138438,2000 cc,Automatic,Diesel,Nairobi,Foreign Used,3780000
Audi,A4,2020,138611,2000 cc,Automatic,Diesel,Mombasa,Foreign Used,3607500
Toyota,Premio,2021,138784,1800 cc,Automatic,Petrol,Nairobi,Foreign Used,1995000
Subaru,Outback,2022,138957,2500 cc,Automatic,Petrol,Nairobi,Locally Used,2340000
Mazda,CX-5,2008,139130,2200 cc,Automatic,Diesel,Mombasa,Foreign Used,2850000
Mercedes-Benz,C200,2009,139303,2000 cc,Automatic,Petrol,Nairobi,Foreign Used,3587499
Nissan,X-Trail,2010,139476,2000 cc,Automatic,Petrol,Nakuru,Locally Used,1837500
Honda,Fit,2011,139649,1500 cc,Manual,Petrol,Kisumu,Locally Used,1612500
BMW,X3,2012,139822,2000 cc,Automatic,Diesel,Nairobi,Foreign Used,4620000
Audi,A4,2013,139995,2000 cc,Automatic,Diesel,Mombasa,Foreign Used,4387500
Toyota,Premio,2014,140168,1800 cc,Automatic,Petrol,Nairobi,Foreign Used,2415000
Subaru,Outback,2015,140341,2500 cc,Automatic,Petrol,Nairobi,Locally Used,2820000
Mazda,CX-5,2016,140514,2200 cc,Automatic,Diesel,Mombasa,Foreign Used,3420000
Mercedes-Benz,C200,2017,140687,2000 cc,Automatic,Petrol,Nairobi,Foreign Used,4287500
Nissan,X-Trail,2018,140860,2000 cc,Automatic,Petrol,Nakuru,Locally Used,1312500
Honda,Fit,2019,141033,1500 cc,Manual,Petrol,Kisumu,Locally Used,1162500
BMW,X3,2020,141206,2000 cc,Automatic,Diesel,Nairobi,Foreign Used,3360000
Audi,A4,2021,141379,2000 cc,Automatic,Diesel,Mombasa,Foreign Used,3217500
Toyota,Premio,2022,141552,1800 cc,Automatic,Petrol,Nairobi,Foreign Used,1785000
Subaru,Outback,2008,141725,2500 cc,Automatic,Petrol,Nairobi,Locally Used,2100000
Mazda,CX-5,2009,141898,2200 cc,Automatic,Diesel,Mombasa,Foreign Used,2565000
Mercedes-Benz,C200,2010,142071,2000 cc,Automatic,Petrol,Nairobi,Foreign Used,3237500
Nissan,X-Trail,2011,142244,2000 cc,Automatic,Petrol,Nakuru,Locally Used,1662500
Honda,Fit,2012,142417,1500 cc,Manual,Petrol,Kisumu,Locally Used,1462500
BMW,X3,2013,142590,2000 cc,Automatic,Diesel,Nairobi,Foreign Used,4200000
Audi,A4,2014,142763,2000 cc,Automatic,Diesel,Mombasa,Foreign Used,3997499
Toyota,Premio,2015,142936,1800 cc,Automatic,Petrol,Nairobi,Foreign Used,2205000
Subaru,Outback,2016,143109,2500 cc,Automatic,Petrol,Nairobi,Locally Used,2580000
Mazda,CX-5,2017,143282,2200 cc,Automatic,Diesel,Mombasa,Foreign Used,3135000
Mercedes-Benz,C200,2018,143455,2000 cc,Automatic,Petrol,Nairobi,Foreign Used,3937500
Nissan,X-Trail,2019,143628,2000 cc,Automatic,Petrol,Nakuru,Locally Used,2012499
Honda,Fit,2020,143801,1500 cc,Manual,Petrol,Kisumu,Locally Used,1762500
BMW,X3,2021,143974,2000 cc,Automatic,Diesel,Nairobi,Foreign Used,5040000
Audi,A4,2022,144147,2000 cc,Automatic,Diesel,Mombasa,Foreign Used,4777500
Toyota,Premio,2008,144320,1800 cc,Automatic,Petrol,Nairobi,Foreign Used,1575000
Subaru,Outback,2009,144493,2500 cc,Automatic,Petrol,Nairobi,Locally Used,1860000
Mazda,CX-5,2010,144666,2200 cc,Automatic,Diesel,Mombasa,Foreign Used,2280000
Mercedes-Benz,C200,2011,144839,2000 cc,Automatic,Petrol,Nairobi,Foreign Used,2887500
Nissan,X-Trail,2012,145012,2000 cc,Automatic,Petrol,Nakuru,Locally Used,1487500
Honda,Fit,2013,145185,1500 cc,Manual,Petrol,Kisumu,Locally Used,1312500
BMW,X3,2014,145358,2000 cc,Automatic,Diesel,Nairobi,Foreign Used,3780000
Audi,A4,2015,145531,2000 cc,Automatic,Diesel,Mombasa,Foreign Used,3607500
Toyota,Premio,2016,145704,1800 cc,Automatic,Petrol,Nairobi,Foreign Used,1995000
Subaru,Outback,2017,145877,2500 cc,Automatic,Petrol,Nairobi,Locally Used,2340000
Mazda,CX-5,2018,146050,2200 cc,Automatic,Diesel,Mombasa,Foreign Used,2850000
Mercedes-Benz,C200,2019,146223,2000 cc,Automatic,Petrol,Nairobi,Foreign Used,3587499
Nissan,X-Trail,2020,146396,2000 cc,Automatic,Petrol,Nakuru,Locally Used,1837500
Honda,Fit,2021,146569,1500 cc,Manual,Petrol,Kisumu,Locally Used,1612500
BMW,X3,2022,146742,2000 cc,Automatic,Diesel,Nairobi,Foreign Used,4620000
Audi,A4,2008,146915,2000 cc,Automatic,Diesel,Mombasa,Foreign Used,4387500
Toyota,Premio,2009,147088,1800 cc,Automatic,Petrol,Nairobi,Foreign Used,2415000
Subaru,Outback,2010,147261,2500 cc,Automatic,Petrol,Nairobi,Locally Used,2820000
Mazda,CX-5,2011,147434,2200 cc,Automatic,Diesel,Mombasa,Foreign Used,3420000
Mercedes-Benz,C200,2012,147607,2000 cc,Automatic,Petrol,Nairobi,Foreign Used,4287500
Nissan,X-Trail,2013,147780,2000 cc,Automatic,Petrol,Nakuru,Locally Used,1312500
Honda,Fit,2014,147953,1500 cc,Manual,Petrol,Kisumu,Locally Used,1162500
BMW,X3,2015,148126,2000 cc,Automatic,Diesel,Nairobi,Foreign Used,3360000
Audi,A4,2016,148299,2000 cc,Automatic,Diesel,Mombasa,Foreign Used,3217500
Toyota,Premio,2017,148472,1800 cc,Automatic,Petrol,Nairobi,Foreign Used,1785000
Subaru,Outback,2018,148645,2500 cc,Automatic,Petrol,Nairobi,Locally Used,2100000
Mazda,CX-5,2019,148818,2200 cc,Automatic,Diesel,Mombasa,Foreign Used,2565000
Mercedes-Benz,C200,2020,148991,2000 cc,Automatic,Petrol,Nairobi,Foreign Used,3237500
Nissan,X-Trail,2021,149164,2000 cc,Automatic,Petrol,Nakuru,Locally Used,1662500
Honda,Fit,2022,149337,1500 cc,Manual,Petrol,Kisumu,Locally Used,1462500
BMW,X3,2008,149510,2000 cc,Automatic,Diesel,Nairobi,Foreign Used,4200000
Audi,A4,2009,149683,2000 cc,Automatic,Diesel,Mombasa,Foreign Used,3997499
Toyota,Premio,2010,149856,1800 cc,Automatic,Petrol,Nairobi,Foreign Used,2205000
Subaru,Outback,2011,150029,2500 cc,Automatic,Petrol,Nairobi,Locally Used,2580000
Mazda,CX-5,2012,150202,2200 cc,Automatic,Diesel,Mombasa,Foreign Used,3135000
Mercedes-Benz,C200,2013,150375,2000 cc,Automatic,Petrol,Nairobi,Foreign Used,3937500
Nissan,X-Trail,2014,150548,2000 cc,Automatic,Petrol,Nakuru,Locally Used,2012499
Honda,Fit,2015,150721,1500 cc,Manual,Petrol,Kisumu,Locally Used,1762500
BMW,X3,2016,150894,2000 cc,Automatic,Diesel,Nairobi,Foreign Used,5040000
Audi,A4,2017,151067,2000 cc,Automatic,Diesel,Mombasa,Foreign Used,4777500
Toyota,Premio,2018,151240,1800 cc,Automatic,Petrol,Nairobi,Foreign Used,1575000
Subaru,Outback,2019,151413,2500 cc,Automatic,Petrol,Nairobi,Locally Used,1860000
Mazda,CX-5,2020,151586,2200 cc,Automatic,Diesel,Mombasa,Foreign Used,2280000
Mercedes-Benz,C200,2021,151759,2000 cc,Automatic,Petrol,Nairobi,Foreign Used,2887500
Nissan,X-Trail,2022,151932,2000 cc,Automatic,Petrol,Nakuru,Locally Used,1487500
Honda,Fit,2008,152105,1500 cc,Manual,Petrol,Kisumu,Locally Used,1312500
BMW,X3,2009,152278,2000 cc,Automatic,Diesel,Nairobi,Foreign Used,3780000
Audi,A4,2010,152451,2000 cc,Automatic,Diesel,Mombasa,Foreign Used,3607500
Toyota,Premio,2011,152624,1800 cc,Automatic,Petrol,Nairobi,Foreign Used,1995000
Subaru,Outback,2012,152797,2500 cc,Automatic,Petrol,Nairobi,Locally Used,2340000
Mazda,CX-5,2013,152970,2200 cc,Automatic,Diesel,Mombasa,Foreign Used,2850000
Mercedes-Benz,C200,2014,153143,2000 cc,Automatic,Petrol,Nairobi,Foreign Used,3587499
Nissan,X-Trail,2015,153316,2000 cc,Automatic,Petrol,Nakuru,Locally Used,1837500
Honda,Fit,2016,153489,1500 cc,Manual,Petrol,Kisumu,Locally Used,1612500
BMW,X3,2017,153662,2000 cc,Automatic,Diesel,Nairobi,Foreign Used,4620000
Audi,A4,2018,153835,2000 cc,Automatic,Diesel,Mombasa,Foreign Used,4387500
Toyota,Premio,2019,154008,1800 cc,Automatic,Petrol,Nairobi,Foreign Used,2415000
Subaru,Outback,2020,154181,2500 cc,Automatic,Petrol,Nairobi,Locally Used,2820000
Mazda,CX-5,2021,154354,2200 cc,Automatic,Diesel,Mombasa,Foreign Used,3420000
Mercedes-Benz,C200,2022,154527,2000 cc,Automatic,Petrol,Nairobi,Foreign Used,4287500
Nissan,X-Trail,2008,154700,2000 cc,Automatic,Petrol,Nakuru,Locally Used,1312500
Honda,Fit,2009,154873,1500 cc,Manual,Petrol,Kisumu,Locally Used,1162500
BMW,X3,2010,155046,2000 cc,Automatic,Diesel,Nairobi,Foreign Used,3360000
Audi,A4,2011,155219,2000 cc,Automatic,Diesel,Mombasa,Foreign Used,3217500
Toyota,Premio,2012,155392,1800 cc,Automatic,Petrol,Nairobi,Foreign Used,1785000
Subaru,Outback,2013,155565,2500 cc,Automatic,Petrol,Nairobi,Locally Used,2100000
Mazda,CX-5,2014,155738,2200 cc,Automatic,Diesel,Mombasa,Foreign Used,2565000
Mercedes-Benz,C200,2015,155911,2000 cc,Automatic,Petrol,Nairobi,Foreign Used,3237500
Nissan,X-Trail,2016,156084,2000 cc,Automatic,Petrol,Nakuru,Locally Used,1662500
Honda,Fit,2017,156257,1500 cc,Manual,Petrol,Kisumu,Locally Used,1462500
BMW,X3,2018,156430,2000 cc,Automatic,Diesel,Nairobi,Foreign Used,4200000
Audi,A4,2019,156603,2000 cc,Automatic,Diesel,Mombasa,Foreign Used,3997499
Toyota,Premio,2020,156776,1800 cc,Automatic,Petrol,Nairobi,Foreign Used,2205000
Subaru,Outback,2021,156949,2500 cc,Automatic,Petrol,Nairobi,Locally Used,2580000
Mazda,CX-5,2022,157122,2200 cc,Automatic,Diesel,Mombasa,Foreign Used,3135000
Mercedes-Benz,C200,2008,157295,2000 cc,Automatic,Petrol,Nairobi,Foreign Used,3937500
Nissan,X-Trail,2009,157468,2000 cc,Automatic,Petrol,Nakuru,Locally Used,2012499
Honda,Fit,2010,157641,1500 cc,Manual,Petrol,Kisumu,Locally Used,1762500
BMW,X3,2011,157814,2000 cc,Automatic,Diesel,Nairobi,Foreign Used,5040000
Audi,A4,2012,157987,2000 cc,Automatic,Diesel,Mombasa,Foreign Used,4777500
Toyota,Premio,2013,158160,1800 cc,Automatic,Petrol,Nairobi,Foreign Used,1575000
Subaru,Outback,2014,158333,2500 cc,Automatic,Petrol,Nairobi,Locally Used,1860000
Mazda,CX-5,2015,158506,2200 cc,Automatic,Diesel,Mombasa,Foreign Used,2280000
Mercedes-Benz,C200,2016,158679,2000 cc,Automatic,Petrol,Nairobi,Foreign Used,2887500
Nissan,X-Trail,2017,158852,2000 cc,Automatic,Petrol,Nakuru,Locally Used,1487500
Honda,Fit,2018,159025,1500 cc,Manual,Petrol,Kisumu,Locally Used,1312500
BMW,X3,2019,159198,2000 cc,Automatic,Diesel,Nairobi,Foreign Used,3780000
Audi,A4,2020,159371,2000 cc,Automatic,Diesel,Mombasa,Foreign Used,3607500
Toyota,Premio,2021,159544,1800 cc,Automatic,Petrol,Nairobi,Foreign Used,1995000
Subaru,Outback,2022,159717,2500 cc,Automatic,Petrol,Nairobi,Locally Used,2340000
Mazda,CX-5,2008,159890,2200 cc,Automatic,Diesel,Mombasa,Foreign Used,2850000
Mercedes-Benz,C200,2009,160063,2000 cc,Automatic,Petrol,Nairobi,Foreign Used,3587499
Nissan,X-Trail,2010,160236,2000 cc,Automatic,Petrol,Nakuru,Locally Used,1837500
Honda,Fit,2011,160409,1500 cc,Manual,Petrol,Kisumu,Locally Used,1612500
BMW,X3,2012,160582,2000 cc,Automatic,Diesel,Nairobi,Foreign Used,4620000
Audi,A4,2013,160755,2000 cc,Automatic,Diesel,Mombasa,Foreign Used,4387500
Toyota,Premio,2014,160928,1800 cc,Automatic,Petrol,Nairobi,Foreign Used,2415000
Subaru,Outback,2015,161101,2500 cc,Automatic,Petrol,Nairobi,Locally Used,2820000
Mazda,CX-5,2016,161274,2200 cc,Automatic,Diesel,Mombasa,Foreign Used,3420000
Mercedes-Benz,C200,2017,161447,2000 cc,Automatic,Petrol,Nairobi,Foreign Used,4287500
Nissan,X-Trail,2018,161620,2000 cc,Automatic,Petrol,Nakuru,Locally Used,1312500
Honda,Fit,2019,161793,1500 cc,Manual,Petrol,Kisumu,Locally Used,1162500
BMW,X3,2020,161966,2000 cc,Automatic,Diesel,Nairobi,Foreign Used,3360000
Audi,A4,2021,162139,2000 cc,Automatic,Diesel,Mombasa,Foreign Used,3217500
Toyota,Premio,2022,162312,1800 cc,Automatic,Petrol,Nairobi,Foreign Used,1785000
Subaru,Outback,2008,162485,2500 cc,Automatic,Petrol,Nairobi,Locally Used,2100000
Mazda,CX-5,2009,162658,2200 cc,Automatic,Diesel,Mombasa,Foreign Used,2565000
Mercedes-Benz,C200,2010,162831,2000 cc,Automatic,Petrol,Nairobi,Foreign Used,3237500
Nissan,X-Trail,2011,163004,2000 cc,Automatic,Petrol,Nakuru,Locally Used,1662500
Honda,Fit,2012,163177,1500 cc,Manual,Petrol,Kisumu,Locally Used,1462500
BMW,X3,2013,163350,2000 cc,Automatic,Diesel,Nairobi,Foreign Used,4200000
Audi,A4,2014,163523,2000 cc,Automatic,Diesel,Mombasa,Foreign Used,3997499
Toyota,Premio,2015,163696,1800 cc,Automatic,Petrol,Nairobi,Foreign Used,2205000
Subaru,Outback,2016,163869,2500 cc,Automatic,Petrol,Nairobi,Locally Used,2580000
Mazda,CX-5,2017,164042,2200 cc,Automatic,Diesel,Mombasa,Foreign Used,3135000
Mercedes-Benz,C200,2018,164215,2000 cc,Automatic,Petrol,Nairobi,Foreign Used,3937500
Nissan,X-Trail,2019,164388,2000 cc,Automatic,Petrol,Nakuru,Locally Used,2012499
Honda,Fit,2020,164561,1500 cc,Manual,Petrol,Kisumu,Locally Used,1762500
BMW,X3,2021,164734,2000 cc,Automatic,Diesel,Nairobi,Foreign Used,5040000
Audi,A4,2022,164907,2000 cc,Automatic,Diesel,Mombasa,Foreign Used,4777500
Toyota,Premio,2008,165080,1800 cc,Automatic,Petrol,Nairobi,Foreign Used,1575000
Subaru,Outback,2009,165253,2500 cc,Automatic,Petrol,Nairobi,Locally Used,1860000
Mazda,CX-5,2010,165426,2200 cc,Automatic,Diesel,Mombasa,Foreign Used,2280000
Mercedes-Benz,C200,2011,165599,2000 cc,Automatic,Petrol,Nairobi,Foreign Used,2887500
Nissan,X-Trail,2012,165772,2000 cc,Automatic,Petrol,Nakuru,Locally Used,1487500
Honda,Fit,2013,165945,1500 cc,Manual,Petrol,Kisumu,Locally Used,1312500
BMW,X3,2014,166118,2000 cc,Automatic,Diesel,Nairobi,Foreign Used,3780000
Audi,A4,2015,166291,2000 cc,Automatic,Diesel,Mombasa,Foreign Used,3607500
Toyota,Premio,2016,166464,1800 cc,Automatic,Petrol,Nairobi,Foreign Used,1995000
Subaru,Outback,2017,166637,2500 cc,Automatic,Petrol,Nairobi,Locally Used,2340000
Mazda,CX-5,2018,166810,2200 cc,Automatic,Diesel,Mombasa,Foreign Used,2850000
Mercedes-Benz,C200,2019,166983,2000 cc,Automatic,Petrol,Nairobi,Foreign Used,3587499
Nissan,X-Trail,2020,167156,2000 cc,Automatic,Petrol,Nakuru,Locally Used,1837500
Honda,Fit,2021,167329,1500 cc,Manual,Petrol,Kisumu,Locally Used,1612500
BMW,X3,2022,167502,2000 cc,Automatic,Diesel,Nairobi,Foreign Used,4620000
Audi,A4,2008,167675,2000 cc,Automatic,Diesel,Mombasa,Foreign Used,4387500
Toyota,Premio,2009,167848,1800 cc,Automatic,Petrol,Nairobi,Foreign Used,2415000
Subaru,Outback,2010,168021,2500 cc,Automatic,Petrol,Nairobi,Locally Used,2820000
Mazda,CX-5,2011,168194,2200 cc,Automatic,Diesel,Mombasa,Foreign Used,3420000
Mercedes-Benz,C200,2012,168367,2000 cc,Automatic,Petrol,Nairobi,Foreign Used,4287500
Nissan,X-Trail,2013,168540,2000 cc,Automatic,Petrol,Nakuru,Locally Used,1312500
Honda,Fit,2014,168713,1500 cc,Manual,Petrol,Kisumu,Locally Used,1162500
BMW,X3,2015,168886,2000 cc,Automatic,Diesel,Nairobi,Foreign Used,3360000
Audi,A4,2016,169059,2000 cc,Automatic,Diesel,Mombasa,Foreign Used,3217500
Toyota,Premio,2017,169232,1800 cc,Automatic,Petrol,Nairobi,Foreign Used,1785000
Subaru,Outback,2018,169405,2500 cc,Automatic,Petrol,Nairobi,Locally Used,2100000
Mazda,CX-5,2019,169578,2200 cc,Automatic,Diesel,Mombasa,Foreign Used,2565000
Mercedes-Benz,C200,2020,169751,2000 cc,Automatic,Petrol,Nairobi,Foreign Used,3237500
Nissan,X-Trail,2021,169924,2000 cc,Automatic,Petrol,Nakuru,Locally Used,1662500
Honda,Fit,2022,170097,1500 cc,Manual,Petrol,Kisumu,Locally Used,1462500
BMW,X3,2008,170270,2000 cc,Automatic,Diesel,Nairobi,Foreign Used,4200000
Audi,A4,2009,170443,2000 cc,Automatic,Diesel,Mombasa,Foreign Used,3997499
Toyota,Premio,2010,170616,1800 cc,Automatic,Petrol,Nairobi,Foreign Used,2205000
Subaru,Outback,2011,170789,2500 cc,Automatic,Petrol,Nairobi,Locally Used,2580000
Mazda,CX-5,2012,170962,2200 cc,Automatic,Diesel,Mombasa,Foreign Used,3135000
Mercedes-Benz,C200,2013,171135,2000 cc,Automatic,Petrol,Nairobi,Foreign Used,3937500
Nissan,X-Trail,2014,171308,2000 cc,Automatic,Petrol,Nakuru,Locally Used,2012499
Honda,Fit,2015,171481,1500 cc,Manual,Petrol,Kisumu,Locally Used,1762500
BMW,X3,2016,171654,2000 cc,Automatic,Diesel,Nairobi,Foreign Used,5040000
Audi,A4,2017,171827,2000 cc,Automatic,Diesel,Mombasa,Foreign Used,4777500
Toyota,Premio,2018,172000,1800 cc,Automatic,Petrol,Nairobi,Foreign Used,1575000
Subaru,Outback,2019,172173,2500 cc,Automatic,Petrol,Nairobi,Locally Used,1860000
Mazda,CX-5,2020,172346,2200 cc,Automatic,Diesel,Mombasa,Foreign Used,2280000
Mercedes-Benz,C200,2021,172519,2000 cc,Automatic,Petrol,Nairobi,Foreign Used,2887500
Nissan,X-Trail,2022,172692,2000 cc,Automatic,Petrol,Nakuru,Locally Used,1487500
Honda,Fit,2008,172865,1500 cc,Manual,Petrol,Kisumu,Locally Used,1312500
BMW,X3,2009,173038,2000 cc,Automatic,Diesel,Nairobi,Foreign Used,3780000
Audi,A4,2010,173211,2000 cc,Automatic,Diesel,Mombasa,Foreign Used,3607500
Toyota,Premio,2011,173384,1800 cc,Automatic,Petrol,Nairobi,Foreign Used,1995000
Subaru,Outback,2012,173557,2500 cc,Automatic,Petrol,Nairobi,Locally Used,2340000
Mazda,CX-5,2013,173730,2200 cc,Automatic,Diesel,Mombasa,Foreign Used,2850000
Mercedes-Benz,C200,2014,173903,2000 cc,Automatic,Petrol,Nairobi,Foreign Used,3587499
Nissan,X-Trail,2015,174076,2000 cc,Automatic,Petrol,Nakuru,Locally Used,1837500
Honda,Fit,2016,174249,1500 cc,Manual,Petrol,Kisumu,Locally Used,1612500
BMW,X3,2017,174422,2000 cc,Automatic,Diesel,Nairobi,Foreign Used,4620000
Audi,A4,2018,174595,2000 cc,Automatic,Diesel,Mombasa,Foreign Used,4387500
Toyota,Premio,2019,174768,1800 cc,Automatic,Petrol,Nairobi,Foreign Used,2415000
Subaru,Outback,2020,174941,2500 cc,Automatic,Petrol,Nairobi,Locally Used,2820000
Mazda,CX-5,2021,175114,2200 cc,Automatic,Diesel,Mombasa,Foreign Used,3420000
Mercedes-Benz,C200,2022,175287,2000 cc,Automatic,Petrol,Nairobi,Foreign Used,4287500
Nissan,X-Trail,2008,175460,2000 cc,Automatic,Petrol,Nakuru,Locally Used,1312500
Honda,Fit,2009,175633,1500 cc,Manual,Petrol,Kisumu,Locally Used,1162500
BMW,X3,2010,175806,2000 cc,Automatic,Diesel,Nairobi,Foreign Used,3360000
Audi,A4,2011,175979,2000 cc,Automatic,Diesel,Mombasa,Foreign Used,3217500
Toyota,Premio,2012,176152,1800 cc,Automatic,Petrol,Nairobi,Foreign Used,1785000
Subaru,Outback,2013,176325,2500 cc,Automatic,Petrol,Nairobi,Locally Used,2100000
Mazda,CX-5,2014,176498,2200 cc,Automatic,Diesel,Mombasa,Foreign Used,2565000
Mercedes-Benz,C200,2015,176671,2000 cc,Automatic,Petrol,Nairobi,Foreign Used,3237500
Nissan,X-Trail,2016,176844,2000 cc,Automatic,Petrol,Nakuru,Locally Used,1662500
Honda,Fit,2017,177017,1500 cc,Manual,Petrol,Kisumu,Locally Used,1462500
BMW,X3,2018,177190,2000 cc,Automatic,Diesel,Nairobi,Foreign Used,4200000
Audi,A4,2019,177363,2000 cc,Automatic,Diesel,Mombasa,Foreign Used,3997499
Toyota,Premio,2020,177536,1800 cc,Automatic,Petrol,Nairobi,Foreign Used,2205000
Subaru,Outback,2021,177709,2500 cc,Automatic,Petrol,Nairobi,Locally Used,2580000
Mazda,CX-5,2022,177882,2200 cc,Automatic,Diesel,Mombasa,Foreign Used,3135000
Mercedes-Benz,C200,2008,178055,2000 cc,Automatic,Petrol,Nairobi,Foreign Used,3937500
Nissan,X-Trail,2009,178228,2000 cc,Automatic,Petrol,Nakuru,Locally Used,2012499
Honda,Fit,2010,178401,1500 cc,Manual,Petrol,Kisumu,Locally Used,1762500
BMW,X3,2011,178574,2000 cc,Automatic,Diesel,Nairobi,Foreign Used,5040000
Audi,A4,2012,178747,2000 cc,Automatic,Diesel,Mombasa,Foreign Used,4777500
Toyota,Premio,2013,178920,1800 cc,Automatic,Petrol,Nairobi,Foreign Used,1575000
Subaru,Outback,2014,179093,2500 cc,Automatic,Petrol,Nairobi,Locally Used,1860000
Mazda,CX-5,2015,179266,2200 cc,Automatic,Diesel,Mombasa,Foreign Used,2280000
Mercedes-Benz,C200,2016,179439,2000 cc,Automatic,Petrol,Nairobi,Foreign Used,2887500
Nissan,X-Trail,2017,179612,2000 cc,Automatic,Petrol,Nakuru,Locally Used,1487500
Honda,Fit,2018,179785,1500 cc,Manual,Petrol,Kisumu,Locally Used,1312500
BMW,X3,2019,179958,2000 cc,Automatic,Diesel,Nairobi,Foreign Used,3780000
Audi,A4,2020,180131,2000 cc,Automatic,Diesel,Mombasa,Foreign Used,3607500
Toyota,Premio,2021,180304,1800 cc,Automatic,Petrol,Nairobi,Foreign Used,1995000
Subaru,Outback,2022,180477,2500 cc,Automatic,Petrol,Nairobi,Locally Used,2340000
Mazda,CX-5,2008,180650,2200 cc,Automatic,Diesel,Mombasa,Foreign Used,2850000
Mercedes-Benz,C200,2009,180823,2000 cc,Automatic,Petrol,Nairobi,Foreign Used,3587499
Nissan,X-Trail,2010,180996,2000 cc,Automatic,Petrol,Nakuru,Locally Used,1837500
Honda,Fit,2011,181169,1500 cc,Manual,Petrol,Kisumu,Locally Used,1612500
BMW,X3,2012,181342,2000 cc,Automatic,Diesel,Nairobi,Foreign Used,4620000
Audi,A4,2013,181515,2000 cc,Automatic,Diesel,Mombasa,Foreign Used,4387500
Toyota,Premio,2014,181688,1800 cc,Automatic,Petrol,Nairobi,Foreign Used,2415000
Subaru,Outback,2015,181861,2500 cc,Automatic,Petrol,Nairobi,Locally Used,2820000
Mazda,CX-5,2016,182034,2200 cc,Automatic,Diesel,Mombasa,Foreign Used,3420000
Mercedes-Benz,C200,2017,182207,2000 cc,Automatic,Petrol,Nairobi,Foreign Used,4287500
Nissan,X-Trail,2018,182380,2000 cc,Automatic,Petrol,Nakuru,Locally Used,1312500
Honda,Fit,2019,182553,1500 cc,Manual,Petrol,Kisumu,Locally Used,1162500
BMW,X3,2020,182726,2000 cc,Automatic,Diesel,Nairobi,Foreign Used,3360000
Audi,A4,2021,182899,2000 cc,Automatic,Diesel,Mombasa,Foreign Used,3217500
Toyota,Premio,2022,183072,1800 cc,Automatic,Petrol,Nairobi,Foreign Used,1785000
Subaru,Outback,2008,183245,2500 cc,Automatic,Petrol,Nairobi,Locally Used,2100000
Mazda,CX-5,2009,183418,2200 cc,Automatic,Diesel,Mombasa,Foreign Used,2565000
Mercedes-Benz,C200,2010,183591,2000 cc,Automatic,Petrol,Nairobi,Foreign Used,3237500
Nissan,X-Trail,2011,183764,2000 cc,Automatic,Petrol,Nakuru,Locally Used,1662500
Honda,Fit,2012,183937,1500 cc,Manual,Petrol,Kisumu,Locally Used,1462500
BMW,X3,2013,184110,2000 cc,Automatic,Diesel,Nairobi,Foreign Used,4200000
Audi,A4,2014,184283,2000 cc,Automatic,Diesel,Mombasa,Foreign Used,3997499
Toyota,Premio,2015,184456,1800 cc,Automatic,Petrol,Nairobi,Foreign Used,2205000
Subaru,Outback,2016,184629,2500 cc,Automatic,Petrol,Nairobi,Locally Used,2580000
Mazda,CX-5,2017,184802,2200 cc,Automatic,Diesel,Mombasa,Foreign Used,3135000
Mercedes-Benz,C200,2018,184975,2000 cc,Automatic,Petrol,Nairobi,Foreign Used,3937500
Nissan,X-Trail,2019,185148,2000 cc,Automatic,Petrol,Nakuru,Locally Used,2012499
Honda,Fit,2020,185321,1500 cc,Manual,Petrol,Kisumu,Locally Used,1762500
BMW,X3,2021,185494,2000 cc,Automatic,Diesel,Nairobi,Foreign Used,5040000
Audi,A4,2022,185667,2000 cc,Automatic,Diesel,Mombasa,Foreign Used,4777500
Toyota,Premio,2008,185840,1800 cc,Automatic,Petrol,Nairobi,Foreign Used,1575000
Subaru,Outback,2009,186013,2500 cc,Automatic,Petrol,Nairobi,Locally Used,1860000
Mazda,CX-5,2010,186186,2200 cc,Automatic,Diesel,Mombasa,Foreign Used,2280000
Mercedes-Benz,C200,2011,186359,2000 cc,Automatic,Petrol,Nairobi,Foreign Used,2887500
Nissan,X-Trail,2012,186532,2000 cc,Automatic,Petrol,Nakuru,Locally Used,1487500
Honda,Fit,2013,186705,1500 cc,Manual,Petrol,Kisumu,Locally Used,1312500
BMW,X3,2014,186878,2000 cc,Automatic,Diesel,Nairobi,Foreign Used,3780000
Audi,A4,2015,187051,2000 cc,Automatic,Diesel,Mombasa,Foreign Used,3607500
Toyota,Premio,2016,187224,1800 cc,Automatic,Petrol,Nairobi,Foreign Used,1995000
Subaru,Outback,2017,187397,2500 cc,Automatic,Petrol,Nairobi,Locally Used,2340000
Mazda,CX-5,2018,187570,2200 cc,Automatic,Diesel,Mombasa,Foreign Used,2850000
Mercedes-Benz,C200,2019,187743,2000 cc,Automatic,Petrol,Nairobi,Foreign Used,3587499
Nissan,X-Trail,2020,187916,2000 cc,Automatic,Petrol,Nakuru,Locally Used,1837500
Honda,Fit,2021,188089,1500 cc,Manual,Petrol,Kisumu,Locally Used,1612500
BMW,X3,2022,188262,2000 cc,Automatic,Diesel,Nairobi,Foreign Used,4620000
Audi,A4,2008,188435,2000 cc,Automatic,Diesel,Mombasa,Foreign Used,4387500
Toyota,Premio,2009,188608,1800 cc,Automatic,Petrol,Nairobi,Foreign Used,2415000
Subaru,Outback,2010,188781,2500 cc,Automatic,Petrol,Nairobi,Locally Used,2820000
Mazda,CX-5,2011,188954,2200 cc,Automatic,Diesel,Mombasa,Foreign Used,3420000
Mercedes-Benz,C200,2012,189127,2000 cc,Automatic,Petrol,Nairobi,Foreign Used,4287500
Nissan,X-Trail,2013,189300,2000 cc,Automatic,Petrol,Nakuru,Locally Used,1312500
Honda,Fit,2014,189473,1500 cc,Manual,Petrol,Kisumu,Locally Used,1162500
BMW,X3,2015,189646,2000 cc,Automatic,Diesel,Nairobi,Foreign Used,3360000
Audi,A4,2016,189819,2000 cc,Automatic,Diesel,Mombasa,Foreign Used,3217500
Toyota,Premio,2017,189992,1800 cc,Automatic,Petrol,Nairobi,Foreign Used,1785000
Subaru,Outback,2018,190165,2500 cc,Automatic,Petrol,Nairobi,Locally Used,2100000
Mazda,CX-5,2019,190338,2200 cc,Automatic,Diesel,Mombasa,Foreign Used,2565000
Mercedes-Benz,C200,2020,190511,2000 cc,Automatic,Petrol,Nairobi,Foreign Used,3237500
Nissan,X-Trail,2021,190684,2000 cc,Automatic,Petrol,Nakuru,Locally Used,1662500
Honda,Fit,2022,190857,1500 cc,Manual,Petrol,Kisumu,Locally Used,1462500
BMW,X3,2008,191030,2000 cc,Automatic,Diesel,Nairobi,Foreign Used,4200000
Audi,A4,2009,191203,2000 cc,Automatic,Diesel,Mombasa,Foreign Used,3997499
Toyota,Premio,2010,191376,1800 cc,Automatic,Petrol,Nairobi,Foreign Used,2205000
Subaru,Outback,2011,191549,2500 cc,Automatic,Petrol,Nairobi,Locally Used,2580000
Mazda,CX-5,2012,191722,2200 cc,Automatic,Diesel,Mombasa,Foreign Used,3135000
Mercedes-Benz,C200,2013,191895,2000 cc,Automatic,Petrol,Nairobi,Foreign Used,3937500
Nissan,X-Trail,2014,192068,2000 cc,Automatic,Petrol,Nakuru,Locally Used,2012499
Honda,Fit,2015,192241,1500 cc,Manual,Petrol,Kisumu,Locally Used,1762500
BMW,X3,2016,192414,2000 cc,Automatic,Diesel,Nairobi,Foreign Used,5040000
Audi,A4,2017,192587,2000 cc,Automatic,Diesel,Mombasa,Foreign Used,4777500
Toyota,Premio,2018,192760,1800 cc,Automatic,Petrol,Nairobi,Foreign Used,1575000
Subaru,Outback,2019,192933,2500 cc,Automatic,Petrol,Nairobi,Locally Used,1860000
Mazda,CX-5,2020,193106,2200 cc,Automatic,Diesel,Mombasa,Foreign Used,2280000
Mercedes-Benz,C200,2021,193279,2000 cc,Automatic,Petrol,Nairobi,Foreign Used,2887500
Nissan,X-Trail,2022,193452,2000 cc,Automatic,Petrol,Nakuru,Locally Used,1487500
Honda,Fit,2008,193625,1500 cc,Manual,Petrol,Kisumu,Locally Used,1312500
BMW,X3,2009,193798,2000 cc,Automatic,Diesel,Nairobi,Foreign Used,3780000
Audi,A4,2010,193971,2000 cc,Automatic,Diesel,Mombasa,Foreign Used,3607500
Toyota,Premio,2011,194144,1800 cc,Automatic,Petrol,Nairobi,Foreign Used,1995000
Subaru,Outback,2012,194317,2500 cc,Automatic,Petrol,Nairobi,Locally Used,2340000
Mazda,CX-5,2013,194490,2200 cc,Automatic,Diesel,Mombasa,Foreign Used,2850000
Mercedes-Benz,C200,2014,194663,2000 cc,Automatic,Petrol,Nairobi,Foreign Used,3587499
Nissan,X-Trail,2015,194836,2000 cc,Automatic,Petrol,Nakuru,Locally Used,1837500
Honda,Fit,2016,195009,1500 cc,Manual,Petrol,Kisumu,Locally Used,1612500
BMW,X3,2017,195182,2000 cc,Automatic,Diesel,Nairobi,Foreign Used,4620000
Audi,A4,2018,195355,2000 cc,Automatic,Diesel,Mombasa,Foreign Used,4387500
Toyota,Premio,2019,195528,1800 cc,Automatic,Petrol,Nairobi,Foreign Used,2415000
Subaru,Outback,2020,195701,2500 cc,Automatic,Petrol,Nairobi,Locally Used,2820000
Mazda,CX-5,2021,195874,2200 cc,Automatic,Diesel,Mombasa,Foreign Used,3420000
Mercedes-Benz,C200,2022,196047,2000 cc,Automatic,Petrol,Nairobi,Foreign Used,4287500
Nissan,X-Trail,2008,196220,2000 cc,Automatic,Petrol,Nakuru,Locally Used,1312500
Honda,Fit,2009,196393,1500 cc,Manual,Petrol,Kisumu,Locally Used,1162500
BMW,X3,2010,196566,2000 cc,Automatic,Diesel,Nairobi,Foreign Used,3360000
Audi,A4,2011,196739,2000 cc,Automatic,Diesel,Mombasa,Foreign Used,3217500
Toyota,Premio,2012,196912,1800 cc,Automatic,Petrol,Nairobi,Foreign Used,1785000
Subaru,Outback,2013,197085,2500 cc,Automatic,Petrol,Nairobi,Locally Used,2100000
Mazda,CX-5,2014,197258,2200 cc,Automatic,Diesel,Mombasa,Foreign Used,2565000
Mercedes-Benz,C200,2015,197431,2000 cc,Automatic,Petrol,Nairobi,Foreign Used,3237500
Nissan,X-Trail,2016,197604,2000 cc,Automatic,Petrol,Nakuru,Locally Used,1662500
Honda,Fit,2017,197777,1500 cc,Manual,Petrol,Kisumu,Locally Used,1462500
BMW,X3,2018,197950,2000 cc,Automatic,Diesel,Nairobi,Foreign Used,4200000
Audi,A4,2019,198123,2000 cc,Automatic,Diesel,Mombasa,Foreign Used,3997499
Toyota,Premio,2020,198296,1800 cc,Automatic,Petrol,Nairobi,Foreign Used,2205000
Subaru,Outback,2021,198469,2500 cc,Automatic,Petrol,Nairobi,Locally Used,2580000
Mazda,CX-5,2022,198642,2200 cc,Automatic,Diesel,Mombasa,Foreign Used,3135000
Mercedes-Benz,C200,2008,198815,2000 cc,Automatic,Petrol,Nairobi,Foreign Used,3937500
Nissan,X-Trail,2009,198988,2000 cc,Automatic,Petrol,Nakuru,Locally Used,2012499
Honda,Fit,2010,199161,1500 cc,Manual,Petrol,Kisumu,Locally Used,1762500
BMW,X3,2011,199334,2000 cc,Automatic,Diesel,Nairobi,Foreign Used,5040000
Audi,A4,2012,199507,2000 cc,Automatic,Diesel,Mombasa,Foreign Used,4777500
Toyota,Premio,2013,199680,1800 cc,Automatic,Petrol,Nairobi,Foreign Used,1575000
Subaru,Outback,2014,199853,2500 cc,Automatic,Petrol,Nairobi,Locally Used,1860000
Mazda,CX-5,2015,20026,2200 cc,Automatic,Diesel,Mombasa,Foreign Used,2280000
Mercedes-Benz,C200,2016,20199,2000 cc,Automatic,Petrol,Nairobi,Foreign Used,2887500
Nissan,X-Trail,2017,20372,2000 cc,Automatic,Petrol,Nakuru,Locally Used,1487500
Honda,Fit,2018,20545,1500 cc,Manual,Petrol,Kisumu,Locally Used,1312500
BMW,X3,2019,20718,2000 cc,Automatic,Diesel,Nairobi,Foreign Used,3780000
Audi,A4,2020,20891,2000 cc,Automatic,Diesel,Mombasa,Foreign Used,3607500
Toyota,Premio,2021,21064,1800 cc,Automatic,Petrol,Nairobi,Foreign Used,1995000
Subaru,Outback,2022,21237,2500 cc,Automatic,Petrol,Nairobi,Locally Used,2340000
Mazda,CX-5,2008,21410,2200 cc,Automatic,Diesel,Mombasa,Foreign Used,2850000
Mercedes-Benz,C200,2009,21583,2000 cc,Automatic,Petrol,Nairobi,Foreign Used,3587499
Nissan,X-Trail,2010,21756,2000 cc,Automatic,Petrol,Nakuru,Locally Used,1837500
Honda,Fit,2011,21929,1500 cc,Manual,Petrol,Kisumu,Locally Used,1612500
BMW,X3,2012,22102,2000 cc,Automatic,Diesel,Nairobi,Foreign Used,4620000
Audi,A4,2013,22275,2000 cc,Automatic,Diesel,Mombasa,Foreign Used,4387500
Toyota,Premio,2014,22448,1800 cc,Automatic,Petrol,Nairobi,Foreign Used,2415000
Subaru,Outback,2015,22621,2500 cc,Automatic,Petrol,Nairobi,Locally Used,2820000
Mazda,CX-5,2016,22794,2200 cc,Automatic,Diesel,Mombasa,Foreign Used,3420000
Mercedes-Benz,C200,2017,22967,2000 cc,Automatic,Petrol,Nairobi,Foreign Used,4287500
Nissan,X-Trail,2018,23140,2000 cc,Automatic,Petrol,Nakuru,Locally Used,1312500
Honda,Fit,2019,23313,1500 cc,Manual,Petrol,Kisumu,Locally Used,1162500
BMW,X3,2020,23486,2000 cc,Automatic,Diesel,Nairobi,Foreign Used,3360000
Audi,A4,2021,23659,2000 cc,Automatic,Diesel,Mombasa,Foreign Used,3217500
Toyota,Premio,2022,23832,1800 cc,Automatic,Petrol,Nairobi,Foreign Used,1785000
Subaru,Outback,2008,24005,2500 cc,Automatic,Petrol,Nairobi,Locally Used,2100000
Mazda,CX-5,2009,24178,2200 cc,Automatic,Diesel,Mombasa,Foreign Used,2565000
Mercedes-Benz,C200,2010,24351,2000 cc,Automatic,Petrol,Nairobi,Foreign Used,3237500
Nissan,X-Trail,2011,24524,2000 cc,Automatic,Petrol,Nakuru,Locally Used,1662500
Honda,Fit,2012,24697,1500 cc,Manual,Petrol,Kisumu,Locally Used,1462500
BMW,X3,2013,24870,2000 cc,Automatic,Diesel,Nairobi,Foreign Used,4200000
Audi,A4,2014,25043,2000 cc,Automatic,Diesel,Mombasa,Foreign Used,3997499
Toyota,Premio,2015,25216,1800 cc,Automatic,Petrol,Nairobi,Foreign Used,2205000
Subaru,Outback,2016,25389,2500 cc,Automatic,Petrol,Nairobi,Locally Used,2580000
Mazda,CX-5,2017,25562,2200 cc,Automatic,Diesel,Mombasa,Foreign Used,3135000
Mercedes-Benz,C200,2018,25735,2000 cc,Automatic,Petrol,Nairobi,Foreign Used,3937500
Nissan,X-Trail,2019,25908,2000 cc,Automatic,Petrol,Nakuru,Locally Used,2012499
Honda,Fit,2020,26081,1500 cc,Manual,Petrol,Kisumu,Locally Used,1762500
BMW,X3,2021,26254,2000 cc,Automatic,Diesel,Nairobi,Foreign Used,5040000
Audi,A4,2022,26427,2000 cc,Automatic,Diesel,Mombasa,Foreign Used,4777500
Toyota,Premio,2008,26600,1800 cc,Automatic,Petrol,Nairobi,Foreign Used,1575000
Subaru,Outback,2009,26773,2500 cc,Automatic,Petrol,Nairobi,Locally Used,1860000
Mazda,CX-5,2010,26946,2200 cc,Automatic,Diesel,Mombasa,Foreign Used,2280000
Mercedes-Benz,C200,2011,27119,2000 cc,Automatic,Petrol,Nairobi,Foreign Used,2887500
Nissan,X-Trail,2012,27292,2000 cc,Automatic,Petrol,Nakuru,Locally Used,1487500
Honda,Fit,2013,27465,1500 cc,Manual,Petrol,Kisumu,Locally Used,1312500
BMW,X3,2014,27638,2000 cc,Automatic,Diesel,Nairobi,Foreign Used,3780000
Audi,A4,2015,27811,2000 cc,Automatic,Diesel,Mombasa,Foreign Used,3607500
Toyota,Premio,2016,27984,1800 cc,Automatic,Petrol,Nairobi,Foreign Used,1995000
Subaru,Outback,2017,28157,2500 cc,Automatic,Petrol,Nairobi,Locally Used,2340000
Mazda,CX-5,2018,28330,2200 cc,Automatic,Diesel,Mombasa,Foreign Used,2850000
Mercedes-Benz,C200,2019,28503,2000 cc,Automatic,Petrol,Nairobi,Foreign Used,3587499
Nissan,X-Trail,2020,28676,2000 cc,Automatic,Petrol,Nakuru,Locally Used,1837500
Honda,Fit,2021,28849,1500 cc,Manual,Petrol,Kisumu,Locally Used,1612500
BMW,X3,2022,29022,2000 cc,Automatic,Diesel,Nairobi,Foreign Used,4620000
Audi,A4,2008,29195,2000 cc,Automatic,Diesel,Mombasa,Foreign Used,4387500
Toyota,Premio,2009,29368,1800 cc,Automatic,Petrol,Nairobi,Foreign Used,2415000
Subaru,Outback,2010,29541,2500 cc,Automatic,Petrol,Nairobi,Locally Used,2820000
Mazda,CX-5,2011,29714,2200 cc,Automatic,Diesel,Mombasa,Foreign Used,3420000
Mercedes-Benz,C200,2012,29887,2000 cc,Automatic,Petrol,Nairobi,Foreign Used,4287500
Nissan,X-Trail,2013,30060,2000 cc,Automatic,Petrol,Nakuru,Locally Used,1312500
Honda,Fit,2014,30233,1500 cc,Manual,Petrol,Kisumu,Locally Used,1162500
BMW,X3,2015,30406,2000 cc,Automatic,Diesel,Nairobi,Foreign Used,3360000
Audi,A4,2016,30579,2000 cc,Automatic,Diesel,Mombasa,Foreign Used,3217500
Toyota,Premio,2017,30752,1800 cc,Automatic,Petrol,Nairobi,Foreign Used,1785000
Subaru,Outback,2018,30925,2500 cc,Automatic,Petrol,Nairobi,Locally Used,2100000
Mazda,CX-5,2019,31098,2200 cc,Automatic,Diesel,Mombasa,Foreign Used,2565000
Mercedes-Benz,C200,2020,31271,2000 cc,Automatic,Petrol,Nairobi,Foreign Used,3237500
Nissan,X-Trail,2021,31444,2000 cc,Automatic,Petrol,Nakuru,Locally Used,1662500
Honda,Fit,2022,31617,1500 cc,Manual,Petrol,Kisumu,Locally Used,1462500
BMW,X3,2008,31790,2000 cc,Automatic,Diesel,Nairobi,Foreign Used,4200000
Audi,A4,2009,31963,2000 cc,Automatic,Diesel,Mombasa,Foreign Used,3997499
Toyota,Premio,2010,32136,1800 cc,Automatic,Petrol,Nairobi,Foreign Used,2205000
Subaru,Outback,2011,32309,2500 cc,Automatic,Petrol,Nairobi,Locally Used,2580000
Mazda,CX-5,2012,32482,2200 cc,Automatic,Diesel,Mombasa,Foreign Used,3135000
Mercedes-Benz,C200,2013,32655,2000 cc,Automatic,Petrol,Nairobi,Foreign Used,3937500
Nissan,X-Trail,2014,32828,2000 cc,Automatic,Petrol,Nakuru,Locally Used,2012499
Honda,Fit,2015,33001,1500 cc,Manual,Petrol,Kisumu,Locally Used,1762500
BMW,X3,2016,33174,2000 cc,Automatic,Diesel,Nairobi,Foreign Used,5040000
Audi,A4,2017,33347,2000 cc,Automatic,Diesel,Mombasa,Foreign Used,4777500
Toyota,Premio,2018,33520,1800 cc,Automatic,Petrol,Nairobi,Foreign Used,1575000
Subaru,Outback,2019,33693,2500 cc,Automatic,Petrol,Nairobi,Locally Used,1860000
Mazda,CX-5,2020,33866,2200 cc,Automatic,Diesel,Mombasa,Foreign Used,2280000
Mercedes-Benz,C200,2021,34039,2000 cc,Automatic,Petrol,Nairobi,Foreign Used,2887500
Nissan,X-Trail,2022,34212,2000 cc,Automatic,Petrol,Nakuru,Locally Used,1487500
Honda,Fit,2008,34385,1500 cc,Manual,Petrol,Kisumu,Locally Used,1312500
BMW,X3,2009,34558,2000 cc,Automatic,Diesel,Nairobi,Foreign Used,3780000
Audi,A4,2010,34731,2000 cc,Automatic,Diesel,Mombasa,Foreign Used,3607500
Toyota,Premio,2011,34904,1800 cc,Automatic,Petrol,Nairobi,Foreign Used,1995000
Subaru,Outback,2012,35077,2500 cc,Automatic,Petrol,Nairobi,Locally Used,2340000
Mazda,CX-5,2013,35250,2200 cc,Automatic,Diesel,Mombasa,Foreign Used,2850000
Mercedes-Benz,C200,2014,35423,2000 cc,Automatic,Petrol,Nairobi,Foreign Used,3587499
Nissan,X-Trail,2015,35596,2000 cc,Automatic,Petrol,Nakuru,Locally Used,1837500
Honda,Fit,2016,35769,1500 cc,Manual,Petrol,Kisumu,Locally Used,1612500
BMW,X3,2017,35942,2000 cc,Automatic,Diesel,Nairobi,Foreign Used,4620000
Audi,A4,2018,36115,2000 cc,Automatic,Diesel,Mombasa,Foreign Used,4387500
Toyota,Premio,2019,36288,1800 cc,Automatic,Petrol,Nairobi,Foreign Used,2415000
Subaru,Outback,2020,36461,2500 cc,Automatic,Petrol,Nairobi,Locally Used,2820000
Mazda,CX-5,2021,36634,2200 cc,Automatic,Diesel,Mombasa,Foreign Used,3420000
Mercedes-Benz,C200,2022,36807,2000 cc,Automatic,Petrol,Nairobi,Foreign Used,4287500
Nissan,X-Trail,2008,36980,2000 cc,Automatic,Petrol,Nakuru,Locally Used,1312500
Honda,Fit,2009,37153,1500 cc,Manual,Petrol,Kisumu,Locally Used,1162500
BMW,X3,2010,37326,2000 cc,Automatic,Diesel,Nairobi,Foreign Used,3360000
Audi,A4,2011,37499,2000 cc,Automatic,Diesel,Mombasa,Foreign Used,3217500
Toyota,Premio,2012,37672,1800 cc,Automatic,Petrol,Nairobi,Foreign Used,1785000
Subaru,Outback,2013,37845,2500 cc,Automatic,Petrol,Nairobi,Locally Used,2100000
Mazda,CX-5,2014,38018,2200 cc,Automatic,Diesel,Mombasa,Foreign Used,2565000
Mercedes-Benz,C200,2015,38191,2000 cc,Automatic,Petrol,Nairobi,Foreign Used,3237500
Nissan,X-Trail,2016,38364,2000 cc,Automatic,Petrol,Nakuru,Locally Used,1662500
Honda,Fit,2017,38537,1500 cc,Manual,Petrol,Kisumu,Locally Used,1462500
BMW,X3,2018,38710,2000 cc,Automatic,Diesel,Nairobi,Foreign Used,4200000
Audi,A4,2019,38883,2000 cc,Automatic,Diesel,Mombasa,Foreign Used,3997499
Toyota,Premio,2020,39056,1800 cc,Automatic,Petrol,Nairobi,Foreign Used,2205000
Subaru,Outback,2021,39229,2500 cc,Automatic,Petrol,Nairobi,Locally Used,2580000
Mazda,CX-5,2022,39402,2200 cc,Automatic,Diesel,Mombasa,Foreign Used,3135000
Mercedes-Benz,C200,2008,39575,2000 cc,Automatic,Petrol,Nairobi,Foreign Used,3937500
Nissan,X-Trail,2009,39748,2000 cc,Automatic,Petrol,Nakuru,Locally Used,2012499
Honda,Fit,2010,39921,1500 cc,Manual,Petrol,Kisumu,Locally Used,1762500
BMW,X3,2011,40094,2000 cc,Automatic,Diesel,Nairobi,Foreign Used,5040000
Audi,A4,2012,40267,2000 cc,Automatic,Diesel,Mombasa,Foreign Used,4777500
Toyota,Premio,2013,40440,1800 cc,Automatic,Petrol,Nairobi,Foreign Used,1575000
Subaru,Outback,2014,40613,2500 cc,Automatic,Petrol,Nairobi,Locally Used,1860000
Mazda,CX-5,2015,40786,2200 cc,Automatic,Diesel,Mombasa,Foreign Used,2280000
Mercedes-Benz,C200,2016,40959,2000 cc,Automatic,Petrol,Nairobi,Foreign Used,2887500
Nissan,X-Trail,2017,41132,2000 cc,Automatic,Petrol,Nakuru,Locally Used,1487500
Honda,Fit,2018,41305,1500 cc,Manual,Petrol,Kisumu,Locally Used,1312500
BMW,X3,2019,41478,2000 cc,Automatic,Diesel,Nairobi,Foreign Used,3780000
Audi,A4,2020,41651,2000 cc,Automatic,Diesel,Mombasa,Foreign Used,3607500
Toyota,Premio,2021,41824,1800 cc,Automatic,Petrol,Nairobi,Foreign Used,1995000
Subaru,Outback,2022,41997,2500 cc,Automatic,Petrol,Nairobi,Locally Used,2340000
Mazda,CX-5,2008,42170,2200 cc,Automatic,Diesel,Mombasa,Foreign Used,2850000
Mercedes-Benz,C200,2009,42343,2000 cc,Automatic,Petrol,Nairobi,Foreign Used,3587499
Nissan,X-Trail,2010,42516,2000 cc,Automatic,Petrol,Nakuru,Locally Used,1837500
Honda,Fit,2011,42689,1500 cc,Manual,Petrol,Kisumu,Locally Used,1612500
BMW,X3,2012,42862,2000 cc,Automatic,Diesel,Nairobi,Foreign Used,4620000
Audi,A4,2013,43035,2000 cc,Automatic,Diesel,Mombasa,Foreign Used,4387500
Toyota,Premio,2014,43208,1800 cc,Automatic,Petrol,Nairobi,Foreign Used,2415000
Subaru,Outback,2015,43381,2500 cc,Automatic,Petrol,Nairobi,Locally Used,2820000
Mazda,CX-5,2016,43554,2200 cc,Automatic,Diesel,Mombasa,Foreign Used,3420000
Mercedes-Benz,C200,2017,43727,2000 cc,Automatic,Petrol,Nairobi,Foreign Used,4287500
Nissan,X-Trail,2018,43900,2000 cc,Automatic,Petrol,Nakuru,Locally Used,1312500
Honda,Fit,2019,44073,1500 cc,Manual,Petrol,Kisumu,Locally Used,1162500
BMW,X3,2020,44246,2000 cc,Automatic,Diesel,Nairobi,Foreign Used,3360000
Audi,A4,2021,44419,2000 cc,Automatic,Diesel,Mombasa,Foreign Used,3217500
Toyota,Premio,2022,44592,1800 cc,Automatic,Petrol,Nairobi,Foreign Used,1785000
Subaru,Outback,2008,44765,2500 cc,Automatic,Petrol,Nairobi,Locally Used,2100000
Mazda,CX-5,2009,44938,2200 cc,Automatic,Diesel,Mombasa,Foreign Used,2565000
Mercedes-Benz,C200,2010,45111,2000 cc,Automatic,Petrol,Nairobi,Foreign Used,3237500
Nissan,X-Trail,2011,45284,2000 cc,Automatic,Petrol,Nakuru,Locally Used,1662500
Honda,Fit,2012,45457,1500 cc,Manual,Petrol,Kisumu,Locally Used,1462500
BMW,X3,2013,45630,2000 cc,Automatic,Diesel,Nairobi,Foreign Used,4200000
Audi,A4,2014,45803,2000 cc,Automatic,Diesel,Mombasa,Foreign Used,3997499
Toyota,Premio,2015,45976,1800 cc,Automatic,Petrol,Nairobi,Foreign Used,2205000
Subaru,Outback,2016,46149,2500 cc,Automatic,Petrol,Nairobi,Locally Used,2580000
Mazda,CX-5,2017,46322,2200 cc,Automatic,Diesel,Mombasa,Foreign Used,3135000
Mercedes-Benz,C200,2018,46495,2000 cc,Automatic,Petrol,Nairobi,Foreign Used,3937500
Nissan,X-Trail,2019,46668,2000 cc,Automatic,Petrol,Nakuru,Locally Used,2012499
Honda,Fit,2020,46841,1500 cc,Manual,Petrol,Kisumu,Locally Used,1762500
BMW,X3,2021,47014,2000 cc,Automatic,Diesel,Nairobi,Foreign Used,5040000
Audi,A4,2022,47187,2000 cc,Automatic,Diesel,Mombasa,Foreign Used,4777500
Toyota,Premio,2008,47360,1800 cc,Automatic,Petrol,Nairobi,Foreign Used,1575000
Subaru,Outback,2009,47533,2500 cc,Automatic,Petrol,Nairobi,Locally Used,1860000
Mazda,CX-5,2010,47706,2200 cc,Automatic,Diesel,Mombasa,Foreign Used,2280000
Mercedes-Benz,C200,2011,47879,2000 cc,Automatic,Petrol,Nairobi,Foreign Used,2887500
Nissan,X-Trail,2012,48052,2000 cc,Automatic,Petrol,Nakuru,Locally Used,1487500
Honda,Fit,2013,48225,1500 cc,Manual,Petrol,Kisumu,Locally Used,1312500
BMW,X3,2014,48398,2000 cc,Automatic,Diesel,Nairobi,Foreign Used,3780000
Audi,A4,2015,48571,2000 cc,Automatic,Diesel,Mombasa,Foreign Used,3607500
Toyota,Premio,2016,48744,1800 cc,Automatic,Petrol,Nairobi,Foreign Used,1995000
Subaru,Outback,2017,48917,2500 cc,Automatic,Petrol,Nairobi,Locally Used,2340000
Mazda,CX-5,2018,49090,2200 cc,Automatic,Diesel,Mombasa,Foreign Used,2850000
Mercedes-Benz,C200,2019,49263,2000 cc,Automatic,Petrol,Nairobi,Foreign Used,3587499
Nissan,X-Trail,2020,49436,2000 cc,Automatic,Petrol,Nakuru,Locally Used,1837500
Honda,Fit,2021,49609,1500 cc,Manual,Petrol,Kisumu,Locally Used,1612500
BMW,X3,2022,49782,2000 cc,Automatic,Diesel,Nairobi,Foreign Used,4620000
Audi,A4,2008,49955,2000 cc,Automatic,Diesel,Mombasa,Foreign Used,4387500
Toyota,Premio,2009,50128,1800 cc,Automatic,Petrol,Nairobi,Foreign Used,2415000
Subaru,Outback,2010,50301,2500 cc,Automatic,Petrol,Nairobi,Locally Used,2820000
Mazda,CX-5,2011,50474,2200 cc,Automatic,Diesel,Mombasa,Foreign Used,3420000
Mercedes-Benz,C200,2012,50647,2000 cc,Automatic,Petrol,Nairobi,Foreign Used,4287500
Nissan,X-Trail,2013,50820,2000 cc,Automatic,Petrol,Nakuru,Locally Used,1312500
Honda,Fit,2014,50993,1500 cc,Manual,Petrol,Kisumu,Locally Used,1162500
BMW,X3,2015,51166,2000 cc,Automatic,Diesel,Nairobi,Foreign Used,3360000
Audi,A4,2016,51339,2000 cc,Automatic,Diesel,Mombasa,Foreign Used,3217500
Toyota,Premio,2017,51512,1800 cc,Automatic,Petrol,Nairobi,Foreign Used,1785000
Subaru,Outback,2018,51685,2500 cc,Automatic,Petrol,Nairobi,Locally Used,2100000
Mazda,CX-5,2019,51858,2200 cc,Automatic,Diesel,Mombasa,Foreign Used,2565000
Mercedes-Benz,C200,2020,52031,2000 cc,Automatic,Petrol,Nairobi,Foreign Used,3237500
Nissan,X-Trail,2021,52204,2000 cc,Automatic,Petrol,Nakuru,Locally Used,1662500
Honda,Fit,2022,52377,1500 cc,Manual,Petrol,Kisumu,Locally Used,1462500
BMW,X3,2008,52550,2000 cc,Automatic,Diesel,Nairobi,Foreign Used,4200000
Audi,A4,2009,52723,2000 cc,Automatic,Diesel,Mombasa,Foreign Used,3997499
Toyota,Premio,2010,52896,1800 cc,Automatic,Petrol,Nairobi,Foreign Used,2205000
Subaru,Outback,2011,53069,2500 cc,Automatic,Petrol,Nairobi,Locally Used,2580000
Mazda,CX-5,2012,53242,2200 cc,Automatic,Diesel,Mombasa,Foreign Used,3135000
Mercedes-Benz,C200,2013,53415,2000 cc,Automatic,Petrol,Nairobi,Foreign Used,3937500
Nissan,X-Trail,2014,53588,2000 cc,Automatic,Petrol,Nakuru,Locally Used,2012499
Honda,Fit,2015,53761,1500 cc,Manual,Petrol,Kisumu,Locally Used,1762500
BMW,X3,2016,53934,2000 cc,Automatic,Diesel,Nairobi,Foreign Used,5040000
Audi,A4,2017,54107,2000 cc,Automatic,Diesel,Mombasa,Foreign Used,4777500
Toyota,Premio,2018,54280,1800 cc,Automatic,Petrol,Nairobi,Foreign Used,1575000
Subaru,Outback,2019,54453,2500 cc,Automatic,Petrol,Nairobi,Locally Used,1860000
Mazda,CX-5,2020,54626,2200 cc,Automatic,Diesel,Mombasa,Foreign Used,2280000
Mercedes-Benz,C200,2021,54799,2000 cc,Automatic,Petrol,Nairobi,Foreign Used,2887500
Nissan,X-Trail,2022,54972,2000 cc,Automatic,Petrol,Nakuru,Locally Used,1487500
Honda,Fit,2008,55145,1500 cc,Manual,Petrol,Kisumu,Locally Used,1312500
BMW,X3,2009,55318,2000 cc,Automatic,Diesel,Nairobi,Foreign Used,3780000
Audi,A4,2010,55491,2000 cc,Automatic,Diesel,Mombasa,Foreign Used,3607500
Toyota,Premio,2011,55664,1800 cc,Automatic,Petrol,Nairobi,Foreign Used,1995000
Subaru,Outback,2012,55837,2500 cc,Automatic,Petrol,Nairobi,Locally Used,2340000
Mazda,CX-5,2013,56010,2200 cc,Automatic,Diesel,Mombasa,Foreign Used,2850000
Mercedes-Benz,C200,2014,56183,2000 cc,Automatic,Petrol,Nairobi,Foreign Used,3587499
Nissan,X-Trail,2015,56356,2000 cc,Automatic,Petrol,Nakuru,Locally Used,1837500
Honda,Fit,2016,56529,1500 cc,Manual,Petrol,Kisumu,Locally Used,1612500
BMW,X3,2017,56702,2000 cc,Automatic,Diesel,Nairobi,Foreign Used,4620000
Audi,A4,2018,56875,2000 cc,Automatic,Diesel,Mombasa,Foreign Used,4387500
Toyota,Premio,2019,57048,1800 cc,Automatic,Petrol,Nairobi,Foreign Used,2415000
Subaru,Outback,2020,57221,2500 cc,Automatic,Petrol,Nairobi,Locally Used,2820000
Mazda,CX-5,2021,57394,2200 cc,Automatic,Diesel,Mombasa,Foreign Used,3420000
Mercedes-Benz,C200,2022,57567,2000 cc,Automatic,Petrol,Nairobi,Foreign Used,4287500
Nissan,X-Trail,2008,57740,2000 cc,Automatic,Petrol,Nakuru,Locally Used,1312500
Honda,Fit,2009,57913,1500 cc,Manual,Petrol,Kisumu,Locally Used,1162500
BMW,X3,2010,58086,2000 cc,Automatic,Diesel,Nairobi,Foreign Used,3360000
Audi,A4,2011,58259,2000 cc,Automatic,Diesel,Mombasa,Foreign Used,3217500
Toyota,Premio,2012,58432,1800 cc,Automatic,Petrol,Nairobi,Foreign Used,1785000
Subaru,Outback,2013,58605,2500 cc,Automatic,Petrol,Nairobi,Locally Used,2100000
Mazda,CX-5,2014,58778,2200 cc,Automatic,Diesel,Mombasa,Foreign Used,2565000
Mercedes-Benz,C200,2015,58951,2000 cc,Automatic,Petrol,Nairobi,Foreign Used,3237500
Nissan,X-Trail,2016,59124,2000 cc,Automatic,Petrol,Nakuru,Locally Used,1662500
Honda,Fit,2017,59297,1500 cc,Manual,Petrol,Kisumu,Locally Used,1462500
BMW,X3,2018,59470,2000 cc,Automatic,Diesel,Nairobi,Foreign Used,4200000
Audi,A4,2019,59643,2000 cc,Automatic,Diesel,Mombasa,Foreign Used,3997499
Toyota,Premio,2020,59816,1800 cc,Automatic,Petrol,Nairobi,Foreign Used,2205000
Subaru,Outback,2021,59989,2500 cc,Automatic,Petrol,Nairobi,Locally Used,2580000
Mazda,CX-5,2022,60162,2200 cc,Automatic,Diesel,Mombasa,Foreign Used,3135000
Mercedes-Benz,C200,2008,60335,2000 cc,Automatic,Petrol,Nairobi,Foreign Used,3937500
Nissan,X-Trail,2009,60508,2000 cc,Automatic,Petrol,Nakuru,Locally Used,2012499
Honda,Fit,2010,60681,1500 cc,Manual,Petrol,Kisumu,Locally Used,1762500
BMW,X3,2011,60854,2000 cc,Automatic,Diesel,Nairobi,Foreign Used,5040000
Audi,A4,2012,61027,2000 cc,Automatic,Diesel,Mombasa,Foreign Used,4777500
Toyota,Premio,2013,61200,1800 cc,Automatic,Petrol,Nairobi,Foreign Used,1575000
Subaru,Outback,2014,61373,2500 cc,Automatic,Petrol,Nairobi,Locally Used,1860000
Mazda,CX-5,2015,61546,2200 cc,Automatic,Diesel,Mombasa,Foreign Used,2280000
Mercedes-Benz,C200,2016,61719,2000 cc,Automatic,Petrol,Nairobi,Foreign Used,2887500
Nissan,X-Trail,2017,61892,2000 cc,Automatic,Petrol,Nakuru,Locally Used,1487500
Honda,Fit,2018,62065,1500 cc,Manual,Petrol,Kisumu,Locally Used,1312500
BMW,X3,2019,62238,2000 cc,Automatic,Diesel,Nairobi,Foreign Used,3780000
Audi,A4,2020,62411,2000 cc,Automatic,Diesel,Mombasa,Foreign Used,3607500
Toyota,Premio,2021,62584,1800 cc,Automatic,Petrol,Nairobi,Foreign Used,1995000
Subaru,Outback,2022,62757,2500 cc,Automatic,Petrol,Nairobi,Locally Used,2340000
Mazda,CX-5,2008,62930,2200 cc,Automatic,Diesel,Mombasa,Foreign Used,2850000
Mercedes-Benz,C200,2009,63103,2000 cc,Automatic,Petrol,Nairobi,Foreign Used,3587499
Nissan,X-Trail,2010,63276,2000 cc,Automatic,Petrol,Nakuru,Locally Used,1837500
Honda,Fit,2011,63449,1500 cc,Manual,Petrol,Kisumu,Locally Used,1612500
BMW,X3,2012,63622,2000 cc,Automatic,Diesel,Nairobi,Foreign Used,4620000
Audi,A4,2013,63795,2000 cc,Automatic,Diesel,Mombasa,Foreign Used,4387500
Toyota,Premio,2014,63968,1800 cc,Automatic,Petrol,Nairobi,Foreign Used,2415000
Subaru,Outback,2015,64141,2500 cc,Automatic,Petrol,Nairobi,Locally Used,2820000
Mazda,CX-5,2016,64314,2200 cc,Automatic,Diesel,Mombasa,Foreign Used,3420000
Mercedes-Benz,C200,2017,64487,2000 cc,Automatic,Petrol,Nairobi,Foreign Used,4287500
Nissan,X-Trail,2018,64660,2000 cc,Automatic,Petrol,Nakuru,Locally Used,1312500
Honda,Fit,2019,64833,1500 cc,Manual,Petrol,Kisumu,Locally Used,1162500
BMW,X3,2020,65006,2000 cc,Automatic,Diesel,Nairobi,Foreign Used,3360000
Audi,A4,2021,65179,2000 cc,Automatic,Diesel,Mombasa,Foreign Used,3217500
Toyota,Premio,2022,65352,1800 cc,Automatic,Petrol,Nairobi,Foreign Used,1785000
Subaru,Outback,2008,65525,2500 cc,Automatic,Petrol,Nairobi,Locally Used,2100000
Mazda,CX-5,2009,65698,2200 cc,Automatic,Diesel,Mombasa,Foreign Used,2565000
Mercedes-Benz,C200,2010,65871,2000 cc,Automatic,Petrol,Nairobi,Foreign Used,3237500
Nissan,X-Trail,2011,66044,2000 cc,Automatic,Petrol,Nakuru,Locally Used,1662500
Honda,Fit,2012,66217,1500 cc,Manual,Petrol,Kisumu,Locally Used,1462500
BMW,X3,2013,66390,2000 cc,Automatic,Diesel,Nairobi,Foreign Used,4200000
Audi,A4,2014,66563,2000 cc,Automatic,Diesel,Mombasa,Foreign Used,3997499
Toyota,Premio,2015,66736,1800 cc,Automatic,Petrol,Nairobi,Foreign Used,2205000
Subaru,Outback,2016,66909,2500 cc,Automatic,Petrol,Nairobi,Locally Used,2580000
Mazda,CX-5,2017,67082,2200 cc,Automatic,Diesel,Mombasa,Foreign Used,3135000
Mercedes-Benz,C200,2018,67255,2000 cc,Automatic,Petrol,Nairobi,Foreign Used,3937500
Nissan,X-Trail,2019,67428,2000 cc,Automatic,Petrol,Nakuru,Locally Used,2012499
Honda,Fit,2020,67601,1500 cc,Manual,Petrol,Kisumu,Locally Used,1762500
BMW,X3,2021,67774,2000 cc,Automatic,Diesel,Nairobi,Foreign Used,5040000
Audi,A4,2022,67947,2000 cc,Automatic,Diesel,Mombasa,Foreign Used,4777500
Toyota,Premio,2008,68120,1800 cc,Automatic,Petrol,Nairobi,Foreign Used,1575000
Subaru,Outback,2009,68293,2500 cc,Automatic,Petrol,Nairobi,Locally Used,1860000
Mazda,CX-5,2010,68466,2200 cc,Automatic,Diesel,Mombasa,Foreign Used,2280000
Mercedes-Benz,C200,2011,68639,2000 cc,Automatic,Petrol,Nairobi,Foreign Used,2887500
Nissan,X-Trail,2012,68812,2000 cc,Automatic,Petrol,Nakuru,Locally Used,1487500
Honda,Fit,2013,68985,1500 cc,Manual,Petrol,Kisumu,Locally Used,1312500
BMW,X3,2014,69158,2000 cc,Automatic,Diesel,Nairobi,Foreign Used,3780000
Audi,A4,2015,69331,2000 cc,Automatic,Diesel,Mombasa,Foreign Used,3607500
Toyota,Premio,2016,69504,1800 cc,Automatic,Petrol,Nairobi,Foreign Used,1995000
Subaru,Outback,2017,69677,2500 cc,Automatic,Petrol,Nairobi,Locally Used,2340000
Mazda,CX-5,2018,69850,2200 cc,Automatic,Diesel,Mombasa,Foreign Used,2850000
Mercedes-Benz,C200,2019,70023,2000 cc,Automatic,Petrol,Nairobi,Foreign Used,3587499
Nissan,X-Trail,2020,70196,2000 cc,Automatic,Petrol,Nakuru,Locally Used,1837500
Honda,Fit,2021,70369,1500 cc,Manual,Petrol,Kisumu,Locally Used,1612500
BMW,X3,2022,70542,2000 cc,Automatic,Diesel,Nairobi,Foreign Used,4620000
Audi,A4,2008,70715,2000 cc,Automatic,Diesel,Mombasa,Foreign Used,4387500
Toyota,Premio,2009,70888,1800 cc,Automatic,Petrol,Nairobi,Foreign Used,2415000
Subaru,Outback,2010,71061,2500 cc,Automatic,Petrol,Nairobi,Locally Used,2820000
Mazda,CX-5,2011,71234,2200 cc,Automatic,Diesel,Mombasa,Foreign Used,3420000
Mercedes-Benz,C200,2012,71407,2000 cc,Automatic,Petrol,Nairobi,Foreign Used,4287500
Nissan,X-Trail,2013,71580,2000 cc,Automatic,Petrol,Nakuru,Locally Used,1312500
Honda,Fit,2014,71753,1500 cc,Manual,Petrol,Kisumu,Locally Used,1162500
BMW,X3,2015,71926,2000 cc,Automatic,Diesel,Nairobi,Foreign Used,3360000
Audi,A4,2016,72099,2000 cc,Automatic,Diesel,Mombasa,Foreign Used,3217500
Toyota,Premio,2017,72272,1800 cc,Automatic,Petrol,Nairobi,Foreign Used,1785000
Subaru,Outback,2018,72445,2500 cc,Automatic,Petrol,Nairobi,Locally Used,2100000
Mazda,CX-5,2019,72618,2200 cc,Automatic,Diesel,Mombasa,Foreign Used,2565000
Mercedes-Benz,C200,2020,72791,2000 cc,Automatic,Petrol,Nairobi,Foreign Used,3237500
Nissan,X-Trail,2021,72964,2000 cc,Automatic,Petrol,Nakuru,Locally Used,1662500
Honda,Fit,2022,73137,1500 cc,Manual,Petrol,Kisumu,Locally Used,1462500
BMW,X3,2008,73310,2000 cc,Automatic,Diesel,Nairobi,Foreign Used,4200000
Audi,A4,2009,73483,2000 cc,Automatic,Diesel,Mombasa,Foreign Used,3997499
Toyota,Premio,2010,73656,1800 cc,Automatic,Petrol,Nairobi,Foreign Used,2205000
Subaru,Outback,2011,73829,2500 cc,Automatic,Petrol,Nairobi,Locally Used,2580000
Mazda,CX-5,2012,74002,2200 cc,Automatic,Diesel,Mombasa,Foreign Used,3135000
Mercedes-Benz,C200,2013,74175,2000 cc,Automatic,Petrol,Nairobi,Foreign Used,3937500
Nissan,X-Trail,2014,74348,2000 cc,Automatic,Petrol,Nakuru,Locally Used,2012499
Honda,Fit,2015,74521,1500 cc,Manual,Petrol,Kisumu,Locally Used,1762500
BMW,X3,2016,74694,2000 cc,Automatic,Diesel,Nairobi,Foreign Used,5040000
Audi,A4,2017,74867,2000 cc,Automatic,Diesel,Mombasa,Foreign Used,4777500
Toyota,Premio,2018,75040,1800 cc,Automatic,Petrol,Nairobi,Foreign Used,1575000
Subaru,Outback,2019,75213,2500 cc,Automatic,Petrol,Nairobi,Locally Used,1860000
Mazda,CX-5,2020,75386,2200 cc,Automatic,Diesel,Mombasa,Foreign Used,2280000
Mercedes-Benz,C200,2021,75559,2000 cc,Automatic,Petrol,Nairobi,Foreign Used,2887500
Nissan,X-Trail,2022,75732,2000 cc,Automatic,Petrol,Nakuru,Locally Used,1487500
Honda,Fit,2008,75905,1500 cc,Manual,Petrol,Kisumu,Locally Used,1312500
BMW,X3,2009,76078,2000 cc,Automatic,Diesel,Nairobi,Foreign Used,3780000
Audi,A4,2010,76251,2000 cc,Automatic,Diesel,Mombasa,Foreign Used,3607500
Toyota,Premio,2011,76424,1800 cc,Automatic,Petrol,Nairobi,Foreign Used,1995000
Subaru,Outback,2012,76597,2500 cc,Automatic,Petrol,Nairobi,Locally Used,2340000
Mazda,CX-5,2013,76770,2200 cc,Automatic,Diesel,Mombasa,Foreign Used,2850000
Mercedes-Benz,C200,2014,76943,2000 cc,Automatic,Petrol,Nairobi,Foreign Used,3587499
Nissan,X-Trail,2015,77116,2000 cc,Automatic,Petrol,Nakuru,Locally Used,1837500
Honda,Fit,2016,77289,1500 cc,Manual,Petrol,Kisumu,Locally Used,1612500
BMW,X3,2017,77462,2000 cc,Automatic,Diesel,Nairobi,Foreign Used,4620000
Audi,A4,2018,77635,2000 cc,Automatic,Diesel,Mombasa,Foreign Used,4387500
Toyota,Premio,2019,77808,1800 cc,Automatic,Petrol,Nairobi,Foreign Used,2415000
Subaru,Outback,2020,77981,2500 cc,Automatic,Petrol,Nairobi,Locally Used,2820000
Mazda,CX-5,2021,78154,2200 cc,Automatic,Diesel,Mombasa,Foreign Used,3420000
Mercedes-Benz,C200,2022,78327,2000 cc,Automatic,Petrol,Nairobi,Foreign Used,4287500
Nissan,X-Trail,2008,78500,2000 cc,Automatic,Petrol,Nakuru,Locally Used,1312500
Honda,Fit,2009,78673,1500 cc,Manual,Petrol,Kisumu,Locally Used,1162500
BMW,X3,2010,78846,2000 cc,Automatic,Diesel,Nairobi,Foreign Used,3360000
Audi,A4,2011,79019,2000 cc,Automatic,Diesel,Mombasa,Foreign Used,3217500
Toyota,Premio,2012,79192,1800 cc,Automatic,Petrol,Nairobi,Foreign Used,1785000
Subaru,Outback,2013,79365,2500 cc,Automatic,Petrol,Nairobi,Locally Used,2100000
Mazda,CX-5,2014,79538,2200 cc,Automatic,Diesel,Mombasa,Foreign Used,2565000
Mercedes-Benz,C200,2015,79711,2000 cc,Automatic,Petrol,Nairobi,Foreign Used,3237500
Nissan,X-Trail,2016,79884,2000 cc,Automatic,Petrol,Nakuru,Locally Used,1662500
Honda,Fit,2017,80057,1500 cc,Manual,Petrol,Kisumu,Locally Used,1462500
BMW,X3,2018,80230,2000 cc,Automatic,Diesel,Nairobi,Foreign Used,4200000
Audi,A4,2019,80403,2000 cc,Automatic,Diesel,Mombasa,Foreign Used,3997499
Toyota,Premio,2020,80576,1800 cc,Automatic,Petrol,Nairobi,Foreign Used,2205000
Subaru,Outback,2021,80749,2500 cc,Automatic,Petrol,Nairobi,Locally Used,2580000
Mazda,CX-5,2022,80922,2200 cc,Automatic,Diesel,Mombasa,Foreign Used,3135000
Mercedes-Benz,C200,2008,81095,2000 cc,Automatic,Petrol,Nairobi,Foreign Used,3937500
Nissan,X-Trail,2009,81268,2000 cc,Automatic,Petrol,Nakuru,Locally Used,2012499
Honda,Fit,2010,81441,1500 cc,Manual,Petrol,Kisumu,Locally Used,1762500
BMW,X3,2011,81614,2000 cc,Automatic,Diesel,Nairobi,Foreign Used,5040000
Audi,A4,2012,81787,2000 cc,Automatic,Diesel,Mombasa,Foreign Used,4777500
Toyota,Premio,2013,81960,1800 cc,Automatic,Petrol,Nairobi,Foreign Used,1575000
Subaru,Outback,2014,82133,2500 cc,Automatic,Petrol,Nairobi,Locally Used,1860000
Mazda,CX-5,2015,82306,2200 cc,Automatic,Diesel,Mombasa,Foreign Used,2280000
Mercedes-Benz,C200,2016,82479,2000 cc,Automatic,Petrol,Nairobi,Foreign Used,2887500
Nissan,X-Trail,2017,82652,2000 cc,Automatic,Petrol,Nakuru,Locally Used,1487500
Honda,Fit,2018,82825,1500 cc,Manual,Petrol,Kisumu,Locally Used,1312500
BMW,X3,2019,82998,2000 cc,Automatic,Diesel,Nairobi,Foreign Used,3780000
Audi,A4,2020,83171,2000 cc,Automatic,Diesel,Mombasa,Foreign Used,3607500
Toyota,Premio,2021,83344,1800 cc,Automatic,Petrol,Nairobi,Foreign Used,1995000
Subaru,Outback,2022,83517,2500 cc,Automatic,Petrol,Nairobi,Locally Used,2340000
Mazda,CX-5,2008,83690,2200 cc,Automatic,Diesel,Mombasa,Foreign Used,2850000
Mercedes-Benz,C200,2009,83863,2000 cc,Automatic,Petrol,Nairobi,Foreign Used,3587499
Nissan,X-Trail,2010,84036,2000 cc,Automatic,Petrol,Nakuru,Locally Used,1837500
Honda,Fit,2011,84209,1500 cc,Manual,Petrol,Kisumu,Locally Used,1612500
BMW,X3,2012,84382,2000 cc,Automatic,Diesel,Nairobi,Foreign Used,4620000
Audi,A4,2013,84555,2000 cc,Automatic,Diesel,Mombasa,Foreign Used,4387500
Toyota,Premio,2014,84728,1800 cc,Automatic,Petrol,Nairobi,Foreign Used,2415000
Subaru,Outback,2015,84901,2500 cc,Automatic,Petrol,Nairobi,Locally Used,2820000
Mazda,CX-5,2016,85074,2200 cc,Automatic,Diesel,Mombasa,Foreign Used,3420000
Mercedes-Benz,C200,2017,85247,2000 cc,Automatic,Petrol,Nairobi,Foreign Used,4287500
Nissan,X-Trail,2018,85420,2000 cc,Automatic,Petrol,Nakuru,Locally Used,1312500
Honda,Fit,2019,85593,1500 cc,Manual,Petrol,Kisumu,Locally Used,1162500
BMW,X3,2020,85766,2000 cc,Automatic,Diesel,Nairobi,Foreign Used,3360000
Audi,A4,2021,85939,2000 cc,Automatic,Diesel,Mombasa,Foreign Used,3217500
Toyota,Premio,2022,86112,1800 cc,Automatic,Petrol,Nairobi,Foreign Used,1785000
Subaru,Outback,2008,86285,2500 cc,Automatic,Petrol,Nairobi,Locally Used,2100000
Mazda,CX-5,2009,86458,2200 cc,Automatic,Diesel,Mombasa,Foreign Used,2565000
Mercedes-Benz,C200,2010,86631,2000 cc,Automatic,Petrol,Nairobi,Foreign Used,3237500
Nissan,X-Trail,2011,86804,2000 cc,Automatic,Petrol,Nakuru,Locally Used,1662500
Honda,Fit,2012,86977,1500 cc,Manual,Petrol,Kisumu,Locally Used,1462500
BMW,X3,2013,87150,2000 cc,Automatic,Diesel,Nairobi,Foreign Used,4200000
Audi,A4,2014,87323,2000 cc,Automatic,Diesel,Mombasa,Foreign Used,3997499
Toyota,Premio,2015,87496,1800 cc,Automatic,Petrol,Nairobi,Foreign Used,2205000
Subaru,Outback,2016,87669,2500 cc,Automatic,Petrol,Nairobi,Locally Used,2580000
Mazda,CX-5,2017,87842,2200 cc,Automatic,Diesel,Mombasa,Foreign Used,3135000
Mercedes-Benz,C200,2018,88015,2000 cc,Automatic,Petrol,Nairobi,Foreign Used,3937500
Nissan,X-Trail,2019,88188,2000 cc,Automatic,Petrol,Nakuru,Locally Used,2012499
Honda,Fit,2020,88361,1500 cc,Manual,Petrol,Kisumu,Locally Used,1762500
BMW,X3,2021,88534,2000 cc,Automatic,Diesel,Nairobi,Foreign Used,5040000
Audi,A4,2022,88707,2000 cc,Automatic,Diesel,Mombasa,Foreign Used,4777500
Toyota,Premio,2008,88880,1800 cc,Automatic,Petrol,Nairobi,Foreign Used,1575000
Subaru,Outback,2009,89053,2500 cc,Automatic,Petrol,Nairobi,Locally Used,1860000
Mazda,CX-5,2010,89226,2200 cc,Automatic,Diesel,Mombasa,Foreign Used,2280000
Mercedes-Benz,C200,2011,89399,2000 cc,Automatic,Petrol,Nairobi,Foreign Used,2887500
Nissan,X-Trail,2012,89572,2000 cc,Automatic,Petrol,Nakuru,Locally Used,1487500
Honda,Fit,2013,89745,1500 cc,Manual,Petrol,Kisumu,Locally Used,1312500
BMW,X3,2014,89918,2000 cc,Automatic,Diesel,Nairobi,Foreign Used,3780000
Audi,A4,2015,90091,2000 cc,Automatic,Diesel,Mombasa,Foreign Used,3607500
Toyota,Premio,2016,90264,1800 cc,Automatic,Petrol,Nairobi,Foreign Used,1995000
Subaru,Outback,2017,90437,2500 cc,Automatic,Petrol,Nairobi,Locally Used,2340000
Mazda,CX-5,2018,90610,2200 cc,Automatic,Diesel,Mombasa,Foreign Used,2850000
Mercedes-Benz,C200,2019,90783,2000 cc,Automatic,Petrol,Nairobi,Foreign Used,3587499
Nissan,X-Trail,2020,90956,2000 cc,Automatic,Petrol,Nakuru,Locally Used,1837500
Honda,Fit,2021,91129,1500 cc,Manual,Petrol,Kisumu,Locally Used,1612500
BMW,X3,2022,91302,2000 cc,Automatic,Diesel,Nairobi,Foreign Used,4620000
Audi,A4,2008,91475,2000 cc,Automatic,Diesel,Mombasa,Foreign Used,4387500
Toyota,Premio,2009,91648,1800 cc,Automatic,Petrol,Nairobi,Foreign Used,2415000
Subaru,Outback,2010,91821,2500 cc,Automatic,Petrol,Nairobi,Locally Used,2820000
Mazda,CX-5,2011,91994,2200 cc,Automatic,Diesel,Mombasa,Foreign Used,3420000
Mercedes-Benz,C200,2012,92167,2000 cc,Automatic,Petrol,Nairobi,Foreign Used,4287500
Nissan,X-Trail,2013,92340,2000 cc,Automatic,Petrol,Nakuru,Locally Used,1312500
Honda,Fit,2014,92513,1500 cc,Manual,Petrol,Kisumu,Locally Used,1162500
BMW,X3,2015,92686,2000 cc,Automatic,Diesel,Nairobi,Foreign Used,3360000
Audi,A4,2016,92859,2000 cc,Automatic,Diesel,Mombasa,Foreign Used,3217500
Toyota,Premio,2017,93032,1800 cc,Automatic,Petrol,Nairobi,Foreign Used,1785000
Subaru,Outback,2018,93205,2500 cc,Automatic,Petrol,Nairobi,Locally Used,2100000
Mazda,CX-5,2019,93378,2200 cc,Automatic,Diesel,Mombasa,Foreign Used,2565000
Mercedes-Benz,C200,2020,93551,2000 cc,Automatic,Petrol,Nairobi,Foreign Used,3237500
Nissan,X-Trail,2021,93724,2000 cc,Automatic,Petrol,Nakuru,Locally Used,1662500
Honda,Fit,2022,93897,1500 cc,Manual,Petrol,Kisumu,Locally Used,1462500
BMW,X3,2008,94070,2000 cc,Automatic,Diesel,Nairobi,Foreign Used,4200000
Audi,A4,2009,94243,2000 cc,Automatic,Diesel,Mombasa,Foreign Used,3997499
Toyota,Premio,2010,94416,1800 cc,Automatic,Petrol,Nairobi,Foreign Used,2205000
Subaru,Outback,2011,94589,2500 cc,Automatic,Petrol,Nairobi,Locally Used,2580000
Mazda,CX-5,2012,94762,2200 cc,Automatic,Diesel,Mombasa,Foreign Used,3135000
Mercedes-Benz,C200,2013,94935,2000 cc,Automatic,Petrol,Nairobi,Foreign Used,3937500
Nissan,X-Trail,2014,95108,2000 cc,Automatic,Petrol,Nakuru,Locally Used,2012499
Honda,Fit,2015,95281,1500 cc,Manual,Petrol,Kisumu,Locally Used,1762500
BMW,X3,2016,95454,2000 cc,Automatic,Diesel,Nairobi,Foreign Used,5040000
Audi,A4,2017,95627,2000 cc,Automatic,Diesel,Mombasa,Foreign Used,4777500
Toyota,Premio,2018,95800,1800 cc,Automatic,Petrol,Nairobi,Foreign Used,1575000
Subaru,Outback,2019,95973,2500 cc,Automatic,Petrol,Nairobi,Locally Used,1860000
Mazda,CX-5,2020,96146,2200 cc,Automatic,Diesel,Mombasa,Foreign Used,2280000
Mercedes-Benz,C200,2021,96319,2000 cc,Automatic,Petrol,Nairobi,Foreign Used,2887500
Nissan,X-Trail,2022,96492,2000 cc,Automatic,Petrol,Nakuru,Locally Used,1487500
Honda,Fit,2008,96665,1500 cc,Manual,Petrol,Kisumu,Locally Used,1312500
BMW,X3,2009,96838,2000 cc,Automatic,Diesel,Nairobi,Foreign Used,3780000
Audi,A4,2010,97011,2000 cc,Automatic,Diesel,Mombasa,Foreign Used,3607500
Toyota,Premio,2011,97184,1800 cc,Automatic,Petrol,Nairobi,Foreign Used,1995000
Subaru,Outback,2012,97357,2500 cc,Automatic,Petrol,Nairobi,Locally Used,2340000
Mazda,CX-5,2013,97530,2200 cc,Automatic,Diesel,Mombasa,Foreign Used,2850000
Mercedes-Benz,C200,2014,97703,2000 cc,Automatic,Petrol,Nairobi,Foreign Used,3587499
Nissan,X-Trail,2015,97876,2000 cc,Automatic,Petrol,Nakuru,Locally Used,1837500
Honda,Fit,2016,98049,1500 cc,Manual,Petrol,Kisumu,Locally Used,1612500
BMW,X3,2017,98222,2000 cc,Automatic,Diesel,Nairobi,Foreign Used,4620000
Audi,A4,2018,98395,2000 cc,Automatic,Diesel,Mombasa,Foreign Used,4387500
Toyota,Premio,2019,98568,1800 cc,Automatic,Petrol,Nairobi,Foreign Used,2415000
Subaru,Outback,2020,98741,2500 cc,Automatic,Petrol,Nairobi,Locally Used,2820000
Mazda,CX-5,2021,98914,2200 cc,Automatic,Diesel,Mombasa,Foreign Used,3420000
Mercedes-Benz,C200,2022,99087,2000 cc,Automatic,Petrol,Nairobi,Foreign Used,4287500
Nissan,X-Trail,2008,99260,2000 cc,Automatic,Petrol,Nakuru,Locally Used,1312500
Honda,Fit,2009,99433,1500 cc,Manual,Petrol,Kisumu,Locally Used,1162500
BMW,X3,2010,99606,2000 cc,Automatic,Diesel,Nairobi,Foreign Used,3360000
Audi,A4,2011,99779,2000 cc,Automatic,Diesel,Mombasa,Foreign Used,3217500
Toyota,Premio,2012,99952,1800 cc,Automatic,Petrol,Nairobi,Foreign Used,1785000
Subaru,Outback,2013,100125,2500 cc,Automatic,Petrol,Nairobi,Locally Used,2100000
Mazda,CX-5,2014,100298,2200 cc,Automatic,Diesel,Mombasa,Foreign Used,2565000
Mercedes-Benz,C200,2015,100471,2000 cc,Automatic,Petrol,Nairobi,Foreign Used,3237500
Nissan,X-Trail,2016,100644,2000 cc,Automatic,Petrol,Nakuru,Locally Used,1662500
Honda,Fit,2017,100817,1500 cc,Manual,Petrol,Kisumu,Locally Used,1462500
BMW,X3,2018,100990,2000 cc,Automatic,Diesel,Nairobi,Foreign Used,4200000
Audi,A4,2019,101163,2000 cc,Automatic,Diesel,Mombasa,Foreign Used,3997499
Toyota,Premio,2020,101336,1800 cc,Automatic,Petrol,Nairobi,Foreign Used,2205000
Subaru,Outback,2021,101509,2500 cc,Automatic,Petrol,Nairobi,Locally Used,2580000
Mazda,CX-5,2022,101682,2200 cc,Automatic,Diesel,Mombasa,Foreign Used,3135000
Mercedes-Benz,C200,2008,101855,2000 cc,Automatic,Petrol,Nairobi,Foreign Used,3937500
Nissan,X-Trail,2009,102028,2000 cc,Automatic,Petrol,Nakuru,Locally Used,2012499
Honda,Fit,2010,102201,1500 cc,Manual,Petrol,Kisumu,Locally Used,1762500
BMW,X3,2011,102374,2000 cc,Automatic,Diesel,Nairobi,Foreign Used,5040000
Audi,A4,2012,102547,2000 cc,Automatic,Diesel,Mombasa,Foreign Used,4777500
Toyota,Premio,2013,102720,1800 cc,Automatic,Petrol,Nairobi,Foreign Used,1575000
Subaru,Outback,2014,102893,2500 cc,Automatic,Petrol,Nairobi,Locally Used,1860000
Mazda,CX-5,2015,103066,2200 cc,Automatic,Diesel,Mombasa,Foreign Used,2280000
Mercedes-Benz,C200,2016,103239,2000 cc,Automatic,Petrol,Nairobi,Foreign Used,2887500
Nissan,X-Trail,2017,103412,2000 cc,Automatic,Petrol,Nakuru,Locally Used,1487500
Honda,Fit,2018,103585,1500 cc,Manual,Petrol,Kisumu,Locally Used,1312500
BMW,X3,2019,103758,2000 cc,Automatic,Diesel,Nairobi,Foreign Used,3780000
Audi,A4,2020,103931,2000 cc,Automatic,Diesel,Mombasa,Foreign Used,3607500
Toyota,Premio,2021,104104,1800 cc,Automatic,Petrol,Nairobi,Foreign Used,1995000
Subaru,Outback,2022,104277,2500 cc,Automatic,Petrol,Nairobi,Locally Used,2340000
Mazda,CX-5,2008,104450,2200 cc,Automatic,Diesel,Mombasa,Foreign Used,2850000
Mercedes-Benz,C200,2009,104623,2000 cc,Automatic,Petrol,Nairobi,Foreign Used,3587499
Nissan,X-Trail,2010,104796,2000 cc,Automatic,Petrol,Nakuru,Locally Used,1837500
Honda,Fit,2011,104969,1500 cc,Manual,Petrol,Kisumu,Locally Used,1612500
BMW,X3,2012,105142,2000 cc,Automatic,Diesel,Nairobi,Foreign Used,4620000
Audi,A4,2013,105315,2000 cc,Automatic,Diesel,Mombasa,Foreign Used,4387500
Toyota,Premio,2014,105488,1800 cc,Automatic,Petrol,Nairobi,Foreign Used,2415000
Subaru,Outback,2015,105661,2500 cc,Automatic,Petrol,Nairobi,Locally Used,2820000
Mazda,CX-5,2016,105834,2200 cc,Automatic,Diesel,Mombasa,Foreign Used,3420000
Mercedes-Benz,C200,2017,106007,2000 cc,Automatic,Petrol,Nairobi,Foreign Used,4287500
Nissan,X-Trail,2018,106180,2000 cc,Automatic,Petrol,Nakuru,Locally Used,1312500
Honda,Fit,2019,106353,1500 cc,Manual,Petrol,Kisumu,Locally Used,1162500
BMW,X3,2020,106526,2000 cc,Automatic,Diesel,Nairobi,Foreign Used,3360000
Audi,A4,2021,106699,2000 cc,Automatic,Diesel,Mombasa,Foreign Used,3217500
Toyota,Premio,2022,106872,1800 cc,Automatic,Petrol,Nairobi,Foreign Used,1785000
Subaru,Outback,2008,107045,2500 cc,Automatic,Petrol,Nairobi,Locally Used,2100000
Mazda,CX-5,2009,107218,2200 cc,Automatic,Diesel,Mombasa,Foreign Used,2565000
Mercedes-Benz,C200,2010,107391,2000 cc,Automatic,Petrol,Nairobi,Foreign Used,3237500
Nissan,X-Trail,2011,107564,2000 cc,Automatic,Petrol,Nakuru,Locally Used,1662500
Honda,Fit,2012,107737,1500 cc,Manual,Petrol,Kisumu,Locally Used,1462500
BMW,X3,2013,107910,2000 cc,Automatic,Diesel,Nairobi,Foreign Used,4200000
Audi,A4,2014,108083,2000 cc,Automatic,Diesel,Mombasa,Foreign Used,3997499
Toyota,Premio,2015,108256,1800 cc,Automatic,Petrol,Nairobi,Foreign Used,2205000
Subaru,Outback,2016,108429,2500 cc,Automatic,Petrol,Nairobi,Locally Used,2580000
Mazda,CX-5,2017,108602,2200 cc,Automatic,Diesel,Mombasa,Foreign Used,3135000
Mercedes-Benz,C200,2018,108775,2000 cc,Automatic,Petrol,Nairobi,Foreign Used,3937500
Nissan,X-Trail,2019,108948,2000 cc,Automatic,Petrol,Nakuru,Locally Used,2012499
Honda,Fit,2020,109121,1500 cc,Manual,Petrol,Kisumu,Locally Used,1762500
BMW,X3,2021,109294,2000 cc,Automatic,Diesel,Nairobi,Foreign Used,5040000
Audi,A4,2022,109467,2000 cc,Automatic,Diesel,Mombasa,Foreign Used,4777500
Toyota,Premio,2008,109640,1800 cc,Automatic,Petrol,Nairobi,Foreign Used,1575000
Subaru,Outback,2009,109813,2500 cc,Automatic,Petrol,Nairobi,Locally Used,1860000
Mazda,CX-5,2010,109986,2200 cc,Automatic,Diesel,Mombasa,Foreign Used,2280000
Mercedes-Benz,C200,2011,110159,2000 cc,Automatic,Petrol,Nairobi,Foreign Used,2887500
Nissan,X-Trail,2012,110332,2000 cc,Automatic,Petrol,Nakuru,Locally Used,1487500
Honda,Fit,2013,110505,1500 cc,Manual,Petrol,Kisumu,Locally Used,1312500
BMW,X3,2014,110678,2000 cc,Automatic,Diesel,Nairobi,Foreign Used,3780000
Audi,A4,2015,110851,2000 cc,Automatic,Diesel,Mombasa,Foreign Used,3607500
Toyota,Premio,2016,111024,1800 cc,Automatic,Petrol,Nairobi,Foreign Used,1995000
Subaru,Outback,2017,111197,2500 cc,Automatic,Petrol,Nairobi,Locally Used,2340000
Mazda,CX-5,2018,111370,2200 cc,Automatic,Diesel,Mombasa,Foreign Used,2850000
Mercedes-Benz,C200,2019,111543,2000 cc,Automatic,Petrol,Nairobi,Foreign Used,3587499
Nissan,X-Trail,2020,111716,2000 cc,Automatic,Petrol,Nakuru,Locally Used,1837500
Honda,Fit,2021,111889,1500 cc,Manual,Petrol,Kisumu,Locally Used,1612500
BMW,X3,2022,112062,2000 cc,Automatic,Diesel,Nairobi,Foreign Used,4620000
Audi,A4,2008,112235,2000 cc,Automatic,Diesel,Mombasa,Foreign Used,4387500
Toyota,Premio,2009,112408,1800 cc,Automatic,Petrol,Nairobi,Foreign Used,2415000
Subaru,Outback,2010,112581,2500 cc,Automatic,Petrol,Nairobi,Locally Used,2820000
Mazda,CX-5,2011,112754,2200 cc,Automatic,Diesel,Mombasa,Foreign Used,3420000
Mercedes-Benz,C200,2012,112927,2000 cc,Automatic,Petrol,Nairobi,Foreign Used,4287500
Nissan,X-Trail,2013,113100,2000 cc,Automatic,Petrol,Nakuru,Locally Used,1312500
Honda,Fit,2014,113273,1500 cc,Manual,Petrol,Kisumu,Locally Used,1162500
BMW,X3,2015,113446,2000 cc,Automatic,Diesel,Nairobi,Foreign Used,3360000
Audi,A4,2016,113619,2000 cc,Automatic,Diesel,Mombasa,Foreign Used,3217500
Toyota,Premio,2017,113792,1800 cc,Automatic,Petrol,Nairobi,Foreign Used,1785000
Subaru,Outback,2018,113965,2500 cc,Automatic,Petrol,Nairobi,Locally Used,2100000
Mazda,CX-5,2019,114138,2200 cc,Automatic,Diesel,Mombasa,Foreign Used,2565000
Mercedes-Benz,C200,2020,114311,2000 cc,Automatic,Petrol,Nairobi,Foreign Used,3237500
Nissan,X-Trail,2021,114484,2000 cc,Automatic,Petrol,Nakuru,Locally Used,1662500
Honda,Fit,2022,114657,1500 cc,Manual,Petrol,Kisumu,Locally Used,1462500
BMW,X3,2008,114830,2000 cc,Automatic,Diesel,Nairobi,Foreign Used,4200000
Audi,A4,2009,115003,2000 cc,Automatic,Diesel,Mombasa,Foreign Used,3997499
Toyota,Premio,2010,115176,1800 cc,Automatic,Petrol,Nairobi,Foreign Used,2205000
Subaru,Outback,2011,115349,2500 cc,Automatic,Petrol,Nairobi,Locally Used,2580000
Mazda,CX-5,2012,115522,2200 cc,Automatic,Diesel,Mombasa,Foreign Used,3135000
Mercedes-Benz,C200,2013,115695,2000 cc,Automatic,Petrol,Nairobi,Foreign Used,3937500
Nissan,X-Trail,2014,115868,2000 cc,Automatic,Petrol,Nakuru,Locally Used,2012499
Honda,Fit,2015,116041,1500 cc,Manual,Petrol,Kisumu,Locally Used,1762500
BMW,X3,2016,116214,2000 cc,Automatic,Diesel,Nairobi,Foreign Used,5040000
Audi,A4,2017,116387,2000 cc,Automatic,Diesel,Mombasa,Foreign Used,4777500
Toyota,Premio,2018,116560,1800 cc,Automatic,Petrol,Nairobi,Foreign Used,1575000
Subaru,Outback,2019,116733,2500 cc,Automatic,Petrol,Nairobi,Locally Used,1860000
Mazda,CX-5,2020,116906,2200 cc,Automatic,Diesel,Mombasa,Foreign Used,2280000
Mercedes-Benz,C200,2021,117079,2000 cc,Automatic,Petrol,Nairobi,Foreign Used,2887500
Nissan,X-Trail,2022,117252,2000 cc,Automatic,Petrol,Nakuru,Locally Used,1487500
Honda,Fit,2008,117425,1500 cc,Manual,Petrol,Kisumu,Locally Used,1312500
BMW,X3,2009,117598,2000 cc,Automatic,Diesel,Nairobi,Foreign Used,3780000
Audi,A4,2010,117771,2000 cc,Automatic,Diesel,Mombasa,Foreign Used,3607500
Toyota,Premio,2011,117944,1800 cc,Automatic,Petrol,Nairobi,Foreign Used,1995000
Subaru,Outback,2012,118117,2500 cc,Automatic,Petrol,Nairobi,Locally Used,2340000
Mazda,CX-5,2013,118290,2200 cc,Automatic,Diesel,Mombasa,Foreign Used,2850000
Mercedes-Benz,C200,2014,118463,2000 cc,Automatic,Petrol,Nairobi,Foreign Used,3587499
Nissan,X-Trail,2015,118636,2000 cc,Automatic,Petrol,Nakuru,Locally Used,1837500
Honda,Fit,2016,118809,1500 cc,Manual,Petrol,Kisumu,Locally Used,1612500
BMW,X3,2017,118982,2000 cc,Automatic,Diesel,Nairobi,Foreign Used,4620000
Audi,A4,2018,119155,2000 cc,Automatic,Diesel,Mombasa,Foreign Used,4387500
Toyota,Premio,2019,119328,1800 cc,Automatic,Petrol,Nairobi,Foreign Used,2415000
Subaru,Outback,2020,119501,2500 cc,Automatic,Petrol,Nairobi,Locally Used,2820000
Mazda,CX-5,2021,119674,2200 cc,Automatic,Diesel,Mombasa,Foreign Used,3420000
Mercedes-Benz,C200,2022,119847,2000 cc,Automatic,Petrol,Nairobi,Foreign Used,4287500
Nissan,X-Trail,2008,120020,2000 cc,Automatic,Petrol,Nakuru,Locally Used,1312500
Honda,Fit,2009,120193,1500 cc,Manual,Petrol,Kisumu,Locally Used,1162500
BMW,X3,2010,120366,2000 cc,Automatic,Diesel,Nairobi,Foreign Used,3360000
Audi,A4,2011,120539,2000 cc,Automatic,Diesel,Mombasa,Foreign Used,3217500
Toyota,Premio,2012,120712,1800 cc,Automatic,Petrol,Nairobi,Foreign Used,1785000
Subaru,Outback,2013,120885,2500 cc,Automatic,Petrol,Nairobi,Locally Used,2100000
Mazda,CX-5,2014,121058,2200 cc,Automatic,Diesel,Mombasa,Foreign Used,2565000
Mercedes-Benz,C200,2015,121231,2000 cc,Automatic,Petrol,Nairobi,Foreign Used,3237500
Nissan,X-Trail,2016,121404,2000 cc,Automatic,Petrol,Nakuru,Locally Used,1662500
Honda,Fit,2017,121577,1500 cc,Manual,Petrol,Kisumu,Locally Used,1462500
BMW,X3,2018,121750,2000 cc,Automatic,Diesel,Nairobi,Foreign Used,4200000
Audi,A4,2019,121923,2000 cc,Automatic,Diesel,Mombasa,Foreign Used,3997499
Toyota,Premio,2020,122096,1800 cc,Automatic,Petrol,Nairobi,Foreign Used,2205000
Subaru,Outback,2021,122269,2500 cc,Automatic,Petrol,Nairobi,Locally Used,2580000
Mazda,CX-5,2022,122442,2200 cc,Automatic,Diesel,Mombasa,Foreign Used,3135000
Mercedes-Benz,C200,2008,122615,2000 cc,Automatic,Petrol,Nairobi,Foreign Used,3937500
Nissan,X-Trail,2009,122788,2000 cc,Automatic,Petrol,Nakuru,Locally Used,2012499
Honda,Fit,2010,122961,1500 cc,Manual,Petrol,Kisumu,Locally Used,1762500
BMW,X3,2011,123134,2000 cc,Automatic,Diesel,Nairobi,Foreign Used,5040000
Audi,A4,2012,123307,2000 cc,Automatic,Diesel,Mombasa,Foreign Used,4777500
Toyota,Premio,2013,123480,1800 cc,Automatic,Petrol,Nairobi,Foreign Used,1575000
Subaru,Outback,2014,123653,2500 cc,Automatic,Petrol,Nairobi,Locally Used,1860000
Mazda,CX-5,2015,123826,2200 cc,Automatic,Diesel,Mombasa,Foreign Used,2280000
Mercedes-Benz,C200,2016,123999,2000 cc,Automatic,Petrol,Nairobi,Foreign Used,2887500
Nissan,X-Trail,2017,124172,2000 cc,Automatic,Petrol,Nakuru,Locally Used,1487500
Honda,Fit,2018,124345,1500 cc,Manual,Petrol,Kisumu,Locally Used,1312500
BMW,X3,2019,124518,2000 cc,Automatic,Diesel,Nairobi,Foreign Used,3780000
Audi,A4,2020,124691,2000 cc,Automatic,Diesel,Mombasa,Foreign Used,3607500
Toyota,Premio,2021,124864,1800 cc,Automatic,Petrol,Nairobi,Foreign Used,1995000
Subaru,Outback,2022,125037,2500 cc,Automatic,Petrol,Nairobi,Locally Used,2340000
Mazda,CX-5,2008,125210,2200 cc,Automatic,Diesel,Mombasa,Foreign Used,2850000
Mercedes-Benz,C200,2009,125383,2000 cc,Automatic,Petrol,Nairobi,Foreign Used,3587499
Nissan,X-Trail,2010,125556,2000 cc,Automatic,Petrol,Nakuru,Locally Used,1837500
Honda,Fit,2011,125729,1500 cc,Manual,Petrol,Kisumu,Locally Used,1612500
BMW,X3,2012,125902,2000 cc,Automatic,Diesel,Nairobi,Foreign Used,4620000
Audi,A4,2013,126075,2000 cc,Automatic,Diesel,Mombasa,Foreign Used,4387500
Toyota,Premio,2014,126248,1800 cc,Automatic,Petrol,Nairobi,Foreign Used,2415000
Subaru,Outback,2015,126421,2500 cc,Automatic,Petrol,Nairobi,Locally Used,2820000
Mazda,CX-5,2016,126594,2200 cc,Automatic,Diesel,Mombasa,Foreign Used,3420000
Mercedes-Benz,C200,2017,126767,2000 cc,Automatic,Petrol,Nairobi,Foreign Used,4287500
Nissan,X-Trail,2018,126940,2000 cc,Automatic,Petrol,Nakuru,Locally Used,1312500
Honda,Fit,2019,127113,1500 cc,Manual,Petrol,Kisumu,Locally Used,1162500
BMW,X3,2020,127286,2000 cc,Automatic,Diesel,Nairobi,Foreign Used,3360000
Audi,A4,2021,127459,2000 cc,Automatic,Diesel,Mombasa,Foreign Used,3217500
Toyota,Premio,2022,127632,1800 cc,Automatic,Petrol,Nairobi,Foreign Used,1785000
Subaru,Outback,2008,127805,2500 cc,Automatic,Petrol,Nairobi,Locally Used,2100000
Mazda,CX-5,2009,127978,2200 cc,Automatic,Diesel,Mombasa,Foreign Used,2565000
Mercedes-Benz,C200,2010,128151,2000 cc,Automatic,Petrol,Nairobi,Foreign Used,3237500
Nissan,X-Trail,2011,128324,2000 cc,Automatic,Petrol,Nakuru,Locally Used,1662500
Honda,Fit,2012,128497,1500 cc,Manual,Petrol,Kisumu,Locally Used,1462500
BMW,X3,2013,128670,2000 cc,Automatic,Diesel,Nairobi,Foreign Used,4200000
Audi,A4,2014,128843,2000 cc,Automatic,Diesel,Mombasa,Foreign Used,3997499
Toyota,Premio,2015,129016,1800 cc,Automatic,Petrol,Nairobi,Foreign Used,2205000
Subaru,Outback,2016,129189,2500 cc,Automatic,Petrol,Nairobi,Locally Used,2580000
Mazda,CX-5,2017,129362,2200 cc,Automatic,Diesel,Mombasa,Foreign Used,3135000
Mercedes-Benz,C200,2018,129535,2000 cc,Automatic,Petrol,Nairobi,Foreign Used,3937500
Nissan,X-Trail,2019,129708,2000 cc,Automatic,Petrol,Nakuru,Locally Used,2012499
Honda,Fit,2020,129881,1500 cc,Manual,Petrol,Kisumu,Locally Used,1762500
BMW,X3,2021,130054,2000 cc,Automatic,Diesel,Nairobi,Foreign Used,5040000
Audi,A4,2022,130227,2000 cc,Automatic,Diesel,Mombasa,Foreign Used,4777500
Toyota,Premio,2008,130400,1800 cc,Automatic,Petrol,Nairobi,Foreign Used,1575000
Subaru,Outback,2009,130573,2500 cc,Automatic,Petrol,Nairobi,Locally Used,1860000
Mazda,CX-5,2010,130746,2200 cc,Automatic,Diesel,Mombasa,Foreign Used,2280000
Mercedes-Benz,C200,2011,130919,2000 cc,Automatic,Petrol,Nairobi,Foreign Used,2887500
Nissan,X-Trail,2012,131092,2000 cc,Automatic,Petrol,Nakuru,Locally Used,1487500
Honda,Fit,2013,131265,1500 cc,Manual,Petrol,Kisumu,Locally Used,1312500
BMW,X3,2014,131438,2000 cc,Automatic,Diesel,Nairobi,Foreign Used,3780000
Audi,A4,2015,131611,2000 cc,Automatic,Diesel,Mombasa,Foreign Used,3607500
Toyota,Premio,2016,131784,1800 cc,Automatic,Petrol,Nairobi,Foreign Used,1995000
Subaru,Outback,2017,131957,2500 cc,Automatic,Petrol,Nairobi,Locally Used,2340000
Mazda,CX-5,2018,132130,2200 cc,Automatic,Diesel,Mombasa,Foreign Used,2850000
Mercedes-Benz,C200,2019,132303,2000 cc,Automatic,Petrol,Nairobi,Foreign Used,3587499
Nissan,X-Trail,2020,132476,2000 cc,Automatic,Petrol,Nakuru,Locally Used,1837500
Honda,Fit,2021,132649,1500 cc,Manual,Petrol,Kisumu,Locally Used,1612500
BMW,X3,2022,132822,2000 cc,Automatic,Diesel,Nairobi,Foreign Used,4620000
Audi,A4,2008,132995,2000 cc,Automatic,Diesel,Mombasa,Foreign Used,4387500
Toyota,Premio,2009,133168,1800 cc,Automatic,Petrol,Nairobi,Foreign Used,2415000
Subaru,Outback,2010,133341,2500 cc,Automatic,Petrol,Nairobi,Locally Used,2820000
Mazda,CX-5,2011,133514,2200 cc,Automatic,Diesel,Mombasa,Foreign Used,3420000
Mercedes-Benz,C200,2012,133687,2000 cc,Automatic,Petrol,Nairobi,Foreign Used,4287500
Nissan,X-Trail,2013,133860,2000 cc,Automatic,Petrol,Nakuru,Locally Used,1312500
Honda,Fit,2014,134033,1500 cc,Manual,Petrol,Kisumu,Locally Used,1162500
BMW,X3,2015,134206,2000 cc,Automatic,Diesel,Nairobi,Foreign Used,3360000
Audi,A4,2016,134379,2000 cc,Automatic,Diesel,Mombasa,Foreign Used,3217500
Toyota,Premio,2017,134552,1800 cc,Automatic,Petrol,Nairobi,Foreign Used,1785000
Subaru,Outback,2018,134725,2500 cc,Automatic,Petrol,Nairobi,Locally Used,2100000
Mazda,CX-5,2019,134898,2200 cc,Automatic,Diesel,Mombasa,Foreign Used,2565000
Mercedes-Benz,C200,2020,135071,2000 cc,Automatic,Petrol,Nairobi,Foreign Used,3237500
Nissan,X-Trail,2021,135244,2000 cc,Automatic,Petrol,Nakuru,Locally Used,1662500
Honda,Fit,2022,135417,1500 cc,Manual,Petrol,Kisumu,Locally Used,1462500
BMW,X3,2008,135590,2000 cc,Automatic,Diesel,Nairobi,Foreign Used,4200000
Audi,A4,2009,135763,2000 cc,Automatic,Diesel,Mombasa,Foreign Used,3997499
Toyota,Premio,2010,135936,1800 cc,Automatic,Petrol,Nairobi,Foreign Used,2205000
Subaru,Outback,2011,136109,2500 cc,Automatic,Petrol,Nairobi,Locally Used,2580000
Mazda,CX-5,2012,136282,2200 cc,Automatic,Diesel,Mombasa,Foreign Used,3135000
Mercedes-Benz,C200,2013,136455,2000 cc,Automatic,Petrol,Nairobi,Foreign Used,3937500
Nissan,X-Trail,2014,136628,2000 cc,Automatic,Petrol,Nakuru,Locally Used,2012499
Honda,Fit,2015,136801,1500 cc,Manual,Petrol,Kisumu,Locally Used,1762500
BMW,X3,2016,136974,2000 cc,Automatic,Diesel,Nairobi,Foreign Used,5040000
Audi,A4,2017,137147,2000 cc,Automatic,Diesel,Mombasa,Foreign Used,4777500
Toyota,Premio,2018,137320,1800 cc,Automatic,Petrol,Nairobi,Foreign Used,1575000
Subaru,Outback,2019,137493,2500 cc,Automatic,Petrol,Nairobi,Locally Used,1860000
Mazda,CX-5,2020,137666,2200 cc,Automatic,Diesel,Mombasa,Foreign Used,2280000
Mercedes-Benz,C200,2021,137839,2000 cc,Automatic,Petrol,Nairobi,Foreign Used,2887500
Nissan,X-Trail,2022,138012,2000 cc,Automatic,Petrol,Nakuru,Locally Used,1487500
Honda,Fit,2008,138185,1500 cc,Manual,Petrol,Kisumu,Locally Used,1312500
BMW,X3,2009,138358,2000 cc,Automatic,Diesel,Nairobi,Foreign Used,3780000
Audi,A4,2010,138531,2000 cc,Automatic,Diesel,Mombasa,Foreign Used,3607500
Toyota,Premio,2011,138704,1800 cc,Automatic,Petrol,Nairobi,Foreign Used,1995000
Subaru,Outback,2012,138877,2500 cc,Automatic,Petrol,Nairobi,Locally Used,2340000
Mazda,CX-5,2013,139050,2200 cc,Automatic,Diesel,Mombasa,Foreign Used,2850000
Mercedes-Benz,C200,2014,139223,2000 cc,Automatic,Petrol,Nairobi,Foreign Used,3587499
Nissan,X-Trail,2015,139396,2000 cc,Automatic,Petrol,Nakuru,Locally Used,1837500
Honda,Fit,2016,139569,1500 cc,Manual,Petrol,Kisumu,Locally Used,1612500
BMW,X3,2017,139742,2000 cc,Automatic,Diesel,Nairobi,Foreign Used,4620000
Audi,A4,2018,139915,2000 cc,Automatic,Diesel,Mombasa,Foreign Used,4387500
Toyota,Premio,2019,140088,1800 cc,Automatic,Petrol,Nairobi,Foreign Used,2415000
Subaru,Outback,2020,140261,2500 cc,Automatic,Petrol,Nairobi,Locally Used,2820000
Mazda,CX-5,2021,140434,2200 cc,Automatic,Diesel,Mombasa,Foreign Used,3420000
Mercedes-Benz,C200,2022,140607,2000 cc,Automatic,Petrol,Nairobi,Foreign Used,4287500
Nissan,X-Trail,2008,140780,2000 cc,Automatic,Petrol,Nakuru,Locally Used,1312500
Honda,Fit,2009,140953,1500 cc,Manual,Petrol,Kisumu,Locally Used,1162500
BMW,X3,2010,141126,2000 cc,Automatic,Diesel,Nairobi,Foreign Used,3360000
Audi,A4,2011,141299,2000 cc,Automatic,Diesel,Mombasa,Foreign Used,3217500
Toyota,Premio,2012,141472,1800 cc,Automatic,Petrol,Nairobi,Foreign Used,1785000
Subaru,Outback,2013,141645,2500 cc,Automatic,Petrol,Nairobi,Locally Used,2100000
Mazda,CX-5,2014,141818,2200 cc,Automatic,Diesel,Mombasa,Foreign Used,2565000
Mercedes-Benz,C200,2015,141991,2000 cc,Automatic,Petrol,Nairobi,Foreign Used,3237500
Nissan,X-Trail,2016,142164,2000 cc,Automatic,Petrol,Nakuru,Locally Used,1662500
Honda,Fit,2017,142337,1500 cc,Manual,Petrol,Kisumu,Locally Used,1462500
BMW,X3,2018,142510,2000 cc,Automatic,Diesel,Nairobi,Foreign Used,4200000
Audi,A4,2019,142683,2000 cc,Automatic,Diesel,Mombasa,Foreign Used,3997499
Toyota,Premio,2020,142856,1800 cc,Automatic,Petrol,Nairobi,Foreign Used,2205000
Subaru,Outback,2021,143029,2500 cc,Automatic,Petrol,Nairobi,Locally Used,2580000
Mazda,CX-5,2022,143202,2200 cc,Automatic,Diesel,Mombasa,Foreign Used,3135000
Mercedes-Benz,C200,2008,143375,2000 cc,Automatic,Petrol,Nairobi,Foreign Used,3937500
Nissan,X-Trail,2009,143548,2000 cc,Automatic,Petrol,Nakuru,Locally Used,2012499
Honda,Fit,2010,143721,1500 cc,Manual,Petrol,Kisumu,Locally Used,1762500
BMW,X3,2011,143894,2000 cc,Automatic,Diesel,Nairobi,Foreign Used,5040000
Audi,A4,2012,144067,2000 cc,Automatic,Diesel,Mombasa,Foreign Used,4777500
Toyota,Premio,2013,144240,1800 cc,Automatic,Petrol,Nairobi,Foreign Used,1575000
Subaru,Outback,2014,144413,2500 cc,Automatic,Petrol,Nairobi,Locally Used,1860000
Mazda,CX-5,2015,144586,2200 cc,Automatic,Diesel,Mombasa,Foreign Used,2280000
Mercedes-Benz,C200,2016,144759,2000 cc,Automatic,Petrol,Nairobi,Foreign Used,2887500
Nissan,X-Trail,2017,144932,2000 cc,Automatic,Petrol,Nakuru,Locally Used,1487500
Honda,Fit,2018,145105,1500 cc,Manual,Petrol,Kisumu,Locally Used,1312500
BMW,X3,2019,145278,2000 cc,Automatic,Diesel,Nairobi,Foreign Used,3780000
Audi,A4,2020,145451,2000 cc,Automatic,Diesel,Mombasa,Foreign Used,3607500
Toyota,Premio,2021,145624,1800 cc,Automatic,Petrol,Nairobi,Foreign Used,1995000
Subaru,Outback,2022,145797,2500 cc,Automatic,Petrol,Nairobi,Locally Used,2340000
Mazda,CX-5,2008,145970,2200 cc,Automatic,Diesel,Mombasa,Foreign Used,2850000
Mercedes-Benz,C200,2009,146143,2000 cc,Automatic,Petrol,Nairobi,Foreign Used,3587499
Nissan,X-Trail,2010,146316,2000 cc,Automatic,Petrol,Nakuru,Locally Used,1837500
Honda,Fit,2011,146489,1500 cc,Manual,Petrol,Kisumu,Locally Used,1612500
BMW,X3,2012,146662,2000 cc,Automatic,Diesel,Nairobi,Foreign Used,4620000
Audi,A4,2013,146835,2000 cc,Automatic,Diesel,Mombasa,Foreign Used,4387500
Toyota,Premio,2014,147008,1800 cc,Automatic,Petrol,Nairobi,Foreign Used,2415000
Subaru,Outback,2015,147181,2500 cc,Automatic,Petrol,Nairobi,Locally Used,2820000
Mazda,CX-5,2016,147354,2200 cc,Automatic,Diesel,Mombasa,Foreign Used,3420000
Mercedes-Benz,C200,2017,147527,2000 cc,Automatic,Petrol,Nairobi,Foreign Used,4287500
Nissan,X-Trail,2018,147700,2000 cc,Automatic,Petrol,Nakuru,Locally Used,1312500
Honda,Fit,2019,147873,1500 cc,Manual,Petrol,Kisumu,Locally Used,1162500
BMW,X3,2020,148046,2000 cc,Automatic,Diesel,Nairobi,Foreign Used,3360000
Audi,A4,2021,148219,2000 cc,Automatic,Diesel,Mombasa,Foreign Used,3217500
Toyota,Premio,2022,148392,1800 cc,Automatic,Petrol,Nairobi,Foreign Used,1785000
Subaru,Outback,2008,148565,2500 cc,Automatic,Petrol,Nairobi,Locally Used,2100000
Mazda,CX-5,2009,148738,2200 cc,Automatic,Diesel,Mombasa,Foreign Used,2565000
Mercedes-Benz,C200,2010,148911,2000 cc,Automatic,Petrol,Nairobi,Foreign Used,3237500
Nissan,X-Trail,2011,149084,2000 cc,Automatic,Petrol,Nakuru,Locally Used,1662500
Honda,Fit,2012,149257,1500 cc,Manual,Petrol,Kisumu,Locally Used,1462500
BMW,X3,2013,149430,2000 cc,Automatic,Diesel,Nairobi,Foreign Used,4200000
Audi,A4,2014,149603,2000 cc,Automatic,Diesel,Mombasa,Foreign Used,3997499
Toyota,Premio,2015,149776,1800 cc,Automatic,Petrol,Nairobi,Foreign Used,2205000
Subaru,Outback,2016,149949,2500 cc,Automatic,Petrol,Nairobi,Locally Used,2580000
Mazda,CX-5,2017,150122,2200 cc,Automatic,Diesel,Mombasa,Foreign Used,3135000
Mercedes-Benz,C200,2018,150295,2000 cc,Automatic,Petrol,Nairobi,Foreign Used,3937500
Nissan,X-Trail,2019,150468,2000 cc,Automatic,Petrol,Nakuru,Locally Used,2012499
Honda,Fit,2020,150641,1500 cc,Manual,Petrol,Kisumu,Locally Used,1762500
BMW,X3,2021,150814,2000 cc,Automatic,Diesel,Nairobi,Foreign Used,5040000
Audi,A4,2022,150987,2000 cc,Automatic,Diesel,Mombasa,Foreign Used,4777500
Toyota,Premio,2008,151160,1800 cc,Automatic,Petrol,Nairobi,Foreign Used,1575000
Subaru,Outback,2009,151333,2500 cc,Automatic,Petrol,Nairobi,Locally Used,1860000
Mazda,CX-5,2010,151506,2200 cc,Automatic,Diesel,Mombasa,Foreign Used,2280000
Mercedes-Benz,C200,2011,151679,2000 cc,Automatic,Petrol,Nairobi,Foreign Used,2887500
Nissan,X-Trail,2012,151852,2000 cc,Automatic,Petrol,Nakuru,Locally Used,1487500
Honda,Fit,2013,152025,1500 cc,Manual,Petrol,Kisumu,Locally Used,1312500
BMW,X3,2014,152198,2000 cc,Automatic,Diesel,Nairobi,Foreign Used,3780000
Audi,A4,2015,152371,2000 cc,Automatic,Diesel,Mombasa,Foreign Used,3607500
Toyota,Premio,2016,152544,1800 cc,Automatic,Petrol,Nairobi,Foreign Used,1995000
Subaru,Outback,2017,152717,2500 cc,Automatic,Petrol,Nairobi,Locally Used,2340000
Mazda,CX-5,2018,152890,2200 cc,Automatic,Diesel,Mombasa,Foreign Used,2850000
Mercedes-Benz,C200,2019,153063,2000 cc,Automatic,Petrol,Nairobi,Foreign Used,3587499
Nissan,X-Trail,2020,153236,2000 cc,Automatic,Petrol,Nakuru,Locally Used,1837500
Honda,Fit,2021,153409,1500 cc,Manual,Petrol,Kisumu,Locally Used,1612500
BMW,X3,2022,153582,2000 cc,Automatic,Diesel,Nairobi,Foreign Used,4620000
Audi,A4,2008,153755,2000 cc,Automatic,Diesel,Mombasa,Foreign Used,4387500
Toyota,Premio,2009,153928,1800 cc,Automatic,Petrol,Nairobi,Foreign Used,2415000
Subaru,Outback,2010,154101,2500 cc,Automatic,Petrol,Nairobi,Locally Used,2820000
Mazda,CX-5,2011,154274,2200 cc,Automatic,Diesel,Mombasa,Foreign Used,3420000
Mercedes-Benz,C200,2012,154447,2000 cc,Automatic,Petrol,Nairobi,Foreign Used,4287500
Nissan,X-Trail,2013,154620,2000 cc,Automatic,Petrol,Nakuru,Locally Used,1312500
Honda,Fit,2014,154793,1500 cc,Manual,Petrol,Kisumu,Locally Used,1162500
BMW,X3,2015,154966,2000 cc,Automatic,Diesel,Nairobi,Foreign Used,3360000
Audi,A4,2016,155139,2000 cc,Automatic,Diesel,Mombasa,Foreign Used,3217500
Toyota,Premio,2017,155312,1800 cc,Automatic,Petrol,Nairobi,Foreign Used,1785000
Subaru,Outback,2018,155485,2500 cc,Automatic,Petrol,Nairobi,Locally Used,2100000
Mazda,CX-5,2019,155658,2200 cc,Automatic,Diesel,Mombasa,Foreign Used,2565000
Mercedes-Benz,C200,2020,155831,2000 cc,Automatic,Petrol,Nairobi,Foreign Used,3237500
Nissan,X-Trail,2021,156004,2000 cc,Automatic,Petrol,Nakuru,Locally Used,1662500
Honda,Fit,2022,156177,1500 cc,Manual,Petrol,Kisumu,Locally Used,1462500
BMW,X3,2008,156350,2000 cc,Automatic,Diesel,Nairobi,Foreign Used,4200000
Audi,A4,2009,156523,2000 cc,Automatic,Diesel,Mombasa,Foreign Used,3997499
Toyota,Premio,2010,156696,1800 cc,Automatic,Petrol,Nairobi,Foreign Used,2205000
Subaru,Outback,2011,156869,2500 cc,Automatic,Petrol,Nairobi,Locally Used,2580000
Mazda,CX-5,2012,157042,2200 cc,Automatic,Diesel,Mombasa,Foreign Used,3135000
Mercedes-Benz,C200,2013,157215,2000 cc,Automatic,Petrol,Nairobi,Foreign Used,3937500
Nissan,X-Trail,2014,157388,2000 cc,Automatic,Petrol,Nakuru,Locally Used,2012499
Honda,Fit,2015,157561,1500 cc,Manual,Petrol,Kisumu,Locally Used,1762500
BMW,X3,2016,157734,2000 cc,Automatic,Diesel,Nairobi,Foreign Used,5040000
Audi,A4,2017,157907,2000 cc,Automatic,Diesel,Mombasa,Foreign Used,4777500
Toyota,Premio,2018,158080,1800 cc,Automatic,Petrol,Nairobi,Foreign Used,1575000
Subaru,Outback,2019,158253,2500 cc,Automatic,Petrol,Nairobi,Locally Used,1860000
Mazda,CX-5,2020,158426,2200 cc,Automatic,Diesel,Mombasa,Foreign Used,2280000
Mercedes-Benz,C200,2021,158599,2000 cc,Automatic,Petrol,Nairobi,Foreign Used,2887500
Nissan,X-Trail,2022,158772,2000 cc,Automatic,Petrol,Nakuru,Locally Used,1487500
Honda,Fit,2008,158945,1500 cc,Manual,Petrol,Kisumu,Locally Used,1312500
BMW,X3,2009,159118,2000 cc,Automatic,Diesel,Nairobi,Foreign Used,3780000
Audi,A4,2010,159291,2000 cc,Automatic,Diesel,Mombasa,Foreign Used,3607500
Toyota,Premio,2011,159464,1800 cc,Automatic,Petrol,Nairobi,Foreign Used,1995000
Subaru,Outback,2012,159637,2500 cc,Automatic,Petrol,Nairobi,Locally Used,2340000
Mazda,CX-5,2013,159810,2200 cc,Automatic,Diesel,Mombasa,Foreign Used,2850000
Mercedes-Benz,C200,2014,159983,2000 cc,Automatic,Petrol,Nairobi,Foreign Used,3587499
Nissan,X-Trail,2015,160156,2000 cc,Automatic,Petrol,Nakuru,Locally Used,1837500
Honda,Fit,2016,160329,1500 cc,Manual,Petrol,Kisumu,Locally Used,1612500
BMW,X3,2017,160502,2000 cc,Automatic,Diesel,Nairobi,Foreign Used,4620000
Audi,A4,2018,160675,2000 cc,Automatic,Diesel,Mombasa,Foreign Used,4387500
Toyota,Premio,2019,160848,1800 cc,Automatic,Petrol,Nairobi,Foreign Used,2415000
Subaru,Outback,2020,161021,2500 cc,Automatic,Petrol,Nairobi,Locally Used,2820000
Mazda,CX-5,2021,161194,2200 cc,Automatic,Diesel,Mombasa,Foreign Used,3420000
Mercedes-Benz,C200,2022,161367,2000 cc,Automatic,Petrol,Nairobi,Foreign Used,4287500
Nissan,X-Trail,2008,161540,2000 cc,Automatic,Petrol,Nakuru,Locally Used,1312500
Honda,Fit,2009,161713,1500 cc,Manual,Petrol,Kisumu,Locally Used,1162500
BMW,X3,2010,161886,2000 cc,Automatic,Diesel,Nairobi,Foreign Used,3360000
Audi,A4,2011,162059,2000 cc,Automatic,Diesel,Mombasa,Foreign Used,3217500
Toyota,Premio,2012,162232,1800 cc,Automatic,Petrol,Nairobi,Foreign Used,1785000
Subaru,Outback,2013,162405,2500 cc,Automatic,Petrol,Nairobi,Locally Used,2100000
Mazda,CX-5,2014,162578,2200 cc,Automatic,Diesel,Mombasa,Foreign Used,2565000
Mercedes-Benz,C200,2015,162751,2000 cc,Automatic,Petrol,Nairobi,Foreign Used,3237500
Nissan,X-Trail,2016,162924,2000 cc,Automatic,Petrol,Nakuru,Locally Used,1662500
Honda,Fit,2017,163097,1500 cc,Manual,Petrol,Kisumu,Locally Used,1462500
BMW,X3,2018,163270,2000 cc,Automatic,Diesel,Nairobi,Foreign Used,4200000
Audi,A4,2019,163443,2000 cc,Automatic,Diesel,Mombasa,Foreign Used,3997499
Toyota,Premio,2020,163616,1800 cc,Automatic,Petrol,Nairobi,Foreign Used,2205000
Subaru,Outback,2021,163789,2500 cc,Automatic,Petrol,Nairobi,Locally Used,2580000
Mazda,CX-5,2022,163962,2200 cc,Automatic,Diesel,Mombasa,Foreign Used,3135000
Mercedes-Benz,C200,2008,164135,2000 cc,Automatic,Petrol,Nairobi,Foreign Used,3937500
Nissan,X-Trail,2009,164308,2000 cc,Automatic,Petrol,Nakuru,Locally Used,2012499
Honda,Fit,2010,164481,1500 cc,Manual,Petrol,Kisumu,Locally Used,1762500
BMW,X3,2011,164654,2000 cc,Automatic,Diesel,Nairobi,Foreign Used,5040000
Audi,A4,2012,164827,2000 cc,Automatic,Diesel,Mombasa,Foreign Used,4777500
Toyota,Premio,2013,165000,1800 cc,Automatic,Petrol,Nairobi,Foreign Used,1575000
Subaru,Outback,2014,165173,2500 cc,Automatic,Petrol,Nairobi,Locally Used,1860000
Mazda,CX-5,2015,165346,2200 cc,Automatic,Diesel,Mombasa,Foreign Used,2280000
Mercedes-Benz,C200,2016,165519,2000 cc,Automatic,Petrol,Nairobi,Foreign Used,2887500
Nissan,X-Trail,2017,165692,2000 cc,Automatic,Petrol,Nakuru,Locally Used,1487500
Honda,Fit,2018,165865,1500 cc,Manual,Petrol,Kisumu,Locally Used,1312500
BMW,X3,2019,166038,2000 cc,Automatic,Diesel,Nairobi,Foreign Used,3780000
Audi,A4,2020,166211,2000 cc,Automatic,Diesel,Mombasa,Foreign Used,3607500
Toyota,Premio,2021,166384,1800 cc,Automatic,Petrol,Nairobi,Foreign Used,1995000
Subaru,Outback,2022,166557,2500 cc,Automatic,Petrol,Nairobi,Locally Used,2340000
Mazda,CX-5,2008,166730,2200 cc,Automatic,Diesel,Mombasa,Foreign Used,2850000
Mercedes-Benz,C200,2009,166903,2000 cc,Automatic,Petrol,Nairobi,Foreign Used,3587499
Nissan,X-Trail,2010,167076,2000 cc,Automatic,Petrol,Nakuru,Locally Used,1837500
Honda,Fit,2011,167249,1500 cc,Manual,Petrol,Kisumu,Locally Used,1612500
BMW,X3,2012,167422,2000 cc,Automatic,Diesel,Nairobi,Foreign Used,4620000
Audi,A4,2013,167595,2000 cc,Automatic,Diesel,Mombasa,Foreign Used,4387500
Toyota,Premio,2014,167768,1800 cc,Automatic,Petrol,Nairobi,Foreign Used,2415000
Subaru,Outback,2015,167941,2500 cc,Automatic,Petrol,Nairobi,Locally Used,2820000
Mazda,CX-5,2016,168114,2200 cc,Automatic,Diesel,Mombasa,Foreign Used,3420000
Mercedes-Benz,C200,2017,168287,2000 cc,Automatic,Petrol,Nairobi,Foreign Used,4287500
Nissan,X-Trail,2018,168460,2000 cc,Automatic,Petrol,Nakuru,Locally Used,1312500
Honda,Fit,2019,168633,1500 cc,Manual,Petrol,Kisumu,Locally Used,1162500
BMW,X3,2020,168806,2000 cc,Automatic,Diesel,Nairobi,Foreign Used,3360000
Audi,A4,2021,168979,2000 cc,Automatic,Diesel,Mombasa,Foreign Used,3217500
Toyota,Premio,2022,169152,1800 cc,Automatic,Petrol,Nairobi,Foreign Used,1785000
Subaru,Outback,2008,169325,2500 cc,Automatic,Petrol,Nairobi,Locally Used,2100000
Mazda,CX-5,2009,169498,2200 cc,Automatic,Diesel,Mombasa,Foreign Used,2565000
Mercedes-Benz,C200,2010,169671,2000 cc,Automatic,Petrol,Nairobi,Foreign Used,3237500
Nissan,X-Trail,2011,169844,2000 cc,Automatic,Petrol,Nakuru,Locally Used,1662500
Honda,Fit,2012,170017,1500 cc,Manual,Petrol,Kisumu,Locally Used,1462500
BMW,X3,2013,170190,2000 cc,Automatic,Diesel,Nairobi,Foreign Used,4200000
Audi,A4,2014,170363,2000 cc,Automatic,Diesel,Mombasa,Foreign Used,3997499
Toyota,Premio,2015,170536,1800 cc,Automatic,Petrol,Nairobi,Foreign Used,2205000
Subaru,Outback,2016,170709,2500 cc,Automatic,Petrol,Nairobi,Locally Used,2580000
Mazda,CX-5,2017,170882,2200 cc,Automatic,Diesel,Mombasa,Foreign Used,3135000
Mercedes-Benz,C200,2018,171055,2000 cc,Automatic,Petrol,Nairobi,Foreign Used,3937500
Nissan,X-Trail,2019,171228,2000 cc,Automatic,Petrol,Nakuru,Locally Used,2012499
Honda,Fit,2020,171401,1500 cc,Manual,Petrol,Kisumu,Locally Used,1762500
BMW,X3,2021,171574,2000 cc,Automatic,Diesel,Nairobi,Foreign Used,5040000
Audi,A4,2022,171747,2000 cc,Automatic,Diesel,Mombasa,Foreign Used,4777500
Toyota,Premio,2008,171920,1800 cc,Automatic,Petrol,Nairobi,Foreign Used,1575000
Subaru,Outback,2009,172093,2500 cc,Automatic,Petrol,Nairobi,Locally Used,1860000
Mazda,CX-5,2010,172266,2200 cc,Automatic,Diesel,Mombasa,Foreign Used,2280000
Mercedes-Benz,C200,2011,172439,2000 cc,Automatic,Petrol,Nairobi,Foreign Used,2887500
Nissan,X-Trail,2012,172612,2000 cc,Automatic,Petrol,Nakuru,Locally Used,1487500
Honda,Fit,2013,172785,1500 cc,Manual,Petrol,Kisumu,Locally Used,1312500
BMW,X3,2014,172958,2000 cc,Automatic,Diesel,Nairobi,Foreign Used,3780000
Audi,A4,2015,173131,2000 cc,Automatic,Diesel,Mombasa,Foreign Used,3607500
Toyota,Premio,2016,173304,1800 cc,Automatic,Petrol,Nairobi,Foreign Used,1995000
Subaru,Outback,2017,173477,2500 cc,Automatic,Petrol,Nairobi,Locally Used,2340000
Mazda,CX-5,2018,173650,2200 cc,Automatic,Diesel,Mombasa,Foreign Used,2850000
Mercedes-Benz,C200,2019,173823,2000 cc,Automatic,Petrol,Nairobi,Foreign Used,3587499
Nissan,X-Trail,2020,173996,2000 cc,Automatic,Petrol,Nakuru,Locally Used,1837500
Honda,Fit,2021,174169,1500 cc,Manual,Petrol,Kisumu,Locally Used,1612500
BMW,X3,2022,174342,2000 cc,Automatic,Diesel,Nairobi,Foreign Used,4620000
Audi,A4,2008,174515,2000 cc,Automatic,Diesel,Mombasa,Foreign Used,4387500
Toyota,Premio,2009,174688,1800 cc,Automatic,Petrol,Nairobi,Foreign Used,2415000
Subaru,Outback,2010,174861,2500 cc,Automatic,Petrol,Nairobi,Locally Used,2820000
Mazda,CX-5,2011,175034,2200 cc,Automatic,Diesel,Mombasa,Foreign Used,3420000
Mercedes-Benz,C200,2012,175207,2000 cc,Automatic,Petrol,Nairobi,Foreign Used,4287500
Nissan,X-Trail,2013,175380,2000 cc,Automatic,Petrol,Nakuru,Locally Used,1312500
Honda,Fit,2014,175553,1500 cc,Manual,Petrol,Kisumu,Locally Used,1162500
BMW,X3,2015,175726,2000 cc,Automatic,Diesel,Nairobi,Foreign Used,3360000
Audi,A4,2016,175899,2000 cc,Automatic,Diesel,Mombasa,Foreign Used,3217500
Toyota,Premio,2017,176072,1800 cc,Automatic,Petrol,Nairobi,Foreign Used,1785000
Subaru,Outback,2018,176245,2500 cc,Automatic,Petrol,Nairobi,Locally Used,2100000
Mazda,CX-5,2019,176418,2200 cc,Automatic,Diesel,Mombasa,Foreign Used,2565000
Mercedes-Benz,C200,2020,176591,2000 cc,Automatic,Petrol,Nairobi,Foreign Used,3237500
Nissan,X-Trail,2021,176764,2000 cc,Automatic,Petrol,Nakuru,Locally Used,1662500
Honda,Fit,2022,176937,1500 cc,Manual,Petrol,Kisumu,Locally Used,1462500
BMW,X3,2008,177110,2000 cc,Automatic,Diesel,Nairobi,Foreign Used,4200000
Audi,A4,2009,177283,2000 cc,Automatic,Diesel,Mombasa,Foreign Used,3997499
Toyota,Premio,2010,177456,1800 cc,Automatic,Petrol,Nairobi,Foreign Used,2205000
Subaru,Outback,2011,177629,2500 cc,Automatic,Petrol,Nairobi,Locally Used,2580000
Mazda,CX-5,2012,177802,2200 cc,Automatic,Diesel,Mombasa,Foreign Used,3135000
Mercedes-Benz,C200,2013,177975,2000 cc,Automatic,Petrol,Nairobi,Foreign Used,3937500
Nissan,X-Trail,2014,178148,2000 cc,Automatic,Petrol,Nakuru,Locally Used,2012499
Honda,Fit,2015,178321,1500 cc,Manual,Petrol,Kisumu,Locally Used,1762500
BMW,X3,2016,178494,2000 cc,Automatic,Diesel,Nairobi,Foreign Used,5040000
Audi,A4,2017,178667,2000 cc,Automatic,Diesel,Mombasa,Foreign Used,4777500
Toyota,Premio,2018,178840,1800 cc,Automatic,Petrol,Nairobi,Foreign Used,1575000
Subaru,Outback,2019,179013,2500 cc,Automatic,Petrol,Nairobi,Locally Used,1860000
Mazda,CX-5,2020,179186,2200 cc,Automatic,Diesel,Mombasa,Foreign Used,2280000
Mercedes-Benz,C200,2021,179359,2000 cc,Automatic,Petrol,Nairobi,Foreign Used,2887500
Nissan,X-Trail,2022,179532,2000 cc,Automatic,Petrol,Nakuru,Locally Used,1487500
Honda,Fit,2008,179705,1500 cc,Manual,Petrol,Kisumu,Locally Used,1312500
BMW,X3,2009,179878,2000 cc,Automatic,Diesel,Nairobi,Foreign Used,3780000
Audi,A4,2010,180051,2000 cc,Automatic,Diesel,Mombasa,Foreign Used,3607500
Toyota,Premio,2011,180224,1800 cc,Automatic,Petrol,Nairobi,Foreign Used,1995000
Subaru,Outback,2012,180397,2500 cc,Automatic,Petrol,Nairobi,Locally Used,2340000
Mazda,CX-5,2013,180570,2200 cc,Automatic,Diesel,Mombasa,Foreign Used,2850000
Mercedes-Benz,C200,2014,180743,2000 cc,Automatic,Petrol,Nairobi,Foreign Used,3587499
Nissan,X-Trail,2015,180916,2000 cc,Automatic,Petrol,Nakuru,Locally Used,1837500
Honda,Fit,2016,181089,1500 cc,Manual,Petrol,Kisumu,Locally Used,1612500
BMW,X3,2017,181262,2000 cc,Automatic,Diesel,Nairobi,Foreign Used,4620000
Audi,A4,2018,181435,2000 cc,Automatic,Diesel,Mombasa,Foreign Used,4387500
Toyota,Premio,2019,181608,1800 cc,Automatic,Petrol,Nairobi,Foreign Used,2415000
Subaru,Outback,2020,181781,2500 cc,Automatic,Petrol,Nairobi,Locally Used,2820000
Mazda,CX-5,2021,181954,2200 cc,Automatic,Diesel,Mombasa,Foreign Used,3420000
Mercedes-Benz,C200,2022,182127,2000 cc,Automatic,Petrol,Nairobi,Foreign Used,4287500
Nissan,X-Trail,2008,182300,2000 cc,Automatic,Petrol,Nakuru,Locally Used,1312500
Honda,Fit,2009,182473,1500 cc,Manual,Petrol,Kisumu,Locally Used,1162500
BMW,X3,2010,182646,2000 cc,Automatic,Diesel,Nairobi,Foreign Used,3360000
Audi,A4,2011,182819,2000 cc,Automatic,Diesel,Mombasa,Foreign Used,3217500
Toyota,Premio,2012,182992,1800 cc,Automatic,Petrol,Nairobi,Foreign Used,1785000
Subaru,Outback,2013,183165,2500 cc,Automatic,Petrol,Nairobi,Locally Used,2100000
Mazda,CX-5,2014,183338,2200 cc,Automatic,Diesel,Mombasa,Foreign Used,2565000
Mercedes-Benz,C200,2015,183511,2000 cc,Automatic,Petrol,Nairobi,Foreign Used,3237500
Nissan,X-Trail,2016,183684,2000 cc,Automatic,Petrol,Nakuru,Locally Used,1662500
Honda,Fit,2017,183857,1500 cc,Manual,Petrol,Kisumu,Locally Used,1462500
BMW,X3,2018,184030,2000 cc,Automatic,Diesel,Nairobi,Foreign Used,4200000
Audi,A4,2019,184203,2000 cc,Automatic,Diesel,Mombasa,Foreign Used,3997499
Toyota,Premio,2020,184376,1800 cc,Automatic,Petrol,Nairobi,Foreign Used,2205000
Subaru,Outback,2021,184549,2500 cc,Automatic,Petrol,Nairobi,Locally Used,2580000
Mazda,CX-5,2022,184722,2200 cc,Automatic,Diesel,Mombasa,Foreign Used,3135000
Mercedes-Benz,C200,2008,184895,2000 cc,Automatic,Petrol,Nairobi,Foreign Used,3937500
Nissan,X-Trail,2009,185068,2000 cc,Automatic,Petrol,Nakuru,Locally Used,2012499
Honda,Fit,2010,185241,1500 cc,Manual,Petrol,Kisumu,Locally Used,1762500
BMW,X3,2011,185414,2000 cc,Automatic,Diesel,Nairobi,Foreign Used,5040000
Audi,A4,2012,185587,2000 cc,Automatic,Diesel,Mombasa,Foreign Used,4777500
Toyota,Premio,2013,185760,1800 cc,Automatic,Petrol,Nairobi,Foreign Used,1575000
Subaru,Outback,2014,185933,2500 cc,Automatic,Petrol,Nairobi,Locally Used,1860000
Mazda,CX-5,2015,186106,2200 cc,Automatic,Diesel,Mombasa,Foreign Used,2280000
Mercedes-Benz,C200,2016,186279,2000 cc,Automatic,Petrol,Nairobi,Foreign Used,2887500
Nissan,X-Trail,2017,186452,2000 cc,Automatic,Petrol,Nakuru,Locally Used,1487500
Honda,Fit,2018,186625,1500 cc,Manual,Petrol,Kisumu,Locally Used,1312500
BMW,X3,2019,186798,2000 cc,Automatic,Diesel,Nairobi,Foreign Used,3780000
Audi,A4,2020,186971,2000 cc,Automatic,Diesel,Mombasa,Foreign Used,3607500
Toyota,Premio,2021,187144,1800 cc,Automatic,Petrol,Nairobi,Foreign Used,1995000
Subaru,Outback,2022,187317,2500 cc,Automatic,Petrol,Nairobi,Locally Used,2340000
Mazda,CX-5,2008,187490,2200 cc,Automatic,Diesel,Mombasa,Foreign Used,2850000
Mercedes-Benz,C200,2009,187663,2000 cc,Automatic,Petrol,Nairobi,Foreign Used,3587499
Nissan,X-Trail,2010,187836,2000 cc,Automatic,Petrol,Nakuru,Locally Used,1837500
Honda,Fit,2011,188009,1500 cc,Manual,Petrol,Kisumu,Locally Used,1612500
BMW,X3,2012,188182,2000 cc,Automatic,Diesel,Nairobi,Foreign Used,4620000
Audi,A4,2013,188355,2000 cc,Automatic,Diesel,Mombasa,Foreign Used,4387500
Toyota,Premio,2014,188528,1800 cc,Automatic,Petrol,Nairobi,Foreign Used,2415000
Subaru,Outback,2015,188701,2500 cc,Automatic,Petrol,Nairobi,Locally Used,2820000
Mazda,CX-5,2016,188874,2200 cc,Automatic,Diesel,Mombasa,Foreign Used,3420000
Mercedes-Benz,C200,2017,189047,2000 cc,Automatic,Petrol,Nairobi,Foreign Used,4287500
Nissan,X-Trail,2018,189220,2000 cc,Automatic,Petrol,Nakuru,Locally Used,1312500
Honda,Fit,2019,189393,1500 cc,Manual,Petrol,Kisumu,Locally Used,1162500
BMW,X3,2020,189566,2000 cc,Automatic,Diesel,Nairobi,Foreign Used,3360000
Audi,A4,2021,189739,2000 cc,Automatic,Diesel,Mombasa,Foreign Used,3217500
Toyota,Premio,2022,189912,1800 cc,Automatic,Petrol,Nairobi,Foreign Used,1785000
Subaru,Outback,2008,190085,2500 cc,Automatic,Petrol,Nairobi,Locally Used,2100000
Mazda,CX-5,2009,190258,2200 cc,Automatic,Diesel,Mombasa,Foreign Used,2565000
Mercedes-Benz,C200,2010,190431,2000 cc,Automatic,Petrol,Nairobi,Foreign Used,3237500
Nissan,X-Trail,2011,190604,2000 cc,Automatic,Petrol,Nakuru,Locally Used,1662500
Honda,Fit,2012,190777,1500 cc,Manual,Petrol,Kisumu,Locally Used,1462500
BMW,X3,2013,190950,2000 cc,Automatic,Diesel,Nairobi,Foreign Used,4200000
Audi,A4,2014,191123,2000 cc,Automatic,Diesel,Mombasa,Foreign Used,3997499
Toyota,Premio,2015,191296,1800 cc,Automatic,Petrol,Nairobi,Foreign Used,2205000
Subaru,Outback,2016,191469,2500 cc,Automatic,Petrol,Nairobi,Locally Used,2580000
Mazda,CX-5,2017,191642,2200 cc,Automatic,Diesel,Mombasa,Foreign Used,3135000
Mercedes-Benz,C200,2018,191815,2000 cc,Automatic,Petrol,Nairobi,Foreign Used,3937500
Nissan,X-Trail,2019,191988,2000 cc,Automatic,Petrol,Nakuru,Locally Used,2012499
Honda,Fit,2020,192161,1500 cc,Manual,Petrol,Kisumu,Locally Used,1762500
BMW,X3,2021,192334,2000 cc,Automatic,Diesel,Nairobi,Foreign Used,5040000
Audi,A4,2022,192507,2000 cc,Automatic,Diesel,Mombasa,Foreign Used,4777500
Toyota,Premio,2008,192680,1800 cc,Automatic,Petrol,Nairobi,Foreign Used,1575000
Subaru,Outback,2009,192853,2500 cc,Automatic,Petrol,Nairobi,Locally Used,1860000
Mazda,CX-5,2010,193026,2200 cc,Automatic,Diesel,Mombasa,Foreign Used,2280000
Mercedes-Benz,C200,2011,193199,2000 cc,Automatic,Petrol,Nairobi,Foreign Used,2887500
Nissan,X-Trail,2012,193372,2000 cc,Automatic,Petrol,Nakuru,Locally Used,1487500
Honda,Fit,2013,193545,1500 cc,Manual,Petrol,Kisumu,Locally Used,1312500
BMW,X3,2014,193718,2000 cc,Automatic,Diesel,Nairobi,Foreign Used,3780000
Audi,A4,2015,193891,2000 cc,Automatic,Diesel,Mombasa,Foreign Used,3607500
Toyota,Premio,2016,194064,1800 cc,Automatic,Petrol,Nairobi,Foreign Used,1995000
Subaru,Outback,2017,194237,2500 cc,Automatic,Petrol,Nairobi,Locally Used,2340000
Mazda,CX-5,2018,194410,2200 cc,Automatic,Diesel,Mombasa,Foreign Used,2850000
Mercedes-Benz,C200,2019,194583,2000 cc,Automatic,Petrol,Nairobi,Foreign Used,3587499
Nissan,X-Trail,2020,194756,2000 cc,Automatic,Petrol,Nakuru,Locally Used,1837500
Honda,Fit,2021,194929,1500 cc,Manual,Petrol,Kisumu,Locally Used,1612500
BMW,X3,2022,195102,2000 cc,Automatic,Diesel,Nairobi,Foreign Used,4620000
Audi,A4,2008,195275,2000 cc,Automatic,Diesel,Mombasa,Foreign Used,4387500
Toyota,Premio,2009,195448,1800 cc,Automatic,Petrol,Nairobi,Foreign Used,2415000
Subaru,Outback,2010,195621,2500 cc,Automatic,Petrol,Nairobi,Locally Used,2820000
Mazda,CX-5,2011,195794,2200 cc,Automatic,Diesel,Mombasa,Foreign Used,3420000
Mercedes-Benz,C200,2012,195967,2000 cc,Automatic,Petrol,Nairobi,Foreign Used,4287500
Nissan,X-Trail,2013,196140,2000 cc,Automatic,Petrol,Nakuru,Locally Used,1312500
Honda,Fit,2014,196313,1500 cc,Manual,Petrol,Kisumu,Locally Used,1162500
BMW,X3,2015,196486,2000 cc,Automatic,Diesel,Nairobi,Foreign Used,3360000
Audi,A4,2016,196659,2000 cc,Automatic,Diesel,Mombasa,Foreign Used,3217500
Toyota,Premio,2017,196832,1800 cc,Automatic,Petrol,Nairobi,Foreign Used,1785000
Subaru,Outback,2018,197005,2500 cc,Automatic,Petrol,Nairobi,Locally Used,2100000
Mazda,CX-5,2019,197178,2200 cc,Automatic,Diesel,Mombasa,Foreign Used,2565000
Mercedes-Benz,C200,2020,197351,2000 cc,Automatic,Petrol,Nairobi,Foreign Used,3237500
Nissan,X-Trail,2021,197524,2000 cc,Automatic,Petrol,Nakuru,Locally Used,1662500
Honda,Fit,2022,197697,1500 cc,Manual,Petrol,Kisumu,Locally Used,1462500
BMW,X3,2008,197870,2000 cc,Automatic,Diesel,Nairobi,Foreign Used,4200000
Audi,A4,2009,198043,2000 cc,Automatic,Diesel,Mombasa,Foreign Used,3997499
Toyota,Premio,2010,198216,1800 cc,Automatic,Petrol,Nairobi,Foreign Used,2205000
Subaru,Outback,2011,198389,2500 cc,Automatic,Petrol,Nairobi,Locally Used,2580000
Mazda,CX-5,2012,198562,2200 cc,Automatic,Diesel,Mombasa,Foreign Used,3135000
Mercedes-Benz,C200,2013,198735,2000 cc,Automatic,Petrol,Nairobi,Foreign Used,3937500
Nissan,X-Trail,2014,198908,2000 cc,Automatic,Petrol,Nakuru,Locally Used,2012499
Honda,Fit,2015,199081,1500 cc,Manual,Petrol,Kisumu,Locally Used,1762500
BMW,X3,2016,199254,2000 cc,Automatic,Diesel,Nairobi,Foreign Used,5040000
Audi,A4,2017,199427,2000 cc,Automatic,Diesel,Mombasa,Foreign Used,4777500
Toyota,Premio,2018,199600,1800 cc,Automatic,Petrol,Nairobi,Foreign Used,1575000
Subaru,Outback,2019,199773,2500 cc,Automatic,Petrol,Nairobi,Locally Used,1860000
Mazda,CX-5,2020,199946,2200 cc,Automatic,Diesel,Mombasa,Foreign Used,2280000
Mercedes-Benz,C200,2021,20119,2000 cc,Automatic,Petrol,Nairobi,Foreign Used,2887500
Nissan,X-Trail,2022,20292,2000 cc,Automatic,Petrol,Nakuru,Locally Used,1487500
Honda,Fit,2008,20465,1500 cc,Manual,Petrol,Kisumu,Locally Used,1312500
BMW,X3,2009,20638,2000 cc,Automatic,Diesel,Nairobi,Foreign Used,3780000
Audi,A4,2010,20811,2000 cc,Automatic,Diesel,Mombasa,Foreign Used,3607500
Toyota,Premio,2011,20984,1800 cc,Automatic,Petrol,Nairobi,Foreign Used,1995000
Subaru,Outback,2012,21157,2500 cc,Automatic,Petrol,Nairobi,Locally Used,2340000
Mazda,CX-5,2013,21330,2200 cc,Automatic,Diesel,Mombasa,Foreign Used,2850000
Mercedes-Benz,C200,2014,21503,2000 cc,Automatic,Petrol,Nairobi,Foreign Used,3587499
Nissan,X-Trail,2015,21676,2000 cc,Automatic,Petrol,Nakuru,Locally Used,1837500
Honda,Fit,2016,21849,1500 cc,Manual,Petrol,Kisumu,Locally Used,1612500
BMW,X3,2017,22022,2000 cc,Automatic,Diesel,Nairobi,Foreign Used,4620000
Audi,A4,2018,22195,2000 cc,Automatic,Diesel,Mombasa,Foreign Used,4387500
Toyota,Premio,2019,22368,1800 cc,Automatic,Petrol,Nairobi,Foreign Used,2415000
Subaru,Outback,2020,22541,2500 cc,Automatic,Petrol,Nairobi,Locally Used,2820000
Mazda,CX-5,2021,22714,2200 cc,Automatic,Diesel,Mombasa,Foreign Used,3420000
Mercedes-Benz,C200,2022,22887,2000 cc,Automatic,Petrol,Nairobi,Foreign Used,4287500
Nissan,X-Trail,2008,23060,2000 cc,Automatic,Petrol,Nakuru,Locally Used,1312500
Honda,Fit,2009,23233,1500 cc,Manual,Petrol,Kisumu,Locally Used,1162500
BMW,X3,2010,23406,2000 cc,Automatic,Diesel,Nairobi,Foreign Used,3360000
Audi,A4,2011,23579,2000 cc,Automatic,Diesel,Mombasa,Foreign Used,3217500
Toyota,Premio,2012,23752,1800 cc,Automatic,Petrol,Nairobi,Foreign Used,1785000
Subaru,Outback,2013,23925,2500 cc,Automatic,Petrol,Nairobi,Locally Used,2100000
Mazda,CX-5,2014,24098,2200 cc,Automatic,Diesel,Mombasa,Foreign Used,2565000
Mercedes-Benz,C200,2015,24271,2000 cc,Automatic,Petrol,Nairobi,Foreign Used,3237500
Nissan,X-Trail,2016,24444,2000 cc,Automatic,Petrol,Nakuru,Locally Used,1662500
Honda,Fit,2017,24617,1500 cc,Manual,Petrol,Kisumu,Locally Used,1462500
BMW,X3,2018,24790,2000 cc,Automatic,Diesel,Nairobi,Foreign Used,4200000
Audi,A4,2019,24963,2000 cc,Automatic,Diesel,Mombasa,Foreign Used,3997499
Toyota,Premio,2020,25136,1800 cc,Automatic,Petrol,Nairobi,Foreign Used,2205000
Subaru,Outback,2021,25309,2500 cc,Automatic,Petrol,Nairobi,Locally Used,2580000
Mazda,CX-5,2022,25482,2200 cc,Automatic,Diesel,Mombasa,Foreign Used,3135000
Mercedes-Benz,C200,2008,25655,2000 cc,Automatic,Petrol,Nairobi,Foreign Used,3937500
Nissan,X-Trail,2009,25828,2000 cc,Automatic,Petrol,Nakuru,Locally Used,2012499
Honda,Fit,2010,26001,1500 cc,Manual,Petrol,Kisumu,Locally Used,1762500
BMW,X3,2011,26174,2000 cc,Automatic,Diesel,Nairobi,Foreign Used,5040000
Audi,A4,2012,26347,2000 cc,Automatic,Diesel,Mombasa,Foreign Used,4777500
Toyota,Premio,2013,26520,1800 cc,Automatic,Petrol,Nairobi,Foreign Used,1575000
Subaru,Outback,2014,26693,2500 cc,Automatic,Petrol,Nairobi,Locally Used,1860000
Mazda,CX-5,2015,26866,2200 cc,Automatic,Diesel,Mombasa,Foreign Used,2280000
Mercedes-Benz,C200,2016,27039,2000 cc,Automatic,Petrol,Nairobi,Foreign Used,2887500
Nissan,X-Trail,2017,27212,2000 cc,Automatic,Petrol,Nakuru,Locally Used,1487500
Honda,Fit,2018,27385,1500 cc,Manual,Petrol,Kisumu,Locally Used,1312500
BMW,X3,2019,27558,2000 cc,Automatic,Diesel,Nairobi,Foreign Used,3780000
Audi,A4,2020,27731,2000 cc,Automatic,Diesel,Mombasa,Foreign Used,3607500
Toyota,Premio,2021,27904,1800 cc,Automatic,Petrol,Nairobi,Foreign Used,1995000
Subaru,Outback,2022,28077,2500 cc,Automatic,Petrol,Nairobi,Locally Used,2340000
Mazda,CX-5,2008,28250,2200 cc,Automatic,Diesel,Mombasa,Foreign Used,2850000
Mercedes-Benz,C200,2009,28423,2000 cc,Automatic,Petrol,Nairobi,Foreign Used,3587499
Nissan,X-Trail,2010,28596,2000 cc,Automatic,Petrol,Nakuru,Locally Used,1837500
Honda,Fit,2011,28769,1500 cc,Manual,Petrol,Kisumu,Locally Used,1612500
BMW,X3,2012,28942,2000 cc,Automatic,Diesel,Nairobi,Foreign Used,4620000
Audi,A4,2013,29115,2000 cc,Automatic,Diesel,Mombasa,Foreign Used,4387500
Toyota,Premio,2014,29288,1800 cc,Automatic,Petrol,Nairobi,Foreign Used,2415000
Subaru,Outback,2015,29461,2500 cc,Automatic,Petrol,Nairobi,Locally Used,2820000
Mazda,CX-5,2016,29634,2200 cc,Automatic,Diesel,Mombasa,Foreign Used,3420000
Mercedes-Benz,C200,2017,29807,2000 cc,Automatic,Petrol,Nairobi,Foreign Used,4287500
Nissan,X-Trail,2018,29980,2000 cc,Automatic,Petrol,Nakuru,Locally Used,1312500
Honda,Fit,2019,30153,1500 cc,Manual,Petrol,Kisumu,Locally Used,1162500
BMW,X3,2020,30326,2000 cc,Automatic,Diesel,Nairobi,Foreign Used,3360000
Audi,A4,2021,30499,2000 cc,Automatic,Diesel,Mombasa,Foreign Used,3217500
Toyota,Premio,2022,30672,1800 cc,Automatic,Petrol,Nairobi,Foreign Used,1785000
Subaru,Outback,2008,30845,2500 cc,Automatic,Petrol,Nairobi,Locally Used,2100000
Mazda,CX-5,2009,31018,2200 cc,Automatic,Diesel,Mombasa,Foreign Used,2565000
Mercedes-Benz,C200,2010,31191,2000 cc,Automatic,Petrol,Nairobi,Foreign Used,3237500
Nissan,X-Trail,2011,31364,2000 cc,Automatic,Petrol,Nakuru,Locally Used,1662500
Honda,Fit,2012,31537,1500 cc,Manual,Petrol,Kisumu,Locally Used,1462500
BMW,X3,2013,31710,2000 cc,Automatic,Diesel,Nairobi,Foreign Used,4200000
Audi,A4,2014,31883,2000 cc,Automatic,Diesel,Mombasa,Foreign Used,3997499
Toyota,Premio,2015,32056,1800 cc,Automatic,Petrol,Nairobi,Foreign Used,2205000
Subaru,Outback,2016,32229,2500 cc,Automatic,Petrol,Nairobi,Locally Used,2580000
Mazda,CX-5,2017,32402,2200 cc,Automatic,Diesel,Mombasa,Foreign Used,3135000
Mercedes-Benz,C200,2018,32575,2000 cc,Automatic,Petrol,Nairobi,Foreign Used,3937500
Nissan,X-Trail,2019,32748,2000 cc,Automatic,Petrol,Nakuru,Locally Used,2012499
Honda,Fit,2020,32921,1500 cc,Manual,Petrol,Kisumu,Locally Used,1762500
BMW,X3,2021,33094,2000 cc,Automatic,Diesel,Nairobi,Foreign Used,5040000
Audi,A4,2022,33267,2000 cc,Automatic,Diesel,Mombasa,Foreign Used,4777500
Toyota,Premio,2008,33440,1800 cc,Automatic,Petrol,Nairobi,Foreign Used,1575000
Subaru,Outback,2009,33613,2500 cc,Automatic,Petrol,Nairobi,Locally Used,1860000
Mazda,CX-5,2010,33786,2200 cc,Automatic,Diesel,Mombasa,Foreign Used,2280000
Mercedes-Benz,C200,2011,33959,2000 cc,Automatic,Petrol,Nairobi,Foreign Used,2887500
Nissan,X-Trail,2012,34132,2000 cc,Automatic,Petrol,Nakuru,Locally Used,1487500
Honda,Fit,2013,34305,1500 cc,Manual,Petrol,Kisumu,Locally Used,1312500
BMW,X3,2014,34478,2000 cc,Automatic,Diesel,Nairobi,Foreign Used,3780000
Audi,A4,2015,34651,2000 cc,Automatic,Diesel,Mombasa,Foreign Used,3607500
Toyota,Premio,2016,34824,1800 cc,Automatic,Petrol,Nairobi,Foreign Used,1995000
Subaru,Outback,2017,34997,2500 cc,Automatic,Petrol,Nairobi,Locally Used,2340000
Mazda,CX-5,2018,35170,2200 cc,Automatic,Diesel,Mombasa,Foreign Used,2850000
Mercedes-Benz,C200,2019,35343,2000 cc,Automatic,Petrol,Nairobi,Foreign Used,3587499
Nissan,X-Trail,2020,35516,2000 cc,Automatic,Petrol,Nakuru,Locally Used,1837500
Honda,Fit,2021,35689,1500 cc,Manual,Petrol,Kisumu,Locally Used,1612500
BMW,X3,2022,35862,2000 cc,Automatic,Diesel,Nairobi,Foreign Used,4620000
Audi,A4,2008,36035,2000 cc,Automatic,Diesel,Mombasa,Foreign Used,4387500
Toyota,Premio,2009,36208,1800 cc,Automatic,Petrol,Nairobi,Foreign Used,2415000
Subaru,Outback,2010,36381,2500 cc,Automatic,Petrol,Nairobi,Locally Used,2820000
Mazda,CX-5,2011,36554,2200 cc,Automatic,Diesel,Mombasa,Foreign Used,3420000
Mercedes-Benz,C200,2012,36727,2000 cc,Automatic,Petrol,Nairobi,Foreign Used,4287500
Nissan,X-Trail,2013,36900,2000 cc,Automatic,Petrol,Nakuru,Locally Used,1312500
Honda,Fit,2014,37073,1500 cc,Manual,Petrol,Kisumu,Locally Used,1162500
BMW,X3,2015,37246,2000 cc,Automatic,Diesel,Nairobi,Foreign Used,3360000
Audi,A4,2016,37419,2000 cc,Automatic,Diesel,Mombasa,Foreign Used,3217500
Toyota,Premio,2017,37592,1800 cc,Automatic,Petrol,Nairobi,Foreign Used,1785000
Subaru,Outback,2018,37765,2500 cc,Automatic,Petrol,Nairobi,Locally Used,2100000
Mazda,CX-5,2019,37938,2200 cc,Automatic,Diesel,Mombasa,Foreign Used,2565000
Mercedes-Benz,C200,2020,38111,2000 cc,Automatic,Petrol,Nairobi,Foreign Used,3237500
Nissan,X-Trail,2021,38284,2000 cc,Automatic,Petrol,Nakuru,Locally Used,1662500
Honda,Fit,2022,38457,1500 cc,Manual,Petrol,Kisumu,Locally Used,1462500
BMW,X3,2008,38630,2000 cc,Automatic,Diesel,Nairobi,Foreign Used,4200000
Audi,A4,2009,38803,2000 cc,Automatic,Diesel,Mombasa,Foreign Used,3997499
Toyota,Premio,2010,38976,1800 cc,Automatic,Petrol,Nairobi,Foreign Used,2205000
Subaru,Outback,2011,39149,2500 cc,Automatic,Petrol,Nairobi,Locally Used,2580000
Mazda,CX-5,2012,39322,2200 cc,Automatic,Diesel,Mombasa,Foreign Used,3135000
Mercedes-Benz,C200,2013,39495,2000 cc,Automatic,Petrol,Nairobi,Foreign Used,3937500
Nissan,X-Trail,2014,39668,2000 cc,Automatic,Petrol,Nakuru,Locally Used,2012499
Honda,Fit,2015,39841,1500 cc,Manual,Petrol,Kisumu,Locally Used,1762500
BMW,X3,2016,40014,2000 cc,Automatic,Diesel,Nairobi,Foreign Used,5040000
Audi,A4,2017,40187,2000 cc,Automatic,Diesel,Mombasa,Foreign Used,4777500
Toyota,Premio,2018,40360,1800 cc,Automatic,Petrol,Nairobi,Foreign Used,1575000
Subaru,Outback,2019,40533,2500 cc,Automatic,Petrol,Nairobi,Locally Used,1860000
Mazda,CX-5,2020,40706,2200 cc,Automatic,Diesel,Mombasa,Foreign Used,2280000
Mercedes-Benz,C200,2021,40879,2000 cc,Automatic,Petrol,Nairobi,Foreign Used,2887500
Nissan,X-Trail,2022,41052,2000 cc,Automatic,Petrol,Nakuru,Locally Used,1487500
Honda,Fit,2008,41225,1500 cc,Manual,Petrol,Kisumu,Locally Used,1312500
BMW,X3,2009,41398,2000 cc,Automatic,Diesel,Nairobi,Foreign Used,3780000
Audi,A4,2010,41571,2000 cc,Automatic,Diesel,Mombasa,Foreign Used,3607500
Toyota,Premio,2011,41744,1800 cc,Automatic,Petrol,Nairobi,Foreign Used,1995000
Subaru,Outback,2012,41917,2500 cc,Automatic,Petrol,Nairobi,Locally Used,2340000
Mazda,CX-5,2013,42090,2200 cc,Automatic,Diesel,Mombasa,Foreign Used,2850000
Mercedes-Benz,C200,2014,42263,2000 cc,Automatic,Petrol,Nairobi,Foreign Used,3587499
Nissan,X-Trail,2015,42436,2000 cc,Automatic,Petrol,Nakuru,Locally Used,1837500
Honda,Fit,2016,42609,1500 cc,Manual,Petrol,Kisumu,Locally Used,1612500
BMW,X3,2017,42782,2000 cc,Automatic,Diesel,Nairobi,Foreign Used,4620000
Audi,A4,2018,42955,2000 cc,Automatic,Diesel,Mombasa,Foreign Used,4387500
Toyota,Premio,2019,43128,1800 cc,Automatic,Petrol,Nairobi,Foreign Used,2415000
Subaru,Outback,2020,43301,2500 cc,Automatic,Petrol,Nairobi,Locally Used,2820000
Mazda,CX-5,2021,43474,2200 cc,Automatic,Diesel,Mombasa,Foreign Used,3420000
Mercedes-Benz,C200,2022,43647,2000 cc,Automatic,Petrol,Nairobi,Foreign Used,4287500
Nissan,X-Trail,2008,43820,2000 cc,Automatic,Petrol,Nakuru,Locally Used,1312500
Honda,Fit,2009,43993,1500 cc,Manual,Petrol,Kisumu,Locally Used,1162500
BMW,X3,2010,44166,2000 cc,Automatic,Diesel,Nairobi,Foreign Used,3360000
Audi,A4,2011,44339,2000 cc,Automatic,Diesel,Mombasa,Foreign Used,3217500
Toyota,Premio,2012,44512,1800 cc,Automatic,Petrol,Nairobi,Foreign Used,1785000
Subaru,Outback,2013,44685,2500 cc,Automatic,Petrol,Nairobi,Locally Used,2100000
Mazda,CX-5,2014,44858,2200 cc,Automatic,Diesel,Mombasa,Foreign Used,2565000
Mercedes-Benz,C200,2015,45031,2000 cc,Automatic,Petrol,Nairobi,Foreign Used,3237500
Nissan,X-Trail,2016,45204,2000 cc,Automatic,Petrol,Nakuru,Locally Used,1662500
Honda,Fit,2017,45377,1500 cc,Manual,Petrol,Kisumu,Locally Used,1462500
BMW,X3,2018,45550,2000 cc,Automatic,Diesel,Nairobi,Foreign Used,4200000
Audi,A4,2019,45723,2000 cc,Automatic,Diesel,Mombasa,Foreign Used,3997499
Toyota,Premio,2020,45896,1800 cc,Automatic,Petrol,Nairobi,Foreign Used,2205000
Subaru,Outback,2021,46069,2500 cc,Automatic,Petrol,Nairobi,Locally Used,2580000
Mazda,CX-5,2022,46242,2200 cc,Automatic,Diesel,Mombasa,Foreign Used,3135000
Mercedes-Benz,C200,2008,46415,2000 cc,Automatic,Petrol,Nairobi,Foreign Used,3937500
Nissan,X-Trail,2009,46588,2000 cc,Automatic,Petrol,Nakuru,Locally Used,2012499
Honda,Fit,2010,46761,1500 cc,Manual,Petrol,Kisumu,Locally Used,1762500
BMW,X3,2011,46934,2000 cc,Automatic,Diesel,Nairobi,Foreign Used,5040000
Audi,A4,2012,47107,2000 cc,Automatic,Diesel,Mombasa,Foreign Used,4777500
Toyota,Premio,2013,47280,1800 cc,Automatic,Petrol,Nairobi,Foreign Used,1575000
Subaru,Outback,2014,47453,2500 cc,Automatic,Petrol,Nairobi,Locally Used,1860000
Mazda,CX-5,2015,47626,2200 cc,Automatic,Diesel,Mombasa,Foreign Used,2280000
Mercedes-Benz,C200,2016,47799,2000 cc,Automatic,Petrol,Nairobi,Foreign Used,2887500
Nissan,X-Trail,2017,47972,2000 cc,Automatic,Petrol,Nakuru,Locally Used,1487500
Honda,Fit,2018,48145,1500 cc,Manual,Petrol,Kisumu,Locally Used,1312500
BMW,X3,2019,48318,2000 cc,Automatic,Diesel,Nairobi,Foreign Used,3780000
Audi,A4,2020,48491,2000 cc,Automatic,Diesel,Mombasa,Foreign Used,3607500
Toyota,Premio,2021,48664,1800 cc,Automatic,Petrol,Nairobi,Foreign Used,1995000
Subaru,Outback,2022,48837,2500 cc,Automatic,Petrol,Nairobi,Locally Used,2340000
Mazda,CX-5,2008,49010,2200 cc,Automatic,Diesel,Mombasa,Foreign Used,2850000
Mercedes-Benz,C200,2009,49183,2000 cc,Automatic,Petrol,Nairobi,Foreign Used,3587499
Nissan,X-Trail,2010,49356,2000 cc,Automatic,Petrol,Nakuru,Locally Used,1837500
Honda,Fit,2011,49529,1500 cc,Manual,Petrol,Kisumu,Locally Used,1612500
BMW,X3,2012,49702,2000 cc,Automatic,Diesel,Nairobi,Foreign Used,4620000
Audi,A4,2013,49875,2000 cc,Automatic,Diesel,Mombasa,Foreign Used,4387500
Toyota,Premio,2014,50048,1800 cc,Automatic,Petrol,Nairobi,Foreign Used,2415000
Subaru,Outback,2015,50221,2500 cc,Automatic,Petrol,Nairobi,Locally Used,2820000
Mazda,CX-5,2016,50394,2200 cc,Automatic,Diesel,Mombasa,Foreign Used,3420000
Mercedes-Benz,C200,2017,50567,2000 cc,Automatic,Petrol,Nairobi,Foreign Used,4287500
Nissan,X-Trail,2018,50740,2000 cc,Automatic,Petrol,Nakuru,Locally Used,1312500
Honda,Fit,2019,50913,1500 cc,Manual,Petrol,Kisumu,Locally Used,1162500
BMW,X3,2020,51086,2000 cc,Automatic,Diesel,Nairobi,Foreign Used,3360000
Audi,A4,2021,51259,2000 cc,Automatic,Diesel,Mombasa,Foreign Used,3217500
Toyota,Premio,2022,51432,1800 cc,Automatic,Petrol,Nairobi,Foreign Used,1785000
Subaru,Outback,2008,51605,2500 cc,Automatic,Petrol,Nairobi,Locally Used,2100000
Mazda,CX-5,2009,51778,2200 cc,Automatic,Diesel,Mombasa,Foreign Used,2565000
Mercedes-Benz,C200,2010,51951,2000 cc,Automatic,Petrol,Nairobi,Foreign Used,3237500
Nissan,X-Trail,2011,52124,2000 cc,Automatic,Petrol,Nakuru,Locally Used,1662500
Honda,Fit,2012,52297,1500 cc,Manual,Petrol,Kisumu,Locally Used,1462500
BMW,X3,2013,52470,2000 cc,Automatic,Diesel,Nairobi,Foreign Used,4200000
Audi,A4,2014,52643,2000 cc,Automatic,Diesel,Mombasa,Foreign Used,3997499
Toyota,Premio,2015,52816,1800 cc,Automatic,Petrol,Nairobi,Foreign Used,2205000
Subaru,Outback,2016,52989,2500 cc,Automatic,Petrol,Nairobi,Locally Used,2580000
Mazda,CX-5,2017,53162,2200 cc,Automatic,Diesel,Mombasa,Foreign Used,3135000
Mercedes-Benz,C200,2018,53335,2000 cc,Automatic,Petrol,Nairobi,Foreign Used,3937500
Nissan,X-Trail,2019,53508,2000 cc,Automatic,Petrol,Nakuru,Locally Used,2012499
Honda,Fit,2020,53681,1500 cc,Manual,Petrol,Kisumu,Locally Used,1762500
BMW,X3,2021,53854,2000 cc,Automatic,Diesel,Nairobi,Foreign Used,5040000
Audi,A4,2022,54027,2000 cc,Automatic,Diesel,Mombasa,Foreign Used,4777500
Toyota,Premio,2008,54200,1800 cc,Automatic,Petrol,Nairobi,Foreign Used,1575000
Subaru,Outback,2009,54373,2500 cc,Automatic,Petrol,Nairobi,Locally Used,1860000
Mazda,CX-5,2010,54546,2200 cc,Automatic,Diesel,Mombasa,Foreign Used,2280000
Mercedes-Benz,C200,2011,54719,2000 cc,Automatic,Petrol,Nairobi,Foreign Used,2887500
Nissan,X-Trail,2012,54892,2000 cc,Automatic,Petrol,Nakuru,Locally Used,1487500
Honda,Fit,2013,55065,1500 cc,Manual,Petrol,Kisumu,Locally Used,1312500
BMW,X3,2014,55238,2000 cc,Automatic,Diesel,Nairobi,Foreign Used,3780000
Audi,A4,2015,55411,2000 cc,Automatic,Diesel,Mombasa,Foreign Used,3607500
Toyota,Premio,2016,55584,1800 cc,Automatic,Petrol,Nairobi,Foreign Used,1995000
Subaru,Outback,2017,55757,2500 cc,Automatic,Petrol,Nairobi,Locally Used,2340000
Mazda,CX-5,2018,55930,2200 cc,Automatic,Diesel,Mombasa,Foreign Used,2850000
Mercedes-Benz,C200,2019,56103,2000 cc,Automatic,Petrol,Nairobi,Foreign Used,3587499
Nissan,X-Trail,2020,56276,2000 cc,Automatic,Petrol,Nakuru,Locally Used,1837500
Honda,Fit,2021,56449,1500 cc,Manual,Petrol,Kisumu,Locally Used,1612500
BMW,X3,2022,56622,2000 cc,Automatic,Diesel,Nairobi,Foreign Used,4620000
Audi,A4,2008,56795,2000 cc,Automatic,Diesel,Mombasa,Foreign Used,4387500
Toyota,Premio,2009,56968,1800 cc,Automatic,Petrol,Nairobi,Foreign Used,2415000
Subaru,Outback,2010,57141,2500 cc,Automatic,Petrol,Nairobi,Locally Used,2820000
Mazda,CX-5,2011,57314,2200 cc,Automatic,Diesel,Mombasa,Foreign Used,3420000
Mercedes-Benz,C200,2012,57487,2000 cc,Automatic,Petrol,Nairobi,Foreign Used,4287500
Nissan,X-Trail,2013,57660,2000 cc,Automatic,Petrol,Nakuru,Locally Used,1312500
Honda,Fit,2014,57833,1500 cc,Manual,Petrol,Kisumu,Locally Used,1162500
BMW,X3,2015,58006,2000 cc,Automatic,Diesel,Nairobi,Foreign Used,3360000
Audi,A4,2016,58179,2000 cc,Automatic,Diesel,Mombasa,Foreign Used,3217500
Toyota,Premio,2017,58352,1800 cc,Automatic,Petrol,Nairobi,Foreign Used,1785000
Subaru,Outback,2018,58525,2500 cc,Automatic,Petrol,Nairobi,Locally Used,2100000
Mazda,CX-5,2019,58698,2200 cc,Automatic,Diesel,Mombasa,Foreign Used,2565000
Mercedes-Benz,C200,2020,58871,2000 cc,Automatic,Petrol,Nairobi,Foreign Used,3237500
Nissan,X-Trail,2021,59044,2000 cc,Automatic,Petrol,Nakuru,Locally Used,1662500
Honda,Fit,2022,59217,1500 cc,Manual,Petrol,Kisumu,Locally Used,1462500
BMW,X3,2008,59390,2000 cc,Automatic,Diesel,Nairobi,Foreign Used,4200000
Audi,A4,2009,59563,2000 cc,Automatic,Diesel,Mombasa,Foreign Used,3997499
Toyota,Premio,2010,59736,1800 cc,Automatic,Petrol,Nairobi,Foreign Used,2205000
Subaru,Outback,2011,59909,2500 cc,Automatic,Petrol,Nairobi,Locally Used,2580000
Mazda,CX-5,2012,60082,2200 cc,Automatic,Diesel,Mombasa,Foreign Used,3135000
Mercedes-Benz,C200,2013,60255,2000 cc,Automatic,Petrol,Nairobi,Foreign Used,3937500
Nissan,X-Trail,2014,60428,2000 cc,Automatic,Petrol,Nakuru,Locally Used,2012499
Honda,Fit,2015,60601,1500 cc,Manual,Petrol,Kisumu,Locally Used,1762500
BMW,X3,2016,60774,2000 cc,Automatic,Diesel,Nairobi,Foreign Used,5040000
Audi,A4,2017,60947,2000 cc,Automatic,Diesel,Mombasa,Foreign Used,4777500
Toyota,Premio,2018,61120,1800 cc,Automatic,Petrol,Nairobi,Foreign Used,1575000
Subaru,Outback,2019,61293,2500 cc,Automatic,Petrol,Nairobi,Locally Used,1860000
Mazda,CX-5,2020,61466,2200 cc,Automatic,Diesel,Mombasa,Foreign Used,2280000
Mercedes-Benz,C200,2021,61639,2000 cc,Automatic,Petrol,Nairobi,Foreign Used,2887500
Nissan,X-Trail,2022,61812,2000 cc,Automatic,Petrol,Nakuru,Locally Used,1487500
Honda,Fit,2008,61985,1500 cc,Manual,Petrol,Kisumu,Locally Used,1312500
BMW,X3,2009,62158,2000 cc,Automatic,Diesel,Nairobi,Foreign Used,3780000
Audi,A4,2010,62331,2000 cc,Automatic,Diesel,Mombasa,Foreign Used,3607500
Toyota,Premio,2011,62504,1800 cc,Automatic,Petrol,Nairobi,Foreign Used,1995000
Subaru,Outback,2012,62677,2500 cc,Automatic,Petrol,Nairobi,Locally Used,2340000
Mazda,CX-5,2013,62850,2200 cc,Automatic,Diesel,Mombasa,Foreign Used,2850000
Mercedes-Benz,C200,2014,63023,2000 cc,Automatic,Petrol,Nairobi,Foreign Used,3587499
Nissan,X-Trail,2015,63196,2000 cc,Automatic,Petrol,Nakuru,Locally Used,1837500
Honda,Fit,2016,63369,1500 cc,Manual,Petrol,Kisumu,Locally Used,1612500
BMW,X3,2017,63542,2000 cc,Automatic,Diesel,Nairobi,Foreign Used,4620000
Audi,A4,2018,63715,2000 cc,Automatic,Diesel,Mombasa,Foreign Used,4387500
Toyota,Premio,2019,63888,1800 cc,Automatic,Petrol,Nairobi,Foreign Used,2415000
Subaru,Outback,2020,64061,2500 cc,Automatic,Petrol,Nairobi,Locally Used,2820000
Mazda,CX-5,2021,64234,2200 cc,Automatic,Diesel,Mombasa,Foreign Used,3420000
Mercedes-Benz,C200,2022,64407,2000 cc,Automatic,Petrol,Nairobi,Foreign Used,4287500
Nissan,X-Trail,2008,64580,2000 cc,Automatic,Petrol,Nakuru,Locally Used,1312500
Honda,Fit,2009,64753,1500 cc,Manual,Petrol,Kisumu,Locally Used,1162500
BMW,X3,2010,64926,2000 cc,Automatic,Diesel,Nairobi,Foreign Used,3360000
Audi,A4,2011,65099,2000 cc,Automatic,Diesel,Mombasa,Foreign Used,3217500
Toyota,Premio,2012,65272,1800 cc,Automatic,Petrol,Nairobi,Foreign Used,1785000
Subaru,Outback,2013,65445,2500 cc,Automatic,Petrol,Nairobi,Locally Used,2100000
Mazda,CX-5,2014,65618,2200 cc,Automatic,Diesel,Mombasa,Foreign Used,2565000
Mercedes-Benz,C200,2015,65791,2000 cc,Automatic,Petrol,Nairobi,Foreign Used,3237500
Nissan,X-Trail,2016,65964,2000 cc,Automatic,Petrol,Nakuru,Locally Used,1662500
Honda,Fit,2017,66137,1500 cc,Manual,Petrol,Kisumu,Locally Used,1462500
BMW,X3,2018,66310,2000 cc,Automatic,Diesel,Nairobi,Foreign Used,4200000
Audi,A4,2019,66483,2000 cc,Automatic,Diesel,Mombasa,Foreign Used,3997499
Toyota,Premio,2020,66656,1800 cc,Automatic,Petrol,Nairobi,Foreign Used,2205000
Subaru,Outback,2021,66829,2500 cc,Automatic,Petrol,Nairobi,Locally Used,2580000
Mazda,CX-5,2022,67002,2200 cc,Automatic,Diesel,Mombasa,Foreign Used,3135000
Mercedes-Benz,C200,2008,67175,2000 cc,Automatic,Petrol,Nairobi,Foreign Used,3937500
Nissan,X-Trail,2009,67348,2000 cc,Automatic,Petrol,Nakuru,Locally Used,2012499
Honda,Fit,2010,67521,1500 cc,Manual,Petrol,Kisumu,Locally Used,1762500
BMW,X3,2011,67694,2000 cc,Automatic,Diesel,Nairobi,Foreign Used,5040000
Audi,A4,2012,67867,2000 cc,Automatic,Diesel,Mombasa,Foreign Used,4777500
Toyota,Premio,2013,68040,1800 cc,Automatic,Petrol,Nairobi,Foreign Used,1575000
Subaru,Outback,2014,68213,2500 cc,Automatic,Petrol,Nairobi,Locally Used,1860000
Mazda,CX-5,2015,68386,2200 cc,Automatic,Diesel,Mombasa,Foreign Used,2280000
Mercedes-Benz,C200,2016,68559,2000 cc,Automatic,Petrol,Nairobi,Foreign Used,2887500
Nissan,X-Trail,2017,68732,2000 cc,Automatic,Petrol,Nakuru,Locally Used,1487500
Honda,Fit,2018,68905,1500 cc,Manual,Petrol,Kisumu,Locally Used,1312500
BMW,X3,2019,69078,2000 cc,Automatic,Diesel,Nairobi,Foreign Used,3780000
Audi,A4,2020,69251,2000 cc,Automatic,Diesel,Mombasa,Foreign Used,3607500
Toyota,Premio,2021,69424,1800 cc,Automatic,Petrol,Nairobi,Foreign Used,1995000
Subaru,Outback,2022,69597,2500 cc,Automatic,Petrol,Nairobi,Locally Used,2340000
Mazda,CX-5,2008,69770,2200 cc,Automatic,Diesel,Mombasa,Foreign Used,2850000
Mercedes-Benz,C200,2009,69943,2000 cc,Automatic,Petrol,Nairobi,Foreign Used,3587499
Nissan,X-Trail,2010,70116,2000 cc,Automatic,Petrol,Nakuru,Locally Used,1837500
Honda,Fit,2011,70289,1500 cc,Manual,Petrol,Kisumu,Locally Used,1612500
BMW,X3,2012,70462,2000 cc,Automatic,Diesel,Nairobi,Foreign Used,4620000
Audi,A4,2013,70635,2000 cc,Automatic,Diesel,Mombasa,Foreign Used,4387500
Toyota,Premio,2014,70808,1800 cc,Automatic,Petrol,Nairobi,Foreign Used,2415000
Subaru,Outback,2015,70981,2500 cc,Automatic,Petrol,Nairobi,Locally Used,2820000
Mazda,CX-5,2016,71154,2200 cc,Automatic,Diesel,Mombasa,Foreign Used,3420000
Mercedes-Benz,C200,2017,71327,2000 cc,Automatic,Petrol,Nairobi,Foreign Used,4287500
Nissan,X-Trail,2018,71500,2000 cc,Automatic,Petrol,Nakuru,Locally Used,1312500
Honda,Fit,2019,71673,1500 cc,Manual,Petrol,Kisumu,Locally Used,1162500
BMW,X3,2020,71846,2000 cc,Automatic,Diesel,Nairobi,Foreign Used,3360000
Audi,A4,2021,72019,2000 cc,Automatic,Diesel,Mombasa,Foreign Used,3217500
Toyota,Premio,2022,72192,1800 cc,Automatic,Petrol,Nairobi,Foreign Used,1785000
Subaru,Outback,2008,72365,2500 cc,Automatic,Petrol,Nairobi,Locally Used,2100000
Mazda,CX-5,2009,72538,2200 cc,Automatic,Diesel,Mombasa,Foreign Used,2565000
Mercedes-Benz,C200,2010,72711,2000 cc,Automatic,Petrol,Nairobi,Foreign Used,3237500
Nissan,X-Trail,2011,72884,2000 cc,Automatic,Petrol,Nakuru,Locally Used,1662500
Honda,Fit,2012,73057,1500 cc,Manual,Petrol,Kisumu,Locally Used,1462500
BMW,X3,2013,73230,2000 cc,Automatic,Diesel,Nairobi,Foreign Used,4200000
Audi,A4,2014,73403,2000 cc,Automatic,Diesel,Mombasa,Foreign Used,3997499
Toyota,Premio,2015,73576,1800 cc,Automatic,Petrol,Nairobi,Foreign Used,2205000
Subaru,Outback,2016,73749,2500 cc,Automatic,Petrol,Nairobi,Locally Used,2580000
Mazda,CX-5,2017,73922,2200 cc,Automatic,Diesel,Mombasa,Foreign Used,3135000
Mercedes-Benz,C200,2018,74095,2000 cc,Automatic,Petrol,Nairobi,Foreign Used,3937500
Nissan,X-Trail,2019,74268,2000 cc,Automatic,Petrol,Nakuru,Locally Used,2012499
Honda,Fit,2020,74441,1500 cc,Manual,Petrol,Kisumu,Locally Used,1762500
BMW,X3,2021,74614,2000 cc,Automatic,Diesel,Nairobi,Foreign Used,5040000
Audi,A4,2022,74787,2000 cc,Automatic,Diesel,Mombasa,Foreign Used,4777500
Toyota,Premio,2008,74960,1800 cc,Automatic,Petrol,Nairobi,Foreign Used,1575000
Subaru,Outback,2009,75133,2500 cc,Automatic,Petrol,Nairobi,Locally Used,1860000
Mazda,CX-5,2010,75306,2200 cc,Automatic,Diesel,Mombasa,Foreign Used,2280000
Mercedes-Benz,C200,2011,75479,2000 cc,Automatic,Petrol,Nairobi,Foreign Used,2887500
Nissan,X-Trail,2012,75652,2000 cc,Automatic,Petrol,Nakuru,Locally Used,1487500
Honda,Fit,2013,75825,1500 cc,Manual,Petrol,Kisumu,Locally Used,1312500
BMW,X3,2014,75998,2000 cc,Automatic,Diesel,Nairobi,Foreign Used,3780000
Audi,A4,2015,76171,2000 cc,Automatic,Diesel,Mombasa,Foreign Used,3607500
Toyota,Premio,2016,76344,1800 cc,Automatic,Petrol,Nairobi,Foreign Used,1995000
Subaru,Outback,2017,76517,2500 cc,Automatic,Petrol,Nairobi,Locally Used,2340000
Mazda,CX-5,2018,76690,2200 cc,Automatic,Diesel,Mombasa,Foreign Used,2850000
Mercedes-Benz,C200,2019,76863,2000 cc,Automatic,Petrol,Nairobi,Foreign Used,3587499
Nissan,X-Trail,2020,77036,2000 cc,Automatic,Petrol,Nakuru,Locally Used,1837500
Honda,Fit,2021,77209,1500 cc,Manual,Petrol,Kisumu,Locally Used,1612500
BMW,X3,2022,77382,2000 cc,Automatic,Diesel,Nairobi,Foreign Used,4620000
Audi,A4,2008,77555,2000 cc,Automatic,Diesel,Mombasa,Foreign Used,4387500
Toyota,Premio,2009,77728,1800 cc,Automatic,Petrol,Nairobi,Foreign Used,2415000
Subaru,Outback,2010,77901,2500 cc,Automatic,Petrol,Nairobi,Locally Used,2820000
Mazda,CX-5,2011,78074,2200 cc,Automatic,Diesel,Mombasa,Foreign Used,3420000
Mercedes-Benz,C200,2012,78247,2000 cc,Automatic,Petrol,Nairobi,Foreign Used,4287500
Nissan,X-Trail,2013,78420,2000 cc,Automatic,Petrol,Nakuru,Locally Used,1312500
Honda,Fit,2014,78593,1500 cc,Manual,Petrol,Kisumu,Locally Used,1162500
BMW,X3,2015,78766,2000 cc,Automatic,Diesel,Nairobi,Foreign Used,3360000
Audi,A4,2016,78939,2000 cc,Automatic,Diesel,Mombasa,Foreign Used,3217500
Toyota,Premio,2017,79112,1800 cc,Automatic,Petrol,Nairobi,Foreign Used,1785000
Subaru,Outback,2018,79285,2500 cc,Automatic,Petrol,Nairobi,Locally Used,2100000
Mazda,CX-5,2019,79458,2200 cc,Automatic,Diesel,Mombasa,Foreign Used,2565000
Mercedes-Benz,C200,2020,79631,2000 cc,Automatic,Petrol,Nairobi,Foreign Used,3237500
Nissan,X-Trail,2021,79804,2000 cc,Automatic,Petrol,Nakuru,Locally Used,1662500
Honda,Fit,2022,79977,1500 cc,Manual,Petrol,Kisumu,Locally Used,1462500
BMW,X3,2008,80150,2000 cc,Automatic,Diesel,Nairobi,Foreign Used,4200000
Audi,A4,2009,80323,2000 cc,Automatic,Diesel,Mombasa,Foreign Used,3997499
Toyota,Premio,2010,80496,1800 cc,Automatic,Petrol,Nairobi,Foreign Used,2205000
Subaru,Outback,2011,80669,2500 cc,Automatic,Petrol,Nairobi,Locally Used,2580000
Mazda,CX-5,2012,80842,2200 cc,Automatic,Diesel,Mombasa,Foreign Used,3135000
Mercedes-Benz,C200,2013,81015,2000 cc,Automatic,Petrol,Nairobi,Foreign Used,3937500
Nissan,X-Trail,2014,81188,2000 cc,Automatic,Petrol,Nakuru,Locally Used,2012499
Honda,Fit,2015,81361,1500 cc,Manual,Petrol,Kisumu,Locally Used,1762500
BMW,X3,2016,81534,2000 cc,Automatic,Diesel,Nairobi,Foreign Used,5040000
Audi,A4,2017,81707,2000 cc,Automatic,Diesel,Mombasa,Foreign Used,4777500
Toyota,Premio,2018,81880,1800 cc,Automatic,Petrol,Nairobi,Foreign Used,1575000
Subaru,Outback,2019,82053,2500 cc,Automatic,Petrol,Nairobi,Locally Used,1860000
Mazda,CX-5,2020,82226,2200 cc,Automatic,Diesel,Mombasa,Foreign Used,2280000
Mercedes-Benz,C200,2021,82399,2000 cc,Automatic,Petrol,Nairobi,Foreign Used,2887500
Nissan,X-Trail,2022,82572,2000 cc,Automatic,Petrol,Nakuru,Locally Used,1487500
Honda,Fit,2008,82745,1500 cc,Manual,Petrol,Kisumu,Locally Used,1312500
BMW,X3,2009,82918,2000 cc,Automatic,Diesel,Nairobi,Foreign Used,3780000
Audi,A4,2010,83091,2000 cc,Automatic,Diesel,Mombasa,Foreign Used,3607500
Toyota,Premio,2011,83264,1800 cc,Automatic,Petrol,Nairobi,Foreign Used,1995000
Subaru,Outback,2012,83437,2500 cc,Automatic,Petrol,Nairobi,Locally Used,2340000
Mazda,CX-5,2013,83610,2200 cc,Automatic,Diesel,Mombasa,Foreign Used,2850000
Mercedes-Benz,C200,2014,83783,2000 cc,Automatic,Petrol,Nairobi,Foreign Used,3587499
Nissan,X-Trail,2015,83956,2000 cc,Automatic,Petrol,Nakuru,Locally Used,1837500
Honda,Fit,2016,84129,1500 cc,Manual,Petrol,Kisumu,Locally Used,1612500
BMW,X3,2017,84302,2000 cc,Automatic,Diesel,Nairobi,Foreign Used,4620000
Audi,A4,2018,84475,2000 cc,Automatic,Diesel,Mombasa,Foreign Used,4387500
Toyota,Premio,2019,84648,1800 cc,Automatic,Petrol,Nairobi,Foreign Used,2415000
Subaru,Outback,2020,84821,2500 cc,Automatic,Petrol,Nairobi,Locally Used,2820000
Mazda,CX-5,2021,84994,2200 cc,Automatic,Diesel,Mombasa,Foreign Used,3420000
Mercedes-Benz,C200,2022,85167,2000 cc,Automatic,Petrol,Nairobi,Foreign Used,4287500
Nissan,X-Trail,2008,85340,2000 cc,Automatic,Petrol,Nakuru,Locally Used,1312500
Honda,Fit,2009,85513,1500 cc,Manual,Petrol,Kisumu,Locally Used,1162500
BMW,X3,2010,85686,2000 cc,Automatic,Diesel,Nairobi,Foreign Used,3360000
Audi,A4,2011,85859,2000 cc,Automatic,Diesel,Mombasa,Foreign Used,3217500
Toyota,Premio,2012,86032,1800 cc,Automatic,Petrol,Nairobi,Foreign Used,1785000
Subaru,Outback,2013,86205,2500 cc,Automatic,Petrol,Nairobi,Locally Used,2100000
Mazda,CX-5,2014,86378,2200 cc,Automatic,Diesel,Mombasa,Foreign Used,2565000
Mercedes-Benz,C200,2015,86551,2000 cc,Automatic,Petrol,Nairobi,Foreign Used,3237500
Nissan,X-Trail,2016,86724,2000 cc,Automatic,Petrol,Nakuru,Locally Used,1662500
Honda,Fit,2017,86897,1500 cc,Manual,Petrol,Kisumu,Locally Used,1462500
BMW,X3,2018,87070,2000 cc,Automatic,Diesel,Nairobi,Foreign Used,4200000
Audi,A4,2019,87243,2000 cc,Automatic,Diesel,Mombasa,Foreign Used,3997499
Toyota,Premio,2020,87416,1800 cc,Automatic,Petrol,Nairobi,Foreign Used,2205000
Subaru,Outback,2021,87589,2500 cc,Automatic,Petrol,Nairobi,Locally Used,2580000
Mazda,CX-5,2022,87762,2200 cc,Automatic,Diesel,Mombasa,Foreign Used,3135000
Mercedes-Benz,C200,2008,87935,2000 cc,Automatic,Petrol,Nairobi,Foreign Used,3937500
Nissan,X-Trail,2009,88108,2000 cc,Automatic,Petrol,Nakuru,Locally Used,2012499
Honda,Fit,2010,88281,1500 cc,Manual,Petrol,Kisumu,Locally Used,1762500
BMW,X3,2011,88454,2000 cc,Automatic,Diesel,Nairobi,Foreign Used,5040000
Audi,A4,2012,88627,2000 cc,Automatic,Diesel,Mombasa,Foreign Used,4777500
Toyota,Premio,2013,88800,1800 cc,Automatic,Petrol,Nairobi,Foreign Used,1575000
Subaru,Outback,2014,88973,2500 cc,Automatic,Petrol,Nairobi,Locally Used,1860000
Mazda,CX-5,2015,89146,2200 cc,Automatic,Diesel,Mombasa,Foreign Used,2280000
Mercedes-Benz,C200,2016,89319,2000 cc,Automatic,Petrol,Nairobi,Foreign Used,2887500
Nissan,X-Trail,2017,89492,2000 cc,Automatic,Petrol,Nakuru,Locally Used,1487500
Honda,Fit,2018,89665,1500 cc,Manual,Petrol,Kisumu,Locally Used,1312500
BMW,X3,2019,89838,2000 cc,Automatic,Diesel,Nairobi,Foreign Used,3780000
Audi,A4,2020,90011,2000 cc,Automatic,Diesel,Mombasa,Foreign Used,3607500
Toyota,Premio,2021,90184,1800 cc,Automatic,Petrol,Nairobi,Foreign Used,1995000
Subaru,Outback,2022,90357,2500 cc,Automatic,Petrol,Nairobi,Locally Used,2340000
Mazda,CX-5,2008,90530,2200 cc,Automatic,Diesel,Mombasa,Foreign Used,2850000
Mercedes-Benz,C200,2009,90703,2000 cc,Automatic,Petrol,Nairobi,Foreign Used,3587499
Nissan,X-Trail,2010,90876,2000 cc,Automatic,Petrol,Nakuru,Locally Used,1837500
Honda,Fit,2011,91049,1500 cc,Manual,Petrol,Kisumu,Locally Used,1612500
BMW,X3,2012,91222,2000 cc,Automatic,Diesel,Nairobi,Foreign Used,4620000
Audi,A4,2013,91395,2000 cc,Automatic,Diesel,Mombasa,Foreign Used,4387500
Toyota,Premio,2014,91568,1800 cc,Automatic,Petrol,Nairobi,Foreign Used,2415000
Subaru,Outback,2015,91741,2500 cc,Automatic,Petrol,Nairobi,Locally Used,2820000
Mazda,CX-5,2016,91914,2200 cc,Automatic,Diesel,Mombasa,Foreign Used,3420000
Mercedes-Benz,C200,2017,92087,2000 cc,Automatic,Petrol,Nairobi,Foreign Used,4287500
Nissan,X-Trail,2018,92260,2000 cc,Automatic,Petrol,Nakuru,Locally Used,1312500
Honda,Fit,2019,92433,1500 cc,Manual,Petrol,Kisumu,Locally Used,1162500
BMW,X3,2020,92606,2000 cc,Automatic,Diesel,Nairobi,Foreign Used,3360000
Audi,A4,2021,92779,2000 cc,Automatic,Diesel,Mombasa,Foreign Used,3217500
Toyota,Premio,2022,92952,1800 cc,Automatic,Petrol,Nairobi,Foreign Used,1785000
Subaru,Outback,2008,93125,2500 cc,Automatic,Petrol,Nairobi,Locally Used,2100000
Mazda,CX-5,2009,93298,2200 cc,Automatic,Diesel,Mombasa,Foreign Used,2565000
Mercedes-Benz,C200,2010,93471,2000 cc,Automatic,Petrol,Nairobi,Foreign Used,3237500
Nissan,X-Trail,2011,93644,2000 cc,Automatic,Petrol,Nakuru,Locally Used,1662500
Honda,Fit,2012,93817,1500 cc,Manual,Petrol,Kisumu,Locally Used,1462500
BMW,X3,2013,93990,2000 cc,Automatic,Diesel,Nairobi,Foreign Used,4200000
Audi,A4,2014,94163,2000 cc,Automatic,Diesel,Mombasa,Foreign Used,3997499
Toyota,Premio,2015,94336,1800 cc,Automatic,Petrol,Nairobi,Foreign Used,2205000
Subaru,Outback,2016,94509,2500 cc,Automatic,Petrol,Nairobi,Locally Used,2580000
Mazda,CX-5,2017,94682,2200 cc,Automatic,Diesel,Mombasa,Foreign Used,3135000
Mercedes-Benz,C200,2018,94855,2000 cc,Automatic,Petrol,Nairobi,Foreign Used,3937500
Nissan,X-Trail,2019,95028,2000 cc,Automatic,Petrol,Nakuru,Locally Used,2012499
Honda,Fit,2020,95201,1500 cc,Manual,Petrol,Kisumu,Locally Used,1762500
BMW,X3,2021,95374,2000 cc,Automatic,Diesel,Nairobi,Foreign Used,5040000
Audi,A4,2022,95547,2000 cc,Automatic,Diesel,Mombasa,Foreign Used,4777500
Toyota,Premio,2008,95720,1800 cc,Automatic,Petrol,Nairobi,Foreign Used,1575000
Subaru,Outback,2009,95893,2500 cc,Automatic,Petrol,Nairobi,Locally Used,1860000
Mazda,CX-5,2010,96066,2200 cc,Automatic,Diesel,Mombasa,Foreign Used,2280000
Mercedes-Benz,C200,2011,96239,2000 cc,Automatic,Petrol,Nairobi,Foreign Used,2887500
Nissan,X-Trail,2012,96412,2000 cc,Automatic,Petrol,Nakuru,Locally Used,1487500
Honda,Fit,2013,96585,1500 cc,Manual,Petrol,Kisumu,Locally Used,1312500
BMW,X3,2014,96758,2000 cc,Automatic,Diesel,Nairobi,Foreign Used,3780000
Audi,A4,2015,96931,2000 cc,Automatic,Diesel,Mombasa,Foreign Used,3607500
Toyota,Premio,2016,97104,1800 cc,Automatic,Petrol,Nairobi,Foreign Used,1995000
Subaru,Outback,2017,97277,2500 cc,Automatic,Petrol,Nairobi,Locally Used,2340000
Mazda,CX-5,2018,97450,2200 cc,Automatic,Diesel,Mombasa,Foreign Used,2850000
Mercedes-Benz,C200,2019,97623,2000 cc,Automatic,Petrol,Nairobi,Foreign Used,3587499
Nissan,X-Trail,2020,97796,2000 cc,Automatic,Petrol,Nakuru,Locally Used,1837500
Honda,Fit,2021,97969,1500 cc,Manual,Petrol,Kisumu,Locally Used,1612500
BMW,X3,2022,98142,2000 cc,Automatic,Diesel,Nairobi,Foreign Used,4620000
Audi,A4,2008,98315,2000 cc,Automatic,Diesel,Mombasa,Foreign Used,4387500
Toyota,Premio,2009,98488,1800 cc,Automatic,Petrol,Nairobi,Foreign Used,2415000
Subaru,Outback,2010,98661,2500 cc,Automatic,Petrol,Nairobi,Locally Used,2820000
Mazda,CX-5,2011,98834,2200 cc,Automatic,Diesel,Mombasa,Foreign Used,3420000
Mercedes-Benz,C200,2012,99007,2000 cc,Automatic,Petrol,Nairobi,Foreign Used,4287500
Nissan,X-Trail,2013,99180,2000 cc,Automatic,Petrol,Nakuru,Locally Used,1312500
Honda,Fit,2014,99353,1500 cc,Manual,Petrol,Kisumu,Locally Used,1162500
BMW,X3,2015,99526,2000 cc,Automatic,Diesel,Nairobi,Foreign Used,3360000
Audi,A4,2016,99699,2000 cc,Automatic,Diesel,Mombasa,Foreign Used,3217500
Toyota,Premio,2017,99872,1800 cc,Automatic,Petrol,Nairobi,Foreign Used,1785000
Subaru,Outback,2018,100045,2500 cc,Automatic,Petrol,Nairobi,Locally Used,2100000
Mazda,CX-5,2019,100218,2200 cc,Automatic,Diesel,Mombasa,Foreign Used,2565000
Mercedes-Benz,C200,2020,100391,2000 cc,Automatic,Petrol,Nairobi,Foreign Used,3237500
Nissan,X-Trail,2021,100564,2000 cc,Automatic,Petrol,Nakuru,Locally Used,1662500
Honda,Fit,2022,100737,1500 cc,Manual,Petrol,Kisumu,Locally Used,1462500
BMW,X3,2008,100910,2000 cc,Automatic,Diesel,Nairobi,Foreign Used,4200000
Audi,A4,2009,101083,2000 cc,Automatic,Diesel,Mombasa,Foreign Used,3997499
Toyota,Premio,2010,101256,1800 cc,Automatic,Petrol,Nairobi,Foreign Used,2205000
Subaru,Outback,2011,101429,2500 cc,Automatic,Petrol,Nairobi,Locally Used,2580000
Mazda,CX-5,2012,101602,2200 cc,Automatic,Diesel,Mombasa,Foreign Used,3135000
Mercedes-Benz,C200,2013,101775,2000 cc,Automatic,Petrol,Nairobi,Foreign Used,3937500
Nissan,X-Trail,2014,101948,2000 cc,Automatic,Petrol,Nakuru,Locally Used,2012499
Honda,Fit,2015,102121,1500 cc,Manual,Petrol,Kisumu,Locally Used,1762500
BMW,X3,2016,102294,2000 cc,Automatic,Diesel,Nairobi,Foreign Used,5040000
Audi,A4,2017,102467,2000 cc,Automatic,Diesel,Mombasa,Foreign Used,4777500
Toyota,Premio,2018,102640,1800 cc,Automatic,Petrol,Nairobi,Foreign Used,1575000
Subaru,Outback,2019,102813,2500 cc,Automatic,Petrol,Nairobi,Locally Used,1860000
Mazda,CX-5,2020,102986,2200 cc,Automatic,Diesel,Mombasa,Foreign Used,2280000
Mercedes-Benz,C200,2021,103159,2000 cc,Automatic,Petrol,Nairobi,Foreign Used,2887500
Nissan,X-Trail,2022,103332,2000 cc,Automatic,Petrol,Nakuru,Locally Used,1487500
Honda,Fit,2008,103505,1500 cc,Manual,Petrol,Kisumu,Locally Used,1312500
BMW,X3,2009,103678,2000 cc,Automatic,Diesel,Nairobi,Foreign Used,3780000
Audi,A4,2010,103851,2000 cc,Automatic,Diesel,Mombasa,Foreign Used,3607500
Toyota,Premio,2011,104024,1800 cc,Automatic,Petrol,Nairobi,Foreign Used,1995000
Subaru,Outback,2012,104197,2500 cc,Automatic,Petrol,Nairobi,Locally Used,2340000
Mazda,CX-5,2013,104370,2200 cc,Automatic,Diesel,Mombasa,Foreign Used,2850000
Mercedes-Benz,C200,2014,104543,2000 cc,Automatic,Petrol,Nairobi,Foreign Used,3587499
Nissan,X-Trail,2015,104716,2000 cc,Automatic,Petrol,Nakuru,Locally Used,1837500
Honda,Fit,2016,104889,1500 cc,Manual,Petrol,Kisumu,Locally Used,1612500
BMW,X3,2017,105062,2000 cc,Automatic,Diesel,Nairobi,Foreign Used,4620000
Audi,A4,2018,105235,2000 cc,Automatic,Diesel,Mombasa,Foreign Used,4387500
Toyota,Premio,2019,105408,1800 cc,Automatic,Petrol,Nairobi,Foreign Used,2415000
Subaru,Outback,2020,105581,2500 cc,Automatic,Petrol,Nairobi,Locally Used,2820000
Mazda,CX-5,2021,105754,2200 cc,Automatic,Diesel,Mombasa,Foreign Used,3420000
Mercedes-Benz,C200,2022,105927,2000 cc,Automatic,Petrol,Nairobi,Foreign Used,4287500
Nissan,X-Trail,2008,106100,2000 cc,Automatic,Petrol,Nakuru,Locally Used,1312500
Honda,Fit,2009,106273,1500 cc,Manual,Petrol,Kisumu,Locally Used,1162500
BMW,X3,2010,106446,2000 cc,Automatic,Diesel,Nairobi,Foreign Used,3360000
Audi,A4,2011,106619,2000 cc,Automatic,Diesel,Mombasa,Foreign Used,3217500
Toyota,Premio,2012,106792,1800 cc,Automatic,Petrol,Nairobi,Foreign Used,1785000
Subaru,Outback,2013,106965,2500 cc,Automatic,Petrol,Nairobi,Locally Used,2100000
Mazda,CX-5,2014,107138,2200 cc,Automatic,Diesel,Mombasa,Foreign Used,2565000
Mercedes-Benz,C200,2015,107311,2000 cc,Automatic,Petrol,Nairobi,Foreign Used,3237500
Nissan,X-Trail,2016,107484,2000 cc,Automatic,Petrol,Nakuru,Locally Used,1662500
Honda,Fit,2017,107657,1500 cc,Manual,Petrol,Kisumu,Locally Used,1462500
BMW,X3,2018,107830,2000 cc,Automatic,Diesel,Nairobi,Foreign Used,4200000
Audi,A4,2019,108003,2000 cc,Automatic,Diesel,Mombasa,Foreign Used,3997499
Toyota,Premio,2020,108176,1800 cc,Automatic,Petrol,Nairobi,Foreign Used,2205000
Subaru,Outback,2021,108349,2500 cc,Automatic,Petrol,Nairobi,Locally Used,2580000
Mazda,CX-5,2022,108522,2200 cc,Automatic,Diesel,Mombasa,Foreign Used,3135000
Mercedes-Benz,C200,2008,108695,2000 cc,Automatic,Petrol,Nairobi,Foreign Used,3937500
Nissan,X-Trail,2009,108868,2000 cc,Automatic,Petrol,Nakuru,Locally Used,2012499
Honda,Fit,2010,109041,1500 cc,Manual,Petrol,Kisumu,Locally Used,1762500
BMW,X3,2011,109214,2000 cc,Automatic,Diesel,Nairobi,Foreign Used,5040000
Audi,A4,2012,109387,2000 cc,Automatic,Diesel,Mombasa,Foreign Used,4777500
Toyota,Premio,2013,109560,1800 cc,Automatic,Petrol,Nairobi,Foreign Used,1575000
Subaru,Outback,2014,109733,2500 cc,Automatic,Petrol,Nairobi,Locally Used,1860000
Mazda,CX-5,2015,109906,2200 cc,Automatic,Diesel,Mombasa,Foreign Used,2280000
Mercedes-Benz,C200,2016,110079,2000 cc,Automatic,Petrol,Nairobi,Foreign Used,2887500
Nissan,X-Trail,2017,110252,2000 cc,Automatic,Petrol,Nakuru,Locally Used,1487500
Honda,Fit,2018,110425,1500 cc,Manual,Petrol,Kisumu,Locally Used,1312500
BMW,X3,2019,110598,2000 cc,Automatic,Diesel,Nairobi,Foreign Used,3780000
Audi,A4,2020,110771,2000 cc,Automatic,Diesel,Mombasa,Foreign Used,3607500
Toyota,Premio,2021,110944,1800 cc,Automatic,Petrol,Nairobi,Foreign Used,1995000
Subaru,Outback,2022,111117,2500 cc,Automatic,Petrol,Nairobi,Locally Used,2340000
Mazda,CX-5,2008,111290,2200 cc,Automatic,Diesel,Mombasa,Foreign Used,2850000
Mercedes-Benz,C200,2009,111463,2000 cc,Automatic,Petrol,Nairobi,Foreign Used,3587499
Nissan,X-Trail,2010,111636,2000 cc,Automatic,Petrol,Nakuru,Locally Used,1837500
Honda,Fit,2011,111809,1500 cc,Manual,Petrol,Kisumu,Locally Used,1612500
BMW,X3,2012,111982,2000 cc,Automatic,Diesel,Nairobi,Foreign Used,4620000
Audi,A4,2013,112155,2000 cc,Automatic,Diesel,Mombasa,Foreign Used,4387500
Toyota,Premio,2014,112328,1800 cc,Automatic,Petrol,Nairobi,Foreign Used,2415000
Subaru,Outback,2015,112501,2500 cc,Automatic,Petrol,Nairobi,Locally Used,2820000
Mazda,CX-5,2016,112674,2200 cc,Automatic,Diesel,Mombasa,Foreign Used,3420000
Mercedes-Benz,C200,2017,112847,2000 cc,Automatic,Petrol,Nairobi,Foreign Used,4287500
Nissan,X-Trail,2018,113020,2000 cc,Automatic,Petrol,Nakuru,Locally Used,1312500
Honda,Fit,2019,113193,1500 cc,Manual,Petrol,Kisumu,Locally Used,1162500
BMW,X3,2020,113366,2000 cc,Automatic,Diesel,Nairobi,Foreign Used,3360000
Audi,A4,2021,113539,2000 cc,Automatic,Diesel,Mombasa,Foreign Used,3217500
Toyota,Premio,2022,113712,1800 cc,Automatic,Petrol,Nairobi,Foreign Used,1785000
Subaru,Outback,2008,113885,2500 cc,Automatic,Petrol,Nairobi,Locally Used,2100000
Mazda,CX-5,2009,114058,2200 cc,Automatic,Diesel,Mombasa,Foreign Used,2565000
Mercedes-Benz,C200,2010,114231,2000 cc,Automatic,Petrol,Nairobi,Foreign Used,3237500
Nissan,X-Trail,2011,114404,2000 cc,Automatic,Petrol,Nakuru,Locally Used,1662500
Honda,Fit,2012,114577,1500 cc,Manual,Petrol,Kisumu,Locally Used,1462500
BMW,X3,2013,114750,2000 cc,Automatic,Diesel,Nairobi,Foreign Used,4200000
Audi,A4,2014,114923,2000 cc,Automatic,Diesel,Mombasa,Foreign Used,3997499
Toyota,Premio,2015,115096,1800 cc,Automatic,Petrol,Nairobi,Foreign Used,2205000
Subaru,Outback,2016,115269,2500 cc,Automatic,Petrol,Nairobi,Locally Used,2580000
Mazda,CX-5,2017,115442,2200 cc,Automatic,Diesel,Mombasa,Foreign Used,3135000
Mercedes-Benz,C200,2018,115615,2000 cc,Automatic,Petrol,Nairobi,Foreign Used,3937500
Nissan,X-Trail,2019,115788,2000 cc,Automatic,Petrol,Nakuru,Locally Used,2012499
Honda,Fit,2020,115961,1500 cc,Manual,Petrol,Kisumu,Locally Used,1762500
BMW,X3,2021,116134,2000 cc,Automatic,Diesel,Nairobi,Foreign Used,5040000
Audi,A4,2022,116307,2000 cc,Automatic,Diesel,Mombasa,Foreign Used,4777500
Toyota,Premio,2008,116480,1800 cc,Automatic,Petrol,Nairobi,Foreign Used,1575000
Subaru,Outback,2009,116653,2500 cc,Automatic,Petrol,Nairobi,Locally Used,1860000
Mazda,CX-5,2010,116826,2200 cc,Automatic,Diesel,Mombasa,Foreign Used,2280000
Mercedes-Benz,C200,2011,116999,2000 cc,Automatic,Petrol,Nairobi,Foreign Used,2887500
Nissan,X-Trail,2012,117172,2000 cc,Automatic,Petrol,Nakuru,Locally Used,1487500
Honda,Fit,2013,117345,1500 cc,Manual,Petrol,Kisumu,Locally Used,1312500
BMW,X3,2014,117518,2000 cc,Automatic,Diesel,Nairobi,Foreign Used,3780000
Audi,A4,2015,117691,2000 cc,Automatic,Diesel,Mombasa,Foreign Used,3607500
Toyota,Premio,2016,117864,1800 cc,Automatic,Petrol,Nairobi,Foreign Used,1995000
Subaru,Outback,2017,118037,2500 cc,Automatic,Petrol,Nairobi,Locally Used,2340000
Mazda,CX-5,2018,118210,2200 cc,Automatic,Diesel,Mombasa,Foreign Used,2850000
Mercedes-Benz,C200,2019,118383,2000 cc,Automatic,Petrol,Nairobi,Foreign Used,3587499
Nissan,X-Trail,2020,118556,2000 cc,Automatic,Petrol,Nakuru,Locally Used,1837500
Honda,Fit,2021,118729,1500 cc,Manual,Petrol,Kisumu,Locally Used,1612500
BMW,X3,2022,118902,2000 cc,Automatic,Diesel,Nairobi,Foreign Used,4620000
Audi,A4,2008,119075,2000 cc,Automatic,Diesel,Mombasa,Foreign Used,4387500
Toyota,Premio,2009,119248,1800 cc,Automatic,Petrol,Nairobi,Foreign Used,2415000
Subaru,Outback,2010,119421,2500 cc,Automatic,Petrol,Nairobi,Locally Used,2820000
Mazda,CX-5,2011,119594,2200 cc,Automatic,Diesel,Mombasa,Foreign Used,3420000
Mercedes-Benz,C200,2012,119767,2000 cc,Automatic,Petrol,Nairobi,Foreign Used,4287500
Nissan,X-Trail,2013,119940,2000 cc,Automatic,Petrol,Nakuru,Locally Used,1312500
Honda,Fit,2014,120113,1500 cc,Manual,Petrol,Kisumu,Locally Used,1162500
BMW,X3,2015,120286,2000 cc,Automatic,Diesel,Nairobi,Foreign Used,3360000
Audi,A4,2016,120459,2000 cc,Automatic,Diesel,Mombasa,Foreign Used,3217500
Toyota,Premio,2017,120632,1800 cc,Automatic,Petrol,Nairobi,Foreign Used,1785000
Subaru,Outback,2018,120805,2500 cc,Automatic,Petrol,Nairobi,Locally Used,2100000
Mazda,CX-5,2019,120978,2200 cc,Automatic,Diesel,Mombasa,Foreign Used,2565000
Mercedes-Benz,C200,2020,121151,2000 cc,Automatic,Petrol,Nairobi,Foreign Used,3237500
Nissan,X-Trail,2021,121324,2000 cc,Automatic,Petrol,Nakuru,Locally Used,1662500
Honda,Fit,2022,121497,1500 cc,Manual,Petrol,Kisumu,Locally Used,1462500
BMW,X3,2008,121670,2000 cc,Automatic,Diesel,Nairobi,Foreign Used,4200000
Audi,A4,2009,121843,2000 cc,Automatic,Diesel,Mombasa,Foreign Used,3997499
Toyota,Premio,2010,122016,1800 cc,Automatic,Petrol,Nairobi,Foreign Used,2205000
Subaru,Outback,2011,122189,2500 cc,Automatic,Petrol,Nairobi,Locally Used,2580000
Mazda,CX-5,2012,122362,2200 cc,Automatic,Diesel,Mombasa,Foreign Used,3135000
Mercedes-Benz,C200,2013,122535,2000 cc,Automatic,Petrol,Nairobi,Foreign Used,3937500
Nissan,X-Trail,2014,122708,2000 cc,Automatic,Petrol,Nakuru,Locally Used,2012499
Honda,Fit,2015,122881,1500 cc,Manual,Petrol,Kisumu,Locally Used,1762500
BMW,X3,2016,123054,2000 cc,Automatic,Diesel,Nairobi,Foreign Used,5040000
Audi,A4,2017,123227,2000 cc,Automatic,Diesel,Mombasa,Foreign Used,4777500
Toyota,Premio,2018,123400,1800 cc,Automatic,Petrol,Nairobi,Foreign Used,1575000
Subaru,Outback,2019,123573,2500 cc,Automatic,Petrol,Nairobi,Locally Used,1860000
Mazda,CX-5,2020,123746,2200 cc,Automatic,Diesel,Mombasa,Foreign Used,2280000
Mercedes-Benz,C200,2021,123919,2000 cc,Automatic,Petrol,Nairobi,Foreign Used,2887500
Nissan,X-Trail,2022,124092,2000 cc,Automatic,Petrol,Nakuru,Locally Used,1487500
Honda,Fit,2008,124265,1500 cc,Manual,Petrol,Kisumu,Locally Used,1312500
BMW,X3,2009,124438,2000 cc,Automatic,Diesel,Nairobi,Foreign Used,3780000
Audi,A4,2010,124611,2000 cc,Automatic,Diesel,Mombasa,Foreign Used,3607500
Toyota,Premio,2011,124784,1800 cc,Automatic,Petrol,Nairobi,Foreign Used,1995000
Subaru,Outback,2012,124957,2500 cc,Automatic,Petrol,Nairobi,Locally Used,2340000
Mazda,CX-5,2013,125130,2200 cc,Automatic,Diesel,Mombasa,Foreign Used,2850000
Mercedes-Benz,C200,2014,125303,2000 cc,Automatic,Petrol,Nairobi,Foreign Used,3587499
Nissan,X-Trail,2015,125476,2000 cc,Automatic,Petrol,Nakuru,Locally Used,1837500
Honda,Fit,2016,125649,1500 cc,Manual,Petrol,Kisumu,Locally Used,1612500
BMW,X3,2017,125822,2000 cc,Automatic,Diesel,Nairobi,Foreign Used,4620000
Audi,A4,2018,125995,2000 cc,Automatic,Diesel,Mombasa,Foreign Used,4387500
Toyota,Premio,2019,126168,1800 cc,Automatic,Petrol,Nairobi,Foreign Used,2415000
Subaru,Outback,2020,126341,2500 cc,Automatic,Petrol,Nairobi,Locally Used,2820000
Mazda,CX-5,2021,126514,2200 cc,Automatic,Diesel,Mombasa,Foreign Used,3420000
Mercedes-Benz,C200,2022,126687,2000 cc,Automatic,Petrol,Nairobi,Foreign Used,4287500
Nissan,X-Trail,2008,126860,2000 cc,Automatic,Petrol,Nakuru,Locally Used,1312500
Honda,Fit,2009,127033,1500 cc,Manual,Petrol,Kisumu,Locally Used,1162500
BMW,X3,2010,127206,2000 cc,Automatic,Diesel,Nairobi,Foreign Used,3360000
Audi,A4,2011,127379,2000 cc,Automatic,Diesel,Mombasa,Foreign Used,3217500
Toyota,Premio,2012,127552,1800 cc,Automatic,Petrol,Nairobi,Foreign Used,1785000
Subaru,Outback,2013,127725,2500 cc,Automatic,Petrol,Nairobi,Locally Used,2100000
Mazda,CX-5,2014,127898,2200 cc,Automatic,Diesel,Mombasa,Foreign Used,2565000
Mercedes-Benz,C200,2015,128071,2000 cc,Automatic,Petrol,Nairobi,Foreign Used,3237500
Nissan,X-Trail,2016,128244,2000 cc,Automatic,Petrol,Nakuru,Locally Used,1662500
Honda,Fit,2017,128417,1500 cc,Manual,Petrol,Kisumu,Locally Used,1462500
BMW,X3,2018,128590,2000 cc,Automatic,Diesel,Nairobi,Foreign Used,4200000
Audi,A4,2019,128763,2000 cc,Automatic,Diesel,Mombasa,Foreign Used,3997499
Toyota,Premio,2020,128936,1800 cc,Automatic,Petrol,Nairobi,Foreign Used,2205000
Subaru,Outback,2021,129109,2500 cc,Automatic,Petrol,Nairobi,Locally Used,2580000
Mazda,CX-5,2022,129282,2200 cc,Automatic,Diesel,Mombasa,Foreign Used,3135000
Mercedes-Benz,C200,2008,129455,2000 cc,Automatic,Petrol,Nairobi,Foreign Used,3937500
Nissan,X-Trail,2009,129628,2000 cc,Automatic,Petrol,Nakuru,Locally Used,2012499
Honda,Fit,2010,129801,1500 cc,Manual,Petrol,Kisumu,Locally Used,1762500
BMW,X3,2011,129974,2000 cc,Automatic,Diesel,Nairobi,Foreign Used,5040000
Audi,A4,2012,130147,2000 cc,Automatic,Diesel,Mombasa,Foreign Used,4777500
Toyota,Premio,2013,130320,1800 cc,Automatic,Petrol,Nairobi,Foreign Used,1575000
Subaru,Outback,2014,130493,2500 cc,Automatic,Petrol,Nairobi,Locally Used,1860000
Mazda,CX-5,2015,130666,2200 cc,Automatic,Diesel,Mombasa,Foreign Used,2280000
Mercedes-Benz,C200,2016,130839,2000 cc,Automatic,Petrol,Nairobi,Foreign Used,2887500
Nissan,X-Trail,2017,131012,2000 cc,Automatic,Petrol,Nakuru,Locally Used,1487500
Honda,Fit,2018,131185,1500 cc,Manual,Petrol,Kisumu,Locally Used,1312500
BMW,X3,2019,131358,2000 cc,Automatic,Diesel,Nairobi,Foreign Used,3780000
Audi,A4,2020,131531,2000 cc,Automatic,Diesel,Mombasa,Foreign Used,3607500
Toyota,Premio,2021,131704,1800 cc,Automatic,Petrol,Nairobi,Foreign Used,1995000
Subaru,Outback,2022,131877,2500 cc,Automatic,Petrol,Nairobi,Locally Used,2340000
Mazda,CX-5,2008,132050,2200 cc,Automatic,Diesel,Mombasa,Foreign Used,2850000
Mercedes-Benz,C200,2009,132223,2000 cc,Automatic,Petrol,Nairobi,Foreign Used,3587499
Nissan,X-Trail,2010,132396,2000 cc,Automatic,Petrol,Nakuru,Locally Used,1837500
Honda,Fit,2011,132569,1500 cc,Manual,Petrol,Kisumu,Locally Used,1612500
BMW,X3,2012,132742,2000 cc,Automatic,Diesel,Nairobi,Foreign Used,4620000
Audi,A4,2013,132915,2000 cc,Automatic,Diesel,Mombasa,Foreign Used,4387500
Toyota,Premio,2014,133088,1800 cc,Automatic,Petrol,Nairobi,Foreign Used,2415000
Subaru,Outback,2015,133261,2500 cc,Automatic,Petrol,Nairobi,Locally Used,2820000
Mazda,CX-5,2016,133434,2200 cc,Automatic,Diesel,Mombasa,Foreign Used,3420000
Mercedes-Benz,C200,2017,133607,2000 cc,Automatic,Petrol,Nairobi,Foreign Used,4287500
Nissan,X-Trail,2018,133780,2000 cc,Automatic,Petrol,Nakuru,Locally Used,1312500
Honda,Fit,2019,133953,1500 cc,Manual,Petrol,Kisumu,Locally Used,1162500
BMW,X3,2020,134126,2000 cc,Automatic,Diesel,Nairobi,Foreign Used,3360000
Audi,A4,2021,134299,2000 cc,Automatic,Diesel,Mombasa,Foreign Used,3217500
Toyota,Premio,2022,134472,1800 cc,Automatic,Petrol,Nairobi,Foreign Used,1785000
Subaru,Outback,2008,134645,2500 cc,Automatic,Petrol,Nairobi,Locally Used,2100000
Mazda,CX-5,2009,134818,2200 cc,Automatic,Diesel,Mombasa,Foreign Used,2565000
Mercedes-Benz,C200,2010,134991,2000 cc,Automatic,Petrol,Nairobi,Foreign Used,3237500
Nissan,X-Trail,2011,135164,2000 cc,Automatic,Petrol,Nakuru,Locally Used,1662500
Honda,Fit,2012,135337,1500 cc,Manual,Petrol,Kisumu,Locally Used,1462500
BMW,X3,2013,135510,2000 cc,Automatic,Diesel,Nairobi,Foreign Used,4200000
Audi,A4,2014,135683,2000 cc,Automatic,Diesel,Mombasa,Foreign Used,3997499
Toyota,Premio,2015,135856,1800 cc,Automatic,Petrol,Nairobi,Foreign Used,2205000
Subaru,Outback,2016,136029,2500 cc,Automatic,Petrol,Nairobi,Locally Used,2580000
Mazda,CX-5,2017,136202,2200 cc,Automatic,Diesel,Mombasa,Foreign Used,3135000
Mercedes-Benz,C200,2018,136375,2000 cc,Automatic,Petrol,Nairobi,Foreign Used,3937500
Nissan,X-Trail,2019,136548,2000 cc,Automatic,Petrol,Nakuru,Locally Used,2012499
Honda,Fit,2020,136721,1500 cc,Manual,Petrol,Kisumu,Locally Used,1762500
BMW,X3,2021,136894,2000 cc,Automatic,Diesel,Nairobi,Foreign Used,5040000
Audi,A4,2022,137067,2000 cc,Automatic,Diesel,Mombasa,Foreign Used,4777500
Toyota,Premio,2008,137240,1800 cc,Automatic,Petrol,Nairobi,Foreign Used,1575000
Subaru,Outback,2009,137413,2500 cc,Automatic,Petrol,Nairobi,Locally Used,1860000
Mazda,CX-5,2010,137586,2200 cc,Automatic,Diesel,Mombasa,Foreign Used,2280000
Mercedes-Benz,C200,2011,137759,2000 cc,Automatic,Petrol,Nairobi,Foreign Used,2887500
Nissan,X-Trail,2012,137932,2000 cc,Automatic,Petrol,Nakuru,Locally Used,1487500
Honda,Fit,2013,138105,1500 cc,Manual,Petrol,Kisumu,Locally Used,1312500
BMW,X3,2014,138278,2000 cc,Automatic,Diesel,Nairobi,Foreign Used,3780000
Audi,A4,2015,138451,2000 cc,Automatic,Diesel,Mombasa,Foreign Used,3607500
Toyota,Premio,2016,138624,1800 cc,Automatic,Petrol,Nairobi,Foreign Used,1995000
Subaru,Outback,2017,138797,2500 cc,Automatic,Petrol,Nairobi,Locally Used,2340000
Mazda,CX-5,2018,138970,2200 cc,Automatic,Diesel,Mombasa,Foreign Used,2850000
Mercedes-Benz,C200,2019,139143,2000 cc,Automatic,Petrol,Nairobi,Foreign Used,3587499
Nissan,X-Trail,2020,139316,2000 cc,Automatic,Petrol,Nakuru,Locally Used,1837500
Honda,Fit,2021,139489,1500 cc,Manual,Petrol,Kisumu,Locally Used,1612500
BMW,X3,2022,139662,2000 cc,Automatic,Diesel,Nairobi,Foreign Used,4620000
Audi,A4,2008,139835,2000 cc,Automatic,Diesel,Mombasa,Foreign Used,4387500
Toyota,Premio,2009,140008,1800 cc,Automatic,Petrol,Nairobi,Foreign Used,2415000
Subaru,Outback,2010,140181,2500 cc,Automatic,Petrol,Nairobi,Locally Used,2820000
Mazda,CX-5,2011,140354,2200 cc,Automatic,Diesel,Mombasa,Foreign Used,3420000
Mercedes-Benz,C200,2012,140527,2000 cc,Automatic,Petrol,Nairobi,Foreign Used,4287500
Nissan,X-Trail,2013,140700,2000 cc,Automatic,Petrol,Nakuru,Locally Used,1312500
Honda,Fit,2014,140873,1500 cc,Manual,Petrol,Kisumu,Locally Used,1162500
BMW,X3,2015,141046,2000 cc,Automatic,Diesel,Nairobi,Foreign Used,3360000
Audi,A4,2016,141219,2000 cc,Automatic,Diesel,Mombasa,Foreign Used,3217500
Toyota,Premio,2017,141392,1800 cc,Automatic,Petrol,Nairobi,Foreign Used,1785000
Subaru,Outback,2018,141565,2500 cc,Automatic,Petrol,Nairobi,Locally Used,2100000
Mazda,CX-5,2019,141738,2200 cc,Automatic,Diesel,Mombasa,Foreign Used,2565000
Mercedes-Benz,C200,2020,141911,2000 cc,Automatic,Petrol,Nairobi,Foreign Used,3237500
Nissan,X-Trail,2021,142084,2000 cc,Automatic,Petrol,Nakuru,Locally Used,1662500
Honda,Fit,2022,142257,1500 cc,Manual,Petrol,Kisumu,Locally Used,1462500
BMW,X3,2008,142430,2000 cc,Automatic,Diesel,Nairobi,Foreign Used,4200000
Audi,A4,2009,142603,2000 cc,Automatic,Diesel,Mombasa,Foreign Used,3997499
Toyota,Premio,2010,142776,1800 cc,Automatic,Petrol,Nairobi,Foreign Used,2205000
Subaru,Outback,2011,142949,2500 cc,Automatic,Petrol,Nairobi,Locally Used,2580000
Mazda,CX-5,2012,143122,2200 cc,Automatic,Diesel,Mombasa,Foreign Used,3135000
Mercedes-Benz,C200,2013,143295,2000 cc,Automatic,Petrol,Nairobi,Foreign Used,3937500
Nissan,X-Trail,2014,143468,2000 cc,Automatic,Petrol,Nakuru,Locally Used,2012499
Honda,Fit,2015,143641,1500 cc,Manual,Petrol,Kisumu,Locally Used,1762500
BMW,X3,2016,143814,2000 cc,Automatic,Diesel,Nairobi,Foreign Used,5040000
Audi,A4,2017,143987,2000 cc,Automatic,Diesel,Mombasa,Foreign Used,4777500
Toyota,Premio,2018,144160,1800 cc,Automatic,Petrol,Nairobi,Foreign Used,1575000
Subaru,Outback,2019,144333,2500 cc,Automatic,Petrol,Nairobi,Locally Used,1860000
Mazda,CX-5,2020,144506,2200 cc,Automatic,Diesel,Mombasa,Foreign Used,2280000
Mercedes-Benz,C200,2021,144679,2000 cc,Automatic,Petrol,Nairobi,Foreign Used,2887500
Nissan,X-Trail,2022,144852,2000 cc,Automatic,Petrol,Nakuru,Locally Used,1487500
Honda,Fit,2008,145025,1500 cc,Manual,Petrol,Kisumu,Locally Used,1312500
BMW,X3,2009,145198,2000 cc,Automatic,Diesel,Nairobi,Foreign Used,3780000
Audi,A4,2010,145371,2000 cc,Automatic,Diesel,Mombasa,Foreign Used,3607500
Toyota,Premio,2011,145544,1800 cc,Automatic,Petrol,Nairobi,Foreign Used,1995000
Subaru,Outback,2012,145717,2500 cc,Automatic,Petrol,Nairobi,Locally Used,2340000
Mazda,CX-5,2013,145890,2200 cc,Automatic,Diesel,Mombasa,Foreign Used,2850000
Mercedes-Benz,C200,2014,146063,2000 cc,Automatic,Petrol,Nairobi,Foreign Used,3587499
Nissan,X-Trail,2015,146236,2000 cc,Automatic,Petrol,Nakuru,Locally Used,1837500
Honda,Fit,2016,146409,1500 cc,Manual,Petrol,Kisumu,Locally Used,1612500
BMW,X3,2017,146582,2000 cc,Automatic,Diesel,Nairobi,Foreign Used,4620000
Audi,A4,2018,146755,2000 cc,Automatic,Diesel,Mombasa,Foreign Used,4387500
Toyota,Premio,2019,146928,1800 cc,Automatic,Petrol,Nairobi,Foreign Used,2415000
Subaru,Outback,2020,147101,2500 cc,Automatic,Petrol,Nairobi,Locally Used,2820000
Mazda,CX-5,2021,147274,2200 cc,Automatic,Diesel,Mombasa,Foreign Used,3420000
Mercedes-Benz,C200,2022,147447,2000 cc,Automatic,Petrol,Nairobi,Foreign Used,4287500
Nissan,X-Trail,2008,147620,2000 cc,Automatic,Petrol,Nakuru,Locally Used,1312500
Honda,Fit,2009,147793,1500 cc,Manual,Petrol,Kisumu,Locally Used,1162500
BMW,X3,2010,147966,2000 cc,Automatic,Diesel,Nairobi,Foreign Used,3360000
Audi,A4,2011,148139,2000 cc,Automatic,Diesel,Mombasa,Foreign Used,3217500
Toyota,Premio,2012,148312,1800 cc,Automatic,Petrol,Nairobi,Foreign Used,1785000
Subaru,Outback,2013,148485,2500 cc,Automatic,Petrol,Nairobi,Locally Used,2100000
Mazda,CX-5,2014,148658,2200 cc,Automatic,Diesel,Mombasa,Foreign Used,2565000
Mercedes-Benz,C200,2015,148831,2000 cc,Automatic,Petrol,Nairobi,Foreign Used,3237500
Nissan,X-Trail,2016,149004,2000 cc,Automatic,Petrol,Nakuru,Locally Used,1662500
Honda,Fit,2017,149177,1500 cc,Manual,Petrol,Kisumu,Locally Used,1462500
BMW,X3,2018,149350,2000 cc,Automatic,Diesel,Nairobi,Foreign Used,4200000
Audi,A4,2019,149523,2000 cc,Automatic,Diesel,Mombasa,Foreign Used,3997499
Toyota,Premio,2020,149696,1800 cc,Automatic,Petrol,Nairobi,Foreign Used,2205000
Subaru,Outback,2021,149869,2500 cc,Automatic,Petrol,Nairobi,Locally Used,2580000
Mazda,CX-5,2022,150042,2200 cc,Automatic,Diesel,Mombasa,Foreign Used,3135000
Mercedes-Benz,C200,2008,150215,2000 cc,Automatic,Petrol,Nairobi,Foreign Used,3937500
Nissan,X-Trail,2009,150388,2000 cc,Automatic,Petrol,Nakuru,Locally Used,2012499
Honda,Fit,2010,150561,1500 cc,Manual,Petrol,Kisumu,Locally Used,1762500
BMW,X3,2011,150734,2000 cc,Automatic,Diesel,Nairobi,Foreign Used,5040000
Audi,A4,2012,150907,2000 cc,Automatic,Diesel,Mombasa,Foreign Used,4777500
Toyota,Premio,2013,151080,1800 cc,Automatic,Petrol,Nairobi,Foreign Used,1575000
Subaru,Outback,2014,151253,2500 cc,Automatic,Petrol,Nairobi,Locally Used,1860000
Mazda,CX-5,2015,151426,2200 cc,Automatic,Diesel,Mombasa,Foreign Used,2280000
Mercedes-Benz,C200,2016,151599,2000 cc,Automatic,Petrol,Nairobi,Foreign Used,2887500
Nissan,X-Trail,2017,151772,2000 cc,Automatic,Petrol,Nakuru,Locally Used,1487500
Honda,Fit,2018,151945,1500 cc,Manual,Petrol,Kisumu,Locally Used,1312500
BMW,X3,2019,152118,2000 cc,Automatic,Diesel,Nairobi,Foreign Used,3780000
Audi,A4,2020,152291,2000 cc,Automatic,Diesel,Mombasa,Foreign Used,3607500
Toyota,Premio,2021,152464,1800 cc,Automatic,Petrol,Nairobi,Foreign Used,1995000
Subaru,Outback,2022,152637,2500 cc,Automatic,Petrol,Nairobi,Locally Used,2340000
Mazda,CX-5,2008,152810,2200 cc,Automatic,Diesel,Mombasa,Foreign Used,2850000
Mercedes-Benz,C200,2009,152983,2000 cc,Automatic,Petrol,Nairobi,Foreign Used,3587499
Nissan,X-Trail,2010,153156,2000 cc,Automatic,Petrol,Nakuru,Locally Used,1837500
Honda,Fit,2011,153329,1500 cc,Manual,Petrol,Kisumu,Locally Used,1612500
BMW,X3,2012,153502,2000 cc,Automatic,Diesel,Nairobi,Foreign Used,4620000
Audi,A4,2013,153675,2000 cc,Automatic,Diesel,Mombasa,Foreign Used,4387500
Toyota,Premio,2014,153848,1800 cc,Automatic,Petrol,Nairobi,Foreign Used,2415000
Subaru,Outback,2015,154021,2500 cc,Automatic,Petrol,Nairobi,Locally Used,2820000
Mazda,CX-5,2016,154194,2200 cc,Automatic,Diesel,Mombasa,Foreign Used,3420000
Mercedes-Benz,C200,2017,154367,2000 cc,Automatic,Petrol,Nairobi,Foreign Used,4287500
Nissan,X-Trail,2018,154540,2000 cc,Automatic,Petrol,Nakuru,Locally Used,1312500
Honda,Fit,2019,154713,1500 cc,Manual,Petrol,Kisumu,Locally Used,1162500
BMW,X3,2020,154886,2000 cc,Automatic,Diesel,Nairobi,Foreign Used,3360000
Audi,A4,2021,155059,2000 cc,Automatic,Diesel,Mombasa,Foreign Used,3217500
Toyota,Premio,2022,155232,1800 cc,Automatic,Petrol,Nairobi,Foreign Used,1785000
Subaru,Outback,2008,155405,2500 cc,Automatic,Petrol,Nairobi,Locally Used,2100000
Mazda,CX-5,2009,155578,2200 cc,Automatic,Diesel,Mombasa,Foreign Used,2565000
Mercedes-Benz,C200,2010,155751,2000 cc,Automatic,Petrol,Nairobi,Foreign Used,3237500
Nissan,X-Trail,2011,155924,2000 cc,Automatic,Petrol,Nakuru,Locally Used,1662500
Honda,Fit,2012,156097,1500 cc,Manual,Petrol,Kisumu,Locally Used,1462500
BMW,X3,2013,156270,2000 cc,Automatic,Diesel,Nairobi,Foreign Used,4200000
Audi,A4,2014,156443,2000 cc,Automatic,Diesel,Mombasa,Foreign Used,3997499
Toyota,Premio,2015,156616,1800 cc,Automatic,Petrol,Nairobi,Foreign Used,2205000
Subaru,Outback,2016,156789,2500 cc,Automatic,Petrol,Nairobi,Locally Used,2580000
Mazda,CX-5,2017,156962,2200 cc,Automatic,Diesel,Mombasa,Foreign Used,3135000
Mercedes-Benz,C200,2018,157135,2000 cc,Automatic,Petrol,Nairobi,Foreign Used,3937500
Nissan,X-Trail,2019,157308,2000 cc,Automatic,Petrol,Nakuru,Locally Used,2012499
Honda,Fit,2020,157481,1500 cc,Manual,Petrol,Kisumu,Locally Used,1762500
BMW,X3,2021,157654,2000 cc,Automatic,Diesel,Nairobi,Foreign Used,5040000
Audi,A4,2022,157827,2000 cc,Automatic,Diesel,Mombasa,Foreign Used,4777500
Toyota,Premio,2008,158000,1800 cc,Automatic,Petrol,Nairobi,Foreign Used,1575000
Subaru,Outback,2009,158173,2500 cc,Automatic,Petrol,Nairobi,Locally Used,1860000
Mazda,CX-5,2010,158346,2200 cc,Automatic,Diesel,Mombasa,Foreign Used,2280000
Mercedes-Benz,C200,2011,158519,2000 cc,Automatic,Petrol,Nairobi,Foreign Used,2887500
Nissan,X-Trail,2012,158692,2000 cc,Automatic,Petrol,Nakuru,Locally Used,1487500
Honda,Fit,2013,158865,1500 cc,Manual,Petrol,Kisumu,Locally Used,1312500
BMW,X3,2014,159038,2000 cc,Automatic,Diesel,Nairobi,Foreign Used,3780000
Audi,A4,2015,159211,2000 cc,Automatic,Diesel,Mombasa,Foreign Used,3607500
Toyota,Premio,2016,159384,1800 cc,Automatic,Petrol,Nairobi,Foreign Used,1995000
Subaru,Outback,2017,159557,2500 cc,Automatic,Petrol,Nairobi,Locally Used,2340000
Mazda,CX-5,2018,159730,2200 cc,Automatic,Diesel,Mombasa,Foreign Used,2850000
Mercedes-Benz,C200,2019,159903,2000 cc,Automatic,Petrol,Nairobi,Foreign Used,3587499
Nissan,X-Trail,2020,160076,2000 cc,Automatic,Petrol,Nakuru,Locally Used,1837500
Honda,Fit,2021,160249,1500 cc,Manual,Petrol,Kisumu,Locally Used,1612500
BMW,X3,2022,160422,2000 cc,Automatic,Diesel,Nairobi,Foreign Used,4620000
Audi,A4,2008,160595,2000 cc,Automatic,Diesel,Mombasa,Foreign Used,4387500
Toyota,Premio,2009,160768,1800 cc,Automatic,Petrol,Nairobi,Foreign Used,2415000
Subaru,Outback,2010,160941,2500 cc,Automatic,Petrol,Nairobi,Locally Used,2820000
Mazda,CX-5,2011,161114,2200 cc,Automatic,Diesel,Mombasa,Foreign Used,3420000
Mercedes-Benz,C200,2012,161287,2000 cc,Automatic,Petrol,Nairobi,Foreign Used,4287500
Nissan,X-Trail,2013,161460,2000 cc,Automatic,Petrol,Nakuru,Locally Used,1312500
Honda,Fit,2014,161633,1500 cc,Manual,Petrol,Kisumu,Locally Used,1162500
BMW,X3,2015,161806,2000 cc,Automatic,Diesel,Nairobi,Foreign Used,3360000
Audi,A4,2016,161979,2000 cc,Automatic,Diesel,Mombasa,Foreign Used,3217500
Toyota,Premio,2017,162152,1800 cc,Automatic,Petrol,Nairobi,Foreign Used,1785000
Subaru,Outback,2018,162325,2500 cc,Automatic,Petrol,Nairobi,Locally Used,2100000
Mazda,CX-5,2019,162498,2200 cc,Automatic,Diesel,Mombasa,Foreign Used,2565000
Mercedes-Benz,C200,2020,162671,2000 cc,Automatic,Petrol,Nairobi,Foreign Used,3237500
Nissan,X-Trail,2021,162844,2000 cc,Automatic,Petrol,Nakuru,Locally Used,1662500
Honda,Fit,2022,163017,1500 cc,Manual,Petrol,Kisumu,Locally Used,1462500
BMW,X3,2008,163190,2000 cc,Automatic,Diesel,Nairobi,Foreign Used,4200000
Audi,A4,2009,163363,2000 cc,Automatic,Diesel,Mombasa,Foreign Used,3997499
Toyota,Premio,2010,163536,1800 cc,Automatic,Petrol,Nairobi,Foreign Used,2205000
Subaru,Outback,2011,163709,2500 cc,Automatic,Petrol,Nairobi,Locally Used,2580000
Mazda,CX-5,2012,163882,2200 cc,Automatic,Diesel,Mombasa,Foreign Used,3135000
Mercedes-Benz,C200,2013,164055,2000 cc,Automatic,Petrol,Nairobi,Foreign Used,3937500
Nissan,X-Trail,2014,164228,2000 cc,Automatic,Petrol,Nakuru,Locally Used,2012499
Honda,Fit,2015,164401,1500 cc,Manual,Petrol,Kisumu,Locally Used,1762500
BMW,X3,2016,164574,2000 cc,Automatic,Diesel,Nairobi,Foreign Used,5040000
Audi,A4,2017,164747,2000 cc,Automatic,Diesel,Mombasa,Foreign Used,4777500
Toyota,Premio,2018,164920,1800 cc,Automatic,Petrol,Nairobi,Foreign Used,1575000
Subaru,Outback,2019,165093,2500 cc,Automatic,Petrol,Nairobi,Locally Used,1860000
Mazda,CX-5,2020,165266,2200 cc,Automatic,Diesel,Mombasa,Foreign Used,2280000
Mercedes-Benz,C200,2021,165439,2000 cc,Automatic,Petrol,Nairobi,Foreign Used,2887500
Nissan,X-Trail,2022,165612,2000 cc,Automatic,Petrol,Nakuru,Locally Used,1487500
Honda,Fit,2008,165785,1500 cc,Manual,Petrol,Kisumu,Locally Used,1312500
BMW,X3,2009,165958,2000 cc,Automatic,Diesel,Nairobi,Foreign Used,3780000
Audi,A4,2010,166131,2000 cc,Automatic,Diesel,Mombasa,Foreign Used,3607500
Toyota,Premio,2011,166304,1800 cc,Automatic,Petrol,Nairobi,Foreign Used,1995000
Subaru,Outback,2012,166477,2500 cc,Automatic,Petrol,Nairobi,Locally Used,2340000
Mazda,CX-5,2013,166650,2200 cc,Automatic,Diesel,Mombasa,Foreign Used,2850000
Mercedes-Benz,C200,2014,166823,2000 cc,Automatic,Petrol,Nairobi,Foreign Used,3587499
Nissan,X-Trail,2015,166996,2000 cc,Automatic,Petrol,Nakuru,Locally Used,1837500
Honda,Fit,2016,167169,1500 cc,Manual,Petrol,Kisumu,Locally Used,1612500
BMW,X3,2017,167342,2000 cc,Automatic,Diesel,Nairobi,Foreign Used,4620000
Audi,A4,2018,167515,2000 cc,Automatic,Diesel,Mombasa,Foreign Used,4387500
Toyota,Premio,2019,167688,1800 cc,Automatic,Petrol,Nairobi,Foreign Used,2415000
Subaru,Outback,2020,167861,2500 cc,Automatic,Petrol,Nairobi,Locally Used,2820000
Mazda,CX-5,2021,168034,2200 cc,Automatic,Diesel,Mombasa,Foreign Used,3420000
Mercedes-Benz,C200,2022,168207,2000 cc,Automatic,Petrol,Nairobi,Foreign Used,4287500
Nissan,X-Trail,2008,168380,2000 cc,Automatic,Petrol,Nakuru,Locally Used,1312500
Honda,Fit,2009,168553,1500 cc,Manual,Petrol,Kisumu,Locally Used,1162500
BMW,X3,2010,168726,2000 cc,Automatic,Diesel,Nairobi,Foreign Used,3360000
Audi,A4,2011,168899,2000 cc,Automatic,Diesel,Mombasa,Foreign Used,3217500
Toyota,Premio,2012,169072,1800 cc,Automatic,Petrol,Nairobi,Foreign Used,1785000
Subaru,Outback,2013,169245,2500 cc,Automatic,Petrol,Nairobi,Locally Used,2100000
Mazda,CX-5,2014,169418,2200 cc,Automatic,Diesel,Mombasa,Foreign Used,2565000
Mercedes-Benz,C200,2015,169591,2000 cc,Automatic,Petrol,Nairobi,Foreign Used,3237500
Nissan,X-Trail,2016,169764,2000 cc,Automatic,Petrol,Nakuru,Locally Used,1662500
Honda,Fit,2017,169937,1500 cc,Manual,Petrol,Kisumu,Locally Used,1462500
BMW,X3,2018,170110,2000 cc,Automatic,Diesel,Nairobi,Foreign Used,4200000
Audi,A4,2019,170283,2000 cc,Automatic,Diesel,Mombasa,Foreign Used,3997499
Toyota,Premio,2020,170456,1800 cc,Automatic,Petrol,Nairobi,Foreign Used,2205000
Subaru,Outback,2021,170629,2500 cc,Automatic,Petrol,Nairobi,Locally Used,2580000
Mazda,CX-5,2022,170802,2200 cc,Automatic,Diesel,Mombasa,Foreign Used,3135000
Mercedes-Benz,C200,2008,170975,2000 cc,Automatic,Petrol,Nairobi,Foreign Used,3937500
Nissan,X-Trail,2009,171148,2000 cc,Automatic,Petrol,Nakuru,Locally Used,2012499
Honda,Fit,2010,171321,1500 cc,Manual,Petrol,Kisumu,Locally Used,1762500
BMW,X3,2011,171494,2000 cc,Automatic,Diesel,Nairobi,Foreign Used,5040000
Audi,A4,2012,171667,2000 cc,Automatic,Diesel,Mombasa,Foreign Used,4777500
Toyota,Premio,2013,171840,1800 cc,Automatic,Petrol,Nairobi,Foreign Used,1575000
Subaru,Outback,2014,172013,2500 cc,Automatic,Petrol,Nairobi,Locally Used,1860000
Mazda,CX-5,2015,172186,2200 cc,Automatic,Diesel,Mombasa,Foreign Used,2280000
Mercedes-Benz,C200,2016,172359,2000 cc,Automatic,Petrol,Nairobi,Foreign Used,2887500
Nissan,X-Trail,2017,172532,2000 cc,Automatic,Petrol,Nakuru,Locally Used,1487500
Honda,Fit,2018,172705,1500 cc,Manual,Petrol,Kisumu,Locally Used,1312500
BMW,X3,2019,172878,2000 cc,Automatic,Diesel,Nairobi,Foreign Used,3780000
Audi,A4,2020,173051,2000 cc,Automatic,Diesel,Mombasa,Foreign Used,3607500
Toyota,Premio,2021,173224,1800 cc,Automatic,Petrol,Nairobi,Foreign Used,1995000
Subaru,Outback,2022,173397,2500 cc,Automatic,Petrol,Nairobi,Locally Used,2340000
Mazda,CX-5,2008,173570,2200 cc,Automatic,Diesel,Mombasa,Foreign Used,2850000
Mercedes-Benz,C200,2009,173743,2000 cc,Automatic,Petrol,Nairobi,Foreign Used,3587499
Nissan,X-Trail,2010,173916,2000 cc,Automatic,Petrol,Nakuru,Locally Used,1837500
Honda,Fit,2011,174089,1500 cc,Manual,Petrol,Kisumu,Locally Used,1612500
BMW,X3,2012,174262,2000 cc,Automatic,Diesel,Nairobi,Foreign Used,4620000
Audi,A4,2013,174435,2000 cc,Automatic,Diesel,Mombasa,Foreign Used,4387500
Toyota,Premio,2014,174608,1800 cc,Automatic,Petrol,Nairobi,Foreign Used,2415000
Subaru,Outback,2015,174781,2500 cc,Automatic,Petrol,Nairobi,Locally Used,2820000
Mazda,CX-5,2016,174954,2200 cc,Automatic,Diesel,Mombasa,Foreign Used,3420000
Mercedes-Benz,C200,2017,175127,2000 cc,Automatic,Petrol,Nairobi,Foreign Used,4287500
Nissan,X-Trail,2018,175300,2000 cc,Automatic,Petrol,Nakuru,Locally Used,1312500
Honda,Fit,2019,175473,1500 cc,Manual,Petrol,Kisumu,Locally Used,1162500
BMW,X3,2020,175646,2000 cc,Automatic,Diesel,Nairobi,Foreign Used,3360000
Audi,A4,2021,175819,2000 cc,Automatic,Diesel,Mombasa,Foreign Used,3217500
Toyota,Premio,2022,175992,1800 cc,Automatic,Petrol,Nairobi,Foreign Used,1785000
Subaru,Outback,2008,176165,2500 cc,Automatic,Petrol,Nairobi,Locally Used,2100000
Mazda,CX-5,2009,176338,2200 cc,Automatic,Diesel,Mombasa,Foreign Used,2565000
Mercedes-Benz,C200,2010,176511,2000 cc,Automatic,Petrol,Nairobi,Foreign Used,3237500
Nissan,X-Trail,2011,176684,2000 cc,Automatic,Petrol,Nakuru,Locally Used,1662500
Honda,Fit,2012,176857,1500 cc,Manual,Petrol,Kisumu,Locally Used,1462500
BMW,X3,2013,177030,2000 cc,Automatic,Diesel,Nairobi,Foreign Used,4200000
Audi,A4,2014,177203,2000 cc,Automatic,Diesel,Mombasa,Foreign Used,3997499
Toyota,Premio,2015,177376,1800 cc,Automatic,Petrol,Nairobi,Foreign Used,2205000
Subaru,Outback,2016,177549,2500 cc,Automatic,Petrol,Nairobi,Locally Used,2580000
Mazda,CX-5,2017,177722,2200 cc,Automatic,Diesel,Mombasa,Foreign Used,3135000
Mercedes-Benz,C200,2018,177895,2000 cc,Automatic,Petrol,Nairobi,Foreign Used,3937500
Nissan,X-Trail,2019,178068,2000 cc,Automatic,Petrol,Nakuru,Locally Used,2012499
Honda,Fit,2020,178241,1500 cc,Manual,Petrol,Kisumu,Locally Used,1762500
BMW,X3,2021,178414,2000 cc,Automatic,Diesel,Nairobi,Foreign Used,5040000
Audi,A4,2022,178587,2000 cc,Automatic,Diesel,Mombasa,Foreign Used,4777500
Toyota,Premio,2008,178760,1800 cc,Automatic,Petrol,Nairobi,Foreign Used,1575000
Subaru,Outback,2009,178933,2500 cc,Automatic,Petrol,Nairobi,Locally Used,1860000
Mazda,CX-5,2010,179106,2200 cc,Automatic,Diesel,Mombasa,Foreign Used,2280000
Mercedes-Benz,C200,2011,179279,2000 cc,Automatic,Petrol,Nairobi,Foreign Used,2887500
Nissan,X-Trail,2012,179452,2000 cc,Automatic,Petrol,Nakuru,Locally Used,1487500
Honda,Fit,2013,179625,1500 cc,Manual,Petrol,Kisumu,Locally Used,1312500
BMW,X3,2014,179798,2000 cc,Automatic,Diesel,Nairobi,Foreign Used,3780000
Audi,A4,2015,179971,2000 cc,Automatic,Diesel,Mombasa,Foreign Used,3607500
Toyota,Premio,2016,180144,1800 cc,Automatic,Petrol,Nairobi,Foreign Used,1995000
Subaru,Outback,2017,180317,2500 cc,Automatic,Petrol,Nairobi,Locally Used,2340000
Mazda,CX-5,2018,180490,2200 cc,Automatic,Diesel,Mombasa,Foreign Used,2850000
Mercedes-Benz,C200,2019,180663,2000 cc,Automatic,Petrol,Nairobi,Foreign Used,3587499
Nissan,X-Trail,2020,180836,2000 cc,Automatic,Petrol,Nakuru,Locally Used,1837500
Honda,Fit,2021,181009,1500 cc,Manual,Petrol,Kisumu,Locally Used,1612500
BMW,X3,2022,181182,2000 cc,Automatic,Diesel,Nairobi,Foreign Used,4620000
Audi,A4,2008,181355,2000 cc,Automatic,Diesel,Mombasa,Foreign Used,4387500
Toyota,Premio,2009,181528,1800 cc,Automatic,Petrol,Nairobi,Foreign Used,2415000
Subaru,Outback,2010,181701,2500 cc,Automatic,Petrol,Nairobi,Locally Used,2820000
Mazda,CX-5,2011,181874,2200 cc,Automatic,Diesel,Mombasa,Foreign Used,3420000
Mercedes-Benz,C200,2012,182047,2000 cc,Automatic,Petrol,Nairobi,Foreign Used,4287500
Nissan,X-Trail,2013,182220,2000 cc,Automatic,Petrol,Nakuru,Locally Used,1312500
Honda,Fit,2014,182393,1500 cc,Manual,Petrol,Kisumu,Locally Used,1162500
BMW,X3,2015,182566,2000 cc,Automatic,Diesel,Nairobi,Foreign Used,3360000
Audi,A4,2016,182739,2000 cc,Automatic,Diesel,Mombasa,Foreign Used,3217500
Toyota,Premio,2017,182912,1800 cc,Automatic,Petrol,Nairobi,Foreign Used,1785000
Subaru,Outback,2018,183085,2500 cc,Automatic,Petrol,Nairobi,Locally Used,2100000
Mazda,CX-5,2019,183258,2200 cc,Automatic,Diesel,Mombasa,Foreign Used,2565000
Mercedes-Benz,C200,2020,183431,2000 cc,Automatic,Petrol,Nairobi,Foreign Used,3237500
Nissan,X-Trail,2021,183604,2000 cc,Automatic,Petrol,Nakuru,Locally Used,1662500
Honda,Fit,2022,183777,1500 cc,Manual,Petrol,Kisumu,Locally Used,1462500
BMW,X3,2008,183950,2000 cc,Automatic,Diesel,Nairobi,Foreign Used,4200000
Audi,A4,2009,184123,2000 cc,Automatic,Diesel,Mombasa,Foreign Used,3997499
Toyota,Premio,2010,184296,1800 cc,Automatic,Petrol,Nairobi,Foreign Used,2205000
Subaru,Outback,2011,184469,2500 cc,Automatic,Petrol,Nairobi,Locally Used,2580000
Mazda,CX-5,2012,184642,2200 cc,Automatic,Diesel,Mombasa,Foreign Used,3135000
Mercedes-Benz,C200,2013,184815,2000 cc,Automatic,Petrol,Nairobi,Foreign Used,3937500
Nissan,X-Trail,2014,184988,2000 cc,Automatic,Petrol,Nakuru,Locally Used,2012499
Honda,Fit,2015,185161,1500 cc,Manual,Petrol,Kisumu,Locally Used,1762500
BMW,X3,2016,185334,2000 cc,Automatic,Diesel,Nairobi,Foreign Used,5040000
Audi,A4,2017,185507,2000 cc,Automatic,Diesel,Mombasa,Foreign Used,4777500
Toyota,Premio,2018,185680,1800 cc,Automatic,Petrol,Nairobi,Foreign Used,1575000
Subaru,Outback,2019,185853,2500 cc,Automatic,Petrol,Nairobi,Locally Used,1860000
Mazda,CX-5,2020,186026,2200 cc,Automatic,Diesel,Mombasa,Foreign Used,2280000
Mercedes-Benz,C200,2021,186199,2000 cc,Automatic,Petrol,Nairobi,Foreign Used,2887500
Nissan,X-Trail,2022,186372,2000 cc,Automatic,Petrol,Nakuru,Locally Used,1487500
Honda,Fit,2008,186545,1500 cc,Manual,Petrol,Kisumu,Locally Used,1312500
BMW,X3,2009,186718,2000 cc,Automatic,Diesel,Nairobi,Foreign Used,3780000
Audi,A4,2010,186891,2000 cc,Automatic,Diesel,Mombasa,Foreign Used,3607500
Toyota,Premio,2011,187064,1800 cc,Automatic,Petrol,Nairobi,Foreign Used,1995000
Subaru,Outback,2012,187237,2500 cc,Automatic,Petrol,Nairobi,Locally Used,2340000
Mazda,CX-5,2013,187410,2200 cc,Automatic,Diesel,Mombasa,Foreign Used,2850000
Mercedes-Benz,C200,2014,187583,2000 cc,Automatic,Petrol,Nairobi,Foreign Used,3587499
Nissan,X-Trail,2015,187756,2000 cc,Automatic,Petrol,Nakuru,Locally Used,1837500
Honda,Fit,2016,187929,1500 cc,Manual,Petrol,Kisumu,Locally Used,1612500
BMW,X3,2017,188102,2000 cc,Automatic,Diesel,Nairobi,Foreign Used,4620000
Audi,A4,2018,188275,2000 cc,Automatic,Diesel,Mombasa,Foreign Used,4387500
Toyota,Premio,2019,188448,1800 cc,Automatic,Petrol,Nairobi,Foreign Used,2415000
Subaru,Outback,2020,188621,2500 cc,Automatic,Petrol,Nairobi,Locally Used,2820000
Mazda,CX-5,2021,188794,2200 cc,Automatic,Diesel,Mombasa,Foreign Used,3420000
Mercedes-Benz,C200,2022,188967,2000 cc,Automatic,Petrol,Nairobi,Foreign Used,4287500
Nissan,X-Trail,2008,189140,2000 cc,Automatic,Petrol,Nakuru,Locally Used,1312500
Honda,Fit,2009,189313,1500 cc,Manual,Petrol,Kisumu,Locally Used,1162500
BMW,X3,2010,189486,2000 cc,Automatic,Diesel,Nairobi,Foreign Used,3360000
Audi,A4,2011,189659,2000 cc,Automatic,Diesel,Mombasa,Foreign Used,3217500
Toyota,Premio,2012,189832,1800 cc,Automatic,Petrol,Nairobi,Foreign Used,1785000
Subaru,Outback,2013,190005,2500 cc,Automatic,Petrol,Nairobi,Locally Used,2100000
Mazda,CX-5,2014,190178,2200 cc,Automatic,Diesel,Mombasa,Foreign Used,2565000
Mercedes-Benz,C200,2015,190351,2000 cc,Automatic,Petrol,Nairobi,Foreign Used,3237500
Nissan,X-Trail,2016,190524,2000 cc,Automatic,Petrol,Nakuru,Locally Used,1662500
Honda,Fit,2017,190697,1500 cc,Manual,Petrol,Kisumu,Locally Used,1462500
BMW,X3,2018,190870,2000 cc,Automatic,Diesel,Nairobi,Foreign Used,4200000
Audi,A4,2019,191043,2000 cc,Automatic,Diesel,Mombasa,Foreign Used,3997499
Toyota,Premio,2020,191216,1800 cc,Automatic,Petrol,Nairobi,Foreign Used,2205000
Subaru,Outback,2021,191389,2500 cc,Automatic,Petrol,Nairobi,Locally Used,2580000
Mazda,CX-5,2022,191562,2200 cc,Automatic,Diesel,Mombasa,Foreign Used,3135000
Mercedes-Benz,C200,2008,191735,2000 cc,Automatic,Petrol,Nairobi,Foreign Used,3937500
Nissan,X-Trail,2009,191908,2000 cc,Automatic,Petrol,Nakuru,Locally Used,2012499
Honda,Fit,2010,192081,1500 cc,Manual,Petrol,Kisumu,Locally Used,1762500
BMW,X3,2011,192254,2000 cc,Automatic,Diesel,Nairobi,Foreign Used,5040000
Audi,A4,2012,192427,2000 cc,Automatic,Diesel,Mombasa,Foreign Used,4777500
Toyota,Premio,2013,192600,1800 cc,Automatic,Petrol,Nairobi,Foreign Used,1575000
Subaru,Outback,2014,192773,2500 cc,Automatic,Petrol,Nairobi,Locally Used,1860000
Mazda,CX-5,2015,192946,2200 cc,Automatic,Diesel,Mombasa,Foreign Used,2280000
Mercedes-Benz,C200,2016,193119,2000 cc,Automatic,Petrol,Nairobi,Foreign Used,2887500
Nissan,X-Trail,2017,193292,2000 cc,Automatic,Petrol,Nakuru,Locally Used,1487500
Honda,Fit,2018,193465,1500 cc,Manual,Petrol,Kisumu,Locally Used,1312500
BMW,X3,2019,193638,2000 cc,Automatic,Diesel,Nairobi,Foreign Used,3780000
Audi,A4,2020,193811,2000 cc,Automatic,Diesel,Mombasa,Foreign Used,3607500
Toyota,Premio,2021,193984,1800 cc,Automatic,Petrol,Nairobi,Foreign Used,1995000
Subaru,Outback,2022,194157,2500 cc,Automatic,Petrol,Nairobi,Locally Used,2340000
Mazda,CX-5,2008,194330,2200 cc,Automatic,Diesel,Mombasa,Foreign Used,2850000
Mercedes-Benz,C200,2009,194503,2000 cc,Automatic,Petrol,Nairobi,Foreign Used,3587499
Nissan,X-Trail,2010,194676,2000 cc,Automatic,Petrol,Nakuru,Locally Used,1837500
Honda,Fit,2011,194849,1500 cc,Manual,Petrol,Kisumu,Locally Used,1612500
BMW,X3,2012,195022,2000 cc,Automatic,Diesel,Nairobi,Foreign Used,4620000
Audi,A4,2013,195195,2000 cc,Automatic,Diesel,Mombasa,Foreign Used,4387500
Toyota,Premio,2014,195368,1800 cc,Automatic,Petrol,Nairobi,Foreign Used,2415000
Subaru,Outback,2015,195541,2500 cc,Automatic,Petrol,Nairobi,Locally Used,2820000
Mazda,CX-5,2016,195714,2200 cc,Automatic,Diesel,Mombasa,Foreign Used,3420000
Mercedes-Benz,C200,2017,195887,2000 cc,Automatic,Petrol,Nairobi,Foreign Used,4287500
Nissan,X-Trail,2018,196060,2000 cc,Automatic,Petrol,Nakuru,Locally Used,1312500
Honda,Fit,2019,196233,1500 cc,Manual,Petrol,Kisumu,Locally Used,1162500
BMW,X3,2020,196406,2000 cc,Automatic,Diesel,Nairobi,Foreign Used,3360000
Audi,A4,2021,196579,2000 cc,Automatic,Diesel,Mombasa,Foreign Used,3217500
Toyota,Premio,2022,196752,1800 cc,Automatic,Petrol,Nairobi,Foreign Used,1785000
Subaru,Outback,2008,196925,2500 cc,Automatic,Petrol,Nairobi,Locally Used,2100000
Mazda,CX-5,2009,197098,2200 cc,Automatic,Diesel,Mombasa,Foreign Used,2565000
Mercedes-Benz,C200,2010,197271,2000 cc,Automatic,Petrol,Nairobi,Foreign Used,3237500
Nissan,X-Trail,2011,197444,2000 cc,Automatic,Petrol,Nakuru,Locally Used,1662500
Honda,Fit,2012,197617,1500 cc,Manual,Petrol,Kisumu,Locally Used,1462500
BMW,X3,2013,197790,2000 cc,Automatic,Diesel,Nairobi,Foreign Used,4200000
Audi,A4,2014,197963,2000 cc,Automatic,Diesel,Mombasa,Foreign Used,3997499
Toyota,Premio,2015,198136,1800 cc,Automatic,Petrol,Nairobi,Foreign Used,2205000
Subaru,Outback,2016,198309,2500 cc,Automatic,Petrol,Nairobi,Locally Used,2580000
Mazda,CX-5,2017,198482,2200 cc,Automatic,Diesel,Mombasa,Foreign Used,3135000
Mercedes-Benz,C200,2018,198655,2000 cc,Automatic,Petrol,Nairobi,Foreign Used,3937500
Nissan,X-Trail,2019,198828,2000 cc,Automatic,Petrol,Nakuru,Locally Used,2012499
Honda,Fit,2020,199001,1500 cc,Manual,Petrol,Kisumu,Locally Used,1762500
BMW,X3,2021,199174,2000 cc,Automatic,Diesel,Nairobi,Foreign Used,5040000
Audi,A4,2022,199347,2000 cc,Automatic,Diesel,Mombasa,Foreign Used,4777500
Toyota,Premio,2008,199520,1800 cc,Automatic,Petrol,Nairobi,Foreign Used,1575000
Subaru,Outback,2009,199693,2500 cc,Automatic,Petrol,Nairobi,Locally Used,1860000
Mazda,CX-5,2010,199866,2200 cc,Automatic,Diesel,Mombasa,Foreign Used,2280000
Mercedes-Benz,C200,2011,20039,2000 cc,Automatic,Petrol,Nairobi,Foreign Used,2887500
Nissan,X-Trail,2012,20212,2000 cc,Automatic,Petrol,Nakuru,Locally Used,1487500
Honda,Fit,2013,20385,1500 cc,Manual,Petrol,Kisumu,Locally Used,1312500
BMW,X3,2014,20558,2000 cc,Automatic,Diesel,Nairobi,Foreign Used,3780000
Audi,A4,2015,20731,2000 cc,Automatic,Diesel,Mombasa,Foreign Used,3607500
Toyota,Premio,2016,20904,1800 cc,Automatic,Petrol,Nairobi,Foreign Used,1995000
Subaru,Outback,2017,21077,2500 cc,Automatic,Petrol,Nairobi,Locally Used,2340000
Mazda,CX-5,2018,21250,2200 cc,Automatic,Diesel,Mombasa,Foreign Used,2850000
Mercedes-Benz,C200,2019,21423,2000 cc,Automatic,Petrol,Nairobi,Foreign Used,3587499
Nissan,X-Trail,2020,21596,2000 cc,Automatic,Petrol,Nakuru,Locally Used,1837500
Honda,Fit,2021,21769,1500 cc,Manual,Petrol,Kisumu,Locally Used,1612500
BMW,X3,2022,21942,2000 cc,Automatic,Diesel,Nairobi,Foreign Used,4620000
Audi,A4,2008,22115,2000 cc,Automatic,Diesel,Mombasa,Foreign Used,4387500
Toyota,Premio,2009,22288,1800 cc,Automatic,Petrol,Nairobi,Foreign Used,2415000
Subaru,Outback,2010,22461,2500 cc,Automatic,Petrol,Nairobi,Locally Used,2820000
Mazda,CX-5,2011,22634,2200 cc,Automatic,Diesel,Mombasa,Foreign Used,3420000
Mercedes-Benz,C200,2012,22807,2000 cc,Automatic,Petrol,Nairobi,Foreign Used,4287500
Nissan,X-Trail,2013,22980,2000 cc,Automatic,Petrol,Nakuru,Locally Used,1312500
Honda,Fit,2014,23153,1500 cc,Manual,Petrol,Kisumu,Locally Used,1162500
BMW,X3,2015,23326,2000 cc,Automatic,Diesel,Nairobi,Foreign Used,3360000
Audi,A4,2016,23499,2000 cc,Automatic,Diesel,Mombasa,Foreign Used,3217500
Toyota,Premio,2017,23672,1800 cc,Automatic,Petrol,Nairobi,Foreign Used,1785000
Subaru,Outback,2018,23845,2500 cc,Automatic,Petrol,Nairobi,Locally Used,2100000
Mazda,CX-5,2019,24018,2200 cc,Automatic,Diesel,Mombasa,Foreign Used,2565000
Mercedes-Benz,C200,2020,24191,2000 cc,Automatic,Petrol,Nairobi,Foreign Used,3237500
Nissan,X-Trail,2021,24364,2000 cc,Automatic,Petrol,Nakuru,Locally Used,1662500
Honda,Fit,2022,24537,1500 cc,Manual,Petrol,Kisumu,Locally Used,1462500
BMW,X3,2008,24710,2000 cc,Automatic,Diesel,Nairobi,Foreign Used,4200000
Audi,A4,2009,24883,2000 cc,Automatic,Diesel,Mombasa,Foreign Used,3997499
Toyota,Premio,2010,25056,1800 cc,Automatic,Petrol,Nairobi,Foreign Used,2205000
Subaru,Outback,2011,25229,2500 cc,Automatic,Petrol,Nairobi,Locally Used,2580000
Mazda,CX-5,2012,25402,2200 cc,Automatic,Diesel,Mombasa,Foreign Used,3135000
Mercedes-Benz,C200,2013,25575,2000 cc,Automatic,Petrol,Nairobi,Foreign Used,3937500
Nissan,X-Trail,2014,25748,2000 cc,Automatic,Petrol,Nakuru,Locally Used,2012499
Honda,Fit,2015,25921,1500 cc,Manual,Petrol,Kisumu,Locally Used,1762500
BMW,X3,2016,26094,2000 cc,Automatic,Diesel,Nairobi,Foreign Used,5040000
Audi,A4,2017,26267,2000 cc,Automatic,Diesel,Mombasa,Foreign Used,4777500
Toyota,Premio,2018,26440,1800 cc,Automatic,Petrol,Nairobi,Foreign Used,1575000
Subaru,Outback,2019,26613,2500 cc,Automatic,Petrol,Nairobi,Locally Used,1860000
Mazda,CX-5,2020,26786,2200 cc,Automatic,Diesel,Mombasa,Foreign Used,2280000
Mercedes-Benz,C200,2021,26959,2000 cc,Automatic,Petrol,Nairobi,Foreign Used,2887500
Nissan,X-Trail,2022,27132,2000 cc,Automatic,Petrol,Nakuru,Locally Used,1487500
Honda,Fit,2008,27305,1500 cc,Manual,Petrol,Kisumu,Locally Used,1312500
BMW,X3,2009,27478,2000 cc,Automatic,Diesel,Nairobi,Foreign Used,3780000
Audi,A4,2010,27651,2000 cc,Automatic,Diesel,Mombasa,Foreign Used,3607500
Toyota,Premio,2011,27824,1800 cc,Automatic,Petrol,Nairobi,Foreign Used,1995000
Subaru,Outback,2012,27997,2500 cc,Automatic,Petrol,Nairobi,Locally Used,2340000
Mazda,CX-5,2013,28170,2200 cc,Automatic,Diesel,Mombasa,Foreign Used,2850000
Mercedes-Benz,C200,2014,28343,2000 cc,Automatic,Petrol,Nairobi,Foreign Used,3587499
Nissan,X-Trail,2015,28516,2000 cc,Automatic,Petrol,Nakuru,Locally Used,1837500
Honda,Fit,2016,28689,1500 cc,Manual,Petrol,Kisumu,Locally Used,1612500
BMW,X3,2017,28862,2000 cc,Automatic,Diesel,Nairobi,Foreign Used,4620000
Audi,A4,2018,29035,2000 cc,Automatic,Diesel,Mombasa,Foreign Used,4387500
Toyota,Premio,2019,29208,1800 cc,Automatic,Petrol,Nairobi,Foreign Used,2415000
Subaru,Outback,2020,29381,2500 cc,Automatic,Petrol,Nairobi,Locally Used,2820000
Mazda,CX-5,2021,29554,2200 cc,Automatic,Diesel,Mombasa,Foreign Used,3420000
Mercedes-Benz,C200,2022,29727,2000 cc,Automatic,Petrol,Nairobi,Foreign Used,4287500
Nissan,X-Trail,2008,29900,2000 cc,Automatic,Petrol,Nakuru,Locally Used,1312500
Honda,Fit,2009,30073,1500 cc,Manual,Petrol,Kisumu,Locally Used,1162500
BMW,X3,2010,30246,2000 cc,Automatic,Diesel,Nairobi,Foreign Used,3360000
Audi,A4,2011,30419,2000 cc,Automatic,Diesel,Mombasa,Foreign Used,3217500
Toyota,Premio,2012,30592,1800 cc,Automatic,Petrol,Nairobi,Foreign Used,1785000
Subaru,Outback,2013,30765,2500 cc,Automatic,Petrol,Nairobi,Locally Used,2100000
Mazda,CX-5,2014,30938,2200 cc,Automatic,Diesel,Mombasa,Foreign Used,2565000
Mercedes-Benz,C200,2015,31111,2000 cc,Automatic,Petrol,Nairobi,Foreign Used,3237500
Nissan,X-Trail,2016,31284,2000 cc,Automatic,Petrol,Nakuru,Locally Used,1662500
Honda,Fit,2017,31457,1500 cc,Manual,Petrol,Kisumu,Locally Used,1462500
BMW,X3,2018,31630,2000 cc,Automatic,Diesel,Nairobi,Foreign Used,4200000
Audi,A4,2019,31803,2000 cc,Automatic,Diesel,Mombasa,Foreign Used,3997499
Toyota,Premio,2020,31976,1800 cc,Automatic,Petrol,Nairobi,Foreign Used,2205000
Subaru,Outback,2021,32149,2500 cc,Automatic,Petrol,Nairobi,Locally Used,2580000
Mazda,CX-5,2022,32322,2200 cc,Automatic,Diesel,Mombasa,Foreign Used,3135000
Mercedes-Benz,C200,2008,32495,2000 cc,Automatic,Petrol,Nairobi,Foreign Used,3937500
Nissan,X-Trail,2009,32668,2000 cc,Automatic,Petrol,Nakuru,Locally Used,2012499
Honda,Fit,2010,32841,1500 cc,Manual,Petrol,Kisumu,Locally Used,1762500
BMW,X3,2011,33014,2000 cc,Automatic,Diesel,Nairobi,Foreign Used,5040000
Audi,A4,2012,33187,2000 cc,Automatic,Diesel,Mombasa,Foreign Used,4777500
Toyota,Premio,2013,33360,1800 cc,Automatic,Petrol,Nairobi,Foreign Used,1575000
Subaru,Outback,2014,33533,2500 cc,Automatic,Petrol,Nairobi,Locally Used,1860000
Mazda,CX-5,2015,33706,2200 cc,Automatic,Diesel,Mombasa,Foreign Used,2280000
Mercedes-Benz,C200,2016,33879,2000 cc,Automatic,Petrol,Nairobi,Foreign Used,2887500
Nissan,X-Trail,2017,34052,2000 cc,Automatic,Petrol,Nakuru,Locally Used,1487500
Honda,Fit,2018,34225,1500 cc,Manual,Petrol,Kisumu,Locally Used,1312500
BMW,X3,2019,34398,2000 cc,Automatic,Diesel,Nairobi,Foreign Used,3780000
Audi,A4,2020,34571,2000 cc,Automatic,Diesel,Mombasa,Foreign Used,3607500
Toyota,Premio,2021,34744,1800 cc,Automatic,Petrol,Nairobi,Foreign Used,1995000
Subaru,Outback,2022,34917,2500 cc,Automatic,Petrol,Nairobi,Locally Used,2340000
Mazda,CX-5,2008,35090,2200 cc,Automatic,Diesel,Mombasa,Foreign Used,2850000
Mercedes-Benz,C200,2009,35263,2000 cc,Automatic,Petrol,Nairobi,Foreign Used,3587499
Nissan,X-Trail,2010,35436,2000 cc,Automatic,Petrol,Nakuru,Locally Used,1837500
Honda,Fit,2011,35609,1500 cc,Manual,Petrol,Kisumu,Locally Used,1612500
BMW,X3,2012,35782,2000 cc,Automatic,Diesel,Nairobi,Foreign Used,4620000
Audi,A4,2013,35955,2000 cc,Automatic,Diesel,Mombasa,Foreign Used,4387500
Toyota,Premio,2014,36128,1800 cc,Automatic,Petrol,Nairobi,Foreign Used,2415000
Subaru,Outback,2015,36301,2500 cc,Automatic,Petrol,Nairobi,Locally Used,2820000
Mazda,CX-5,2016,36474,2200 cc,Automatic,Diesel,Mombasa,Foreign Used,3420000
Mercedes-Benz,C200,2017,36647,2000 cc,Automatic,Petrol,Nairobi,Foreign Used,4287500
Nissan,X-Trail,2018,36820,2000 cc,Automatic,Petrol,Nakuru,Locally Used,1312500
Honda,Fit,2019,36993,1500 cc,Manual,Petrol,Kisumu,Locally Used,1162500
BMW,X3,2020,37166,2000 cc,Automatic,Diesel,Nairobi,Foreign Used,3360000
Audi,A4,2021,37339,2000 cc,Automatic,Diesel,Mombasa,Foreign Used,3217500
Toyota,Premio,2022,37512,1800 cc,Automatic,Petrol,Nairobi,Foreign Used,1785000
Subaru,Outback,2008,37685,2500 cc,Automatic,Petrol,Nairobi,Locally Used,2100000
Mazda,CX-5,2009,37858,2200 cc,Automatic,Diesel,Mombasa,Foreign Used,2565000
Mercedes-Benz,C200,2010,38031,2000 cc,Automatic,Petrol,Nairobi,Foreign Used,3237500
Nissan,X-Trail,2011,38204,2000 cc,Automatic,Petrol,Nakuru,Locally Used,1662500
Honda,Fit,2012,38377,1500 cc,Manual,Petrol,Kisumu,Locally Used,1462500
BMW,X3,2013,38550,2000 cc,Automatic,Diesel,Nairobi,Foreign Used,4200000
Audi,A4,2014,38723,2000 cc,Automatic,Diesel,Mombasa,Foreign Used,3997499
Toyota,Premio,2015,38896,1800 cc,Automatic,Petrol,Nairobi,Foreign Used,2205000
Subaru,Outback,2016,39069,2500 cc,Automatic,Petrol,Nairobi,Locally Used,2580000
Mazda,CX-5,2017,39242,2200 cc,Automatic,Diesel,Mombasa,Foreign Used,3135000
Mercedes-Benz,C200,2018,39415,2000 cc,Automatic,Petrol,Nairobi,Foreign Used,3937500
Nissan,X-Trail,2019,39588,2000 cc,Automatic,Petrol,Nakuru,Locally Used,2012499
Honda,Fit,2020,39761,1500 cc,Manual,Petrol,Kisumu,Locally Used,1762500
BMW,X3,2021,39934,2000 cc,Automatic,Diesel,Nairobi,Foreign Used,5040000
Audi,A4,2022,40107,2000 cc,Automatic,Diesel,Mombasa,Foreign Used,4777500
Toyota,Premio,2008,40280,1800 cc,Automatic,Petrol,Nairobi,Foreign Used,1575000
Subaru,Outback,2009,40453,2500 cc,Automatic,Petrol,Nairobi,Locally Used,1860000
Mazda,CX-5,2010,40626,2200 cc,Automatic,Diesel,Mombasa,Foreign Used,2280000
Mercedes-Benz,C200,2011,40799,2000 cc,Automatic,Petrol,Nairobi,Foreign Used,2887500
Nissan,X-Trail,2012,40972,2000 cc,Automatic,Petrol,Nakuru,Locally Used,1487500
Honda,Fit,2013,41145,1500 cc,Manual,Petrol,Kisumu,Locally Used,1312500
BMW,X3,2014,41318,2000 cc,Automatic,Diesel,Nairobi,Foreign Used,3780000
Audi,A4,2015,41491,2000 cc,Automatic,Diesel,Mombasa,Foreign Used,3607500
Toyota,Premio,2016,41664,1800 cc,Automatic,Petrol,Nairobi,Foreign Used,1995000
Subaru,Outback,2017,41837,2500 cc,Automatic,Petrol,Nairobi,Locally Used,2340000
Mazda,CX-5,2018,42010,2200 cc,Automatic,Diesel,Mombasa,Foreign Used,2850000
Mercedes-Benz,C200,2019,42183,2000 cc,Automatic,Petrol,Nairobi,Foreign Used,3587499
Nissan,X-Trail,2020,42356,2000 cc,Automatic,Petrol,Nakuru,Locally Used,1837500
Honda,Fit,2021,42529,1500 cc,Manual,Petrol,Kisumu,Locally Used,1612500
BMW,X3,2022,42702,2000 cc,Automatic,Diesel,Nairobi,Foreign Used,4620000
Audi,A4,2008,42875,2000 cc,Automatic,Diesel,Mombasa,Foreign Used,4387500
Toyota,Premio,2009,43048,1800 cc,Automatic,Petrol,Nairobi,Foreign Used,2415000
Subaru,Outback,2010,43221,2500 cc,Automatic,Petrol,Nairobi,Locally Used,2820000
Mazda,CX-5,2011,43394,2200 cc,Automatic,Diesel,Mombasa,Foreign Used,3420000
Mercedes-Benz,C200,2012,43567,2000 cc,Automatic,Petrol,Nairobi,Foreign Used,4287500
Nissan,X-Trail,2013,43740,2000 cc,Automatic,Petrol,Nakuru,Locally Used,1312500
Honda,Fit,2014,43913,1500 cc,Manual,Petrol,Kisumu,Locally Used,1162500
BMW,X3,2015,44086,2000 cc,Automatic,Diesel,Nairobi,Foreign Used,3360000
Audi,A4,2016,44259,2000 cc,Automatic,Diesel,Mombasa,Foreign Used,3217500
Toyota,Premio,2017,44432,1800 cc,Automatic,Petrol,Nairobi,Foreign Used,1785000
Subaru,Outback,2018,44605,2500 cc,Automatic,Petrol,Nairobi,Locally Used,2100000
Mazda,CX-5,2019,44778,2200 cc,Automatic,Diesel,Mombasa,Foreign Used,2565000
Mercedes-Benz,C200,2020,44951,2000 cc,Automatic,Petrol,Nairobi,Foreign Used,3237500
Nissan,X-Trail,2021,45124,2000 cc,Automatic,Petrol,Nakuru,Locally Used,1662500
Honda,Fit,2022,45297,1500 cc,Manual,Petrol,Kisumu,Locally Used,1462500
BMW,X3,2008,45470,2000 cc,Automatic,Diesel,Nairobi,Foreign Used,4200000
Audi,A4,2009,45643,2000 cc,Automatic,Diesel,Mombasa,Foreign Used,3997499
Toyota,Premio,2010,45816,1800 cc,Automatic,Petrol,Nairobi,Foreign Used,2205000
Subaru,Outback,2011,45989,2500 cc,Automatic,Petrol,Nairobi,Locally Used,2580000
Mazda,CX-5,2012,46162,2200 cc,Automatic,Diesel,Mombasa,Foreign Used,3135000
Mercedes-Benz,C200,2013,46335,2000 cc,Automatic,Petrol,Nairobi,Foreign Used,3937500
Nissan,X-Trail,2014,46508,2000 cc,Automatic,Petrol,Nakuru,Locally Used,2012499
Honda,Fit,2015,46681,1500 cc,Manual,Petrol,Kisumu,Locally Used,1762500
BMW,X3,2016,46854,2000 cc,Automatic,Diesel,Nairobi,Foreign Used,5040000
Audi,A4,2017,47027,2000 cc,Automatic,Diesel,Mombasa,Foreign Used,4777500
Toyota,Premio,2018,47200,1800 cc,Automatic,Petrol,Nairobi,Foreign Used,1575000
Subaru,Outback,2019,47373,2500 cc,Automatic,Petrol,Nairobi,Locally Used,1860000
Mazda,CX-5,2020,47546,2200 cc,Automatic,Diesel,Mombasa,Foreign Used,2280000
Mercedes-Benz,C200,2021,47719,2000 cc,Automatic,Petrol,Nairobi,Foreign Used,2887500
Nissan,X-Trail,2022,47892,2000 cc,Automatic,Petrol,Nakuru,Locally Used,1487500
Honda,Fit,2008,48065,1500 cc,Manual,Petrol,Kisumu,Locally Used,1312500
BMW,X3,2009,48238,2000 cc,Automatic,Diesel,Nairobi,Foreign Used,3780000
Audi,A4,2010,48411,2000 cc,Automatic,Diesel,Mombasa,Foreign Used,3607500
Toyota,Premio,2011,48584,1800 cc,Automatic,Petrol,Nairobi,Foreign Used,1995000
Subaru,Outback,2012,48757,2500 cc,Automatic,Petrol,Nairobi,Locally Used,2340000
Mazda,CX-5,2013,48930,2200 cc,Automatic,Diesel,Mombasa,Foreign Used,2850000
Mercedes-Benz,C200,2014,49103,2000 cc,Automatic,Petrol,Nairobi,Foreign Used,3587499
Nissan,X-Trail,2015,49276,2000 cc,Automatic,Petrol,Nakuru,Locally Used,1837500
Honda,Fit,2016,49449,1500 cc,Manual,Petrol,Kisumu,Locally Used,1612500
BMW,X3,2017,49622,2000 cc,Automatic,Diesel,Nairobi,Foreign Used,4620000
Audi,A4,2018,49795,2000 cc,Automatic,Diesel,Mombasa,Foreign Used,4387500
Toyota,Premio,2019,49968,1800 cc,Automatic,Petrol,Nairobi,Foreign Used,2415000
Subaru,Outback,2020,50141,2500 cc,Automatic,Petrol,Nairobi,Locally Used,2820000
Mazda,CX-5,2021,50314,2200 cc,Automatic,Diesel,Mombasa,Foreign Used,3420000
Mercedes-Benz,C200,2022,50487,2000 cc,Automatic,Petrol,Nairobi,Foreign Used,4287500
Nissan,X-Trail,2008,50660,2000 cc,Automatic,Petrol,Nakuru,Locally Used,1312500
Honda,Fit,2009,50833,1500 cc,Manual,Petrol,Kisumu,Locally Used,1162500
BMW,X3,2010,51006,2000 cc,Automatic,Diesel,Nairobi,Foreign Used,3360000
Audi,A4,2011,51179,2000 cc,Automatic,Diesel,Mombasa,Foreign Used,3217500
Toyota,Premio,2012,51352,1800 cc,Automatic,Petrol,Nairobi,Foreign Used,1785000
Subaru,Outback,2013,51525,2500 cc,Automatic,Petrol,Nairobi,Locally Used,2100000
Mazda,CX-5,2014,51698,2200 cc,Automatic,Diesel,Mombasa,Foreign Used,2565000
Mercedes-Benz,C200,2015,51871,2000 cc,Automatic,Petrol,Nairobi,Foreign Used,3237500
Nissan,X-Trail,2016,52044,2000 cc,Automatic,Petrol,Nakuru,Locally Used,1662500
Honda,Fit,2017,52217,1500 cc,Manual,Petrol,Kisumu,Locally Used,1462500
BMW,X3,2018,52390,2000 cc,Automatic,Diesel,Nairobi,Foreign Used,4200000
Audi,A4,2019,52563,2000 cc,Automatic,Diesel,Mombasa,Foreign Used,3997499
Toyota,Premio,2020,52736,1800 cc,Automatic,Petrol,Nairobi,Foreign Used,2205000
Subaru,Outback,2021,52909,2500 cc,Automatic,Petrol,Nairobi,Locally Used,2580000
Mazda,CX-5,2022,53082,2200 cc,Automatic,Diesel,Mombasa,Foreign Used,3135000
Mercedes-Benz,C200,2008,53255,2000 cc,Automatic,Petrol,Nairobi,Foreign Used,3937500
Nissan,X-Trail,2009,53428,2000 cc,Automatic,Petrol,Nakuru,Locally Used,2012499
Honda,Fit,2010,53601,1500 cc,Manual,Petrol,Kisumu,Locally Used,1762500
BMW,X3,2011,53774,2000 cc,Automatic,Diesel,Nairobi,Foreign Used,5040000
Audi,A4,2012,53947,2000 cc,Automatic,Diesel,Mombasa,Foreign Used,4777500
Toyota,Premio,2013,54120,1800 cc,Automatic,Petrol,Nairobi,Foreign Used,1575000
Subaru,Outback,2014,54293,2500 cc,Automatic,Petrol,Nairobi,Locally Used,1860000
Mazda,CX-5,2015,54466,2200 cc,Automatic,Diesel,Mombasa,Foreign Used,2280000
Mercedes-Benz,C200,2016,54639,2000 cc,Automatic,Petrol,Nairobi,Foreign Used,2887500
Nissan,X-Trail,2017,54812,2000 cc,Automatic,Petrol,Nakuru,Locally Used,1487500
Honda,Fit,2018,54985,1500 cc,Manual,Petrol,Kisumu,Locally Used,1312500
BMW,X3,2019,55158,2000 cc,Automatic,Diesel,Nairobi,Foreign Used,3780000
Audi,A4,2020,55331,2000 cc,Automatic,Diesel,Mombasa,Foreign Used,3607500
Toyota,Premio,2021,55504,1800 cc,Automatic,Petrol,Nairobi,Foreign Used,1995000
Subaru,Outback,2022,55677,2500 cc,Automatic,Petrol,Nairobi,Locally Used,2340000
Mazda,CX-5,2008,55850,2200 cc,Automatic,Diesel,Mombasa,Foreign Used,2850000
Mercedes-Benz,C200,2009,56023,2000 cc,Automatic,Petrol,Nairobi,Foreign Used,3587499
Nissan,X-Trail,2010,56196,2000 cc,Automatic,Petrol,Nakuru,Locally Used,1837500
Honda,Fit,2011,56369,1500 cc,Manual,Petrol,Kisumu,Locally Used,1612500
BMW,X3,2012,56542,2000 cc,Automatic,Diesel,Nairobi,Foreign Used,4620000
Audi,A4,2013,56715,2000 cc,Automatic,Diesel,Mombasa,Foreign Used,4387500
Toyota,Premio,2014,56888,1800 cc,Automatic,Petrol,Nairobi,Foreign Used,2415000
Subaru,Outback,2015,57061,2500 cc,Automatic,Petrol,Nairobi,Locally Used,2820000
Mazda,CX-5,2016,57234,2200 cc,Automatic,Diesel,Mombasa,Foreign Used,3420000
Mercedes-Benz,C200,2017,57407,2000 cc,Automatic,Petrol,Nairobi,Foreign Used,4287500
Nissan,X-Trail,2018,57580,2000 cc,Automatic,Petrol,Nakuru,Locally Used,1312500
Honda,Fit,2019,57753,1500 cc,Manual,Petrol,Kisumu,Locally Used,1162500
BMW,X3,2020,57926,2000 cc,Automatic,Diesel,Nairobi,Foreign Used,3360000
Audi,A4,2021,58099,2000 cc,Automatic,Diesel,Mombasa,Foreign Used,3217500
Toyota,Premio,2022,58272,1800 cc,Automatic,Petrol,Nairobi,Foreign Used,1785000
Subaru,Outback,2008,58445,2500 cc,Automatic,Petrol,Nairobi,Locally Used,2100000
Mazda,CX-5,2009,58618,2200 cc,Automatic,Diesel,Mombasa,Foreign Used,2565000
Mercedes-Benz,C200,2010,58791,2000 cc,Automatic,Petrol,Nairobi,Foreign Used,3237500
Nissan,X-Trail,2011,58964,2000 cc,Automatic,Petrol,Nakuru,Locally Used,1662500
Honda,Fit,2012,59137,1500 cc,Manual,Petrol,Kisumu,Locally Used,1462500
BMW,X3,2013,59310,2000 cc,Automatic,Diesel,Nairobi,Foreign Used,4200000
Audi,A4,2014,59483,2000 cc,Automatic,Diesel,Mombasa,Foreign Used,3997499
Toyota,Premio,2015,59656,1800 cc,Automatic,Petrol,Nairobi,Foreign Used,2205000
Subaru,Outback,2016,59829,2500 cc,Automatic,Petrol,Nairobi,Locally Used,2580000
Mazda,CX-5,2017,60002,2200 cc,Automatic,Diesel,Mombasa,Foreign Used,3135000
Mercedes-Benz,C200,2018,60175,2000 cc,Automatic,Petrol,Nairobi,Foreign Used,3937500
Nissan,X-Trail,2019,60348,2000 cc,Automatic,Petrol,Nakuru,Locally Used,2012499
Honda,Fit,2020,60521,1500 cc,Manual,Petrol,Kisumu,Locally Used,1762500
BMW,X3,2021,60694,2000 cc,Automatic,Diesel,Nairobi,Foreign Used,5040000
Audi,A4,2022,60867,2000 cc,Automatic,Diesel,Mombasa,Foreign Used,4777500
Toyota,Premio,2008,61040,1800 cc,Automatic,Petrol,Nairobi,Foreign Used,1575000
Subaru,Outback,2009,61213,2500 cc,Automatic,Petrol,Nairobi,Locally Used,1860000
Mazda,CX-5,2010,61386,2200 cc,Automatic,Diesel,Mombasa,Foreign Used,2280000
Mercedes-Benz,C200,2011,61559,2000 cc,Automatic,Petrol,Nairobi,Foreign Used,2887500
Nissan,X-Trail,2012,61732,2000 cc,Automatic,Petrol,Nakuru,Locally Used,1487500
Honda,Fit,2013,61905,1500 cc,Manual,Petrol,Kisumu,Locally Used,1312500
BMW,X3,2014,62078,2000 cc,Automatic,Diesel,Nairobi,Foreign Used,3780000
Audi,A4,2015,62251,2000 cc,Automatic,Diesel,Mombasa,Foreign Used,3607500
Toyota,Premio,2016,62424,1800 cc,Automatic,Petrol,Nairobi,Foreign Used,1995000
Subaru,Outback,2017,62597,2500 cc,Automatic,Petrol,Nairobi,Locally Used,2340000
Mazda,CX-5,2018,62770,2200 cc,Automatic,Diesel,Mombasa,Foreign Used,2850000
Mercedes-Benz,C200,2019,62943,2000 cc,Automatic,Petrol,Nairobi,Foreign Used,3587499
Nissan,X-Trail,2020,63116,2000 cc,Automatic,Petrol,Nakuru,Locally Used,1837500
Honda,Fit,2021,63289,1500 cc,Manual,Petrol,Kisumu,Locally Used,1612500
BMW,X3,2022,63462,2000 cc,Automatic,Diesel,Nairobi,Foreign Used,4620000
Audi,A4,2008,63635,2000 cc,Automatic,Diesel,Mombasa,Foreign Used,4387500
Toyota,Premio,2009,63808,1800 cc,Automatic,Petrol,Nairobi,Foreign Used,2415000
Subaru,Outback,2010,63981,2500 cc,Automatic,Petrol,Nairobi,Locally Used,2820000
Mazda,CX-5,2011,64154,2200 cc,Automatic,Diesel,Mombasa,Foreign Used,3420000
Mercedes-Benz,C200,2012,64327,2000 cc,Automatic,Petrol,Nairobi,Foreign Used,4287500
Nissan,X-Trail,2013,64500,2000 cc,Automatic,Petrol,Nakuru,Locally Used,1312500
Honda,Fit,2014,64673,1500 cc,Manual,Petrol,Kisumu,Locally Used,1162500
BMW,X3,2015,64846,2000 cc,Automatic,Diesel,Nairobi,Foreign Used,3360000
Audi,A4,2016,65019,2000 cc,Automatic,Diesel,Mombasa,Foreign Used,3217500
Toyota,Premio,2017,65192,1800 cc,Automatic,Petrol,Nairobi,Foreign Used,1785000
Subaru,Outback,2018,65365,2500 cc,Automatic,Petrol,Nairobi,Locally Used,2100000
Mazda,CX-5,2019,65538,2200 cc,Automatic,Diesel,Mombasa,Foreign Used,2565000
Mercedes-Benz,C200,2020,65711,2000 cc,Automatic,Petrol,Nairobi,Foreign Used,3237500
Nissan,X-Trail,2021,65884,2000 cc,Automatic,Petrol,Nakuru,Locally Used,1662500
Honda,Fit,2022,66057,1500 cc,Manual,Petrol,Kisumu,Locally Used,1462500
BMW,X3,2008,66230,2000 cc,Automatic,Diesel,Nairobi,Foreign Used,4200000
Audi,A4,2009,66403,2000 cc,Automatic,Diesel,Mombasa,Foreign Used,3997499
Toyota,Premio,2010,66576,1800 cc,Automatic,Petrol,Nairobi,Foreign Used,2205000
Subaru,Outback,2011,66749,2500 cc,Automatic,Petrol,Nairobi,Locally Used,2580000
Mazda,CX-5,2012,66922,2200 cc,Automatic,Diesel,Mombasa,Foreign Used,3135000
Mercedes-Benz,C200,2013,67095,2000 cc,Automatic,Petrol,Nairobi,Foreign Used,3937500
Nissan,X-Trail,2014,67268,2000 cc,Automatic,Petrol,Nakuru,Locally Used,2012499
Honda,Fit,2015,67441,1500 cc,Manual,Petrol,Kisumu,Locally Used,1762500
BMW,X3,2016,67614,2000 cc,Automatic,Diesel,Nairobi,Foreign Used,5040000
Audi,A4,2017,67787,2000 cc,Automatic,Diesel,Mombasa,Foreign Used,4777500
Toyota,Premio,2018,67960,1800 cc,Automatic,Petrol,Nairobi,Foreign Used,1575000
Subaru,Outback,2019,68133,2500 cc,Automatic,Petrol,Nairobi,Locally Used,1860000
Mazda,CX-5,2020,68306,2200 cc,Automatic,Diesel,Mombasa,Foreign Used,2280000
Mercedes-Benz,C200,2021,68479,2000 cc,Automatic,Petrol,Nairobi,Foreign Used,2887500
Nissan,X-Trail,2022,68652,2000 cc,Automatic,Petrol,Nakuru,Locally Used,1487500
Honda,Fit,2008,68825,1500 cc,Manual,Petrol,Kisumu,Locally Used,1312500
BMW,X3,2009,68998,2000 cc,Automatic,Diesel,Nairobi,Foreign Used,3780000
Audi,A4,2010,69171,2000 cc,Automatic,Diesel,Mombasa,Foreign Used,3607500
Toyota,Premio,2011,69344,1800 cc,Automatic,Petrol,Nairobi,Foreign Used,1995000
Subaru,Outback,2012,69517,2500 cc,Automatic,Petrol,Nairobi,Locally Used,2340000
Mazda,CX-5,2013,69690,2200 cc,Automatic,Diesel,Mombasa,Foreign Used,2850000
Mercedes-Benz,C200,2014,69863,2000 cc,Automatic,Petrol,Nairobi,Foreign Used,3587499
Nissan,X-Trail,2015,70036,2000 cc,Automatic,Petrol,Nakuru,Locally Used,1837500
Honda,Fit,2016,70209,1500 cc,Manual,Petrol,Kisumu,Locally Used,1612500
BMW,X3,2017,70382,2000 cc,Automatic,Diesel,Nairobi,Foreign Used,4620000
Audi,A4,2018,70555,2000 cc,Automatic,Diesel,Mombasa,Foreign Used,4387500
Toyota,Premio,2019,70728,1800 cc,Automatic,Petrol,Nairobi,Foreign Used,2415000
Subaru,Outback,2020,70901,2500 cc,Automatic,Petrol,Nairobi,Locally Used,2820000
Mazda,CX-5,2021,71074,2200 cc,Automatic,Diesel,Mombasa,Foreign Used,3420000
Mercedes-Benz,C200,2022,71247,2000 cc,Automatic,Petrol,Nairobi,Foreign Used,4287500
Nissan,X-Trail,2008,71420,2000 cc,Automatic,Petrol,Nakuru,Locally Used,1312500
Honda,Fit,2009,71593,1500 cc,Manual,Petrol,Kisumu,Locally Used,1162500
BMW,X3,2010,71766,2000 cc,Automatic,Diesel,Nairobi,Foreign Used,3360000
Audi,A4,2011,71939,2000 cc,Automatic,Diesel,Mombasa,Foreign Used,3217500
Toyota,Premio,2012,72112,1800 cc,Automatic,Petrol,Nairobi,Foreign Used,1785000
Subaru,Outback,2013,72285,2500 cc,Automatic,Petrol,Nairobi,Locally Used,2100000
Mazda,CX-5,2014,72458,2200 cc,Automatic,Diesel,Mombasa,Foreign Used,2565000
Mercedes-Benz,C200,2015,72631,2000 cc,Automatic,Petrol,Nairobi,Foreign Used,3237500
Nissan,X-Trail,2016,72804,2000 cc,Automatic,Petrol,Nakuru,Locally Used,1662500
Honda,Fit,2017,72977,1500 cc,Manual,Petrol,Kisumu,Locally Used,1462500
BMW,X3,2018,73150,2000 cc,Automatic,Diesel,Nairobi,Foreign Used,4200000
Audi,A4,2019,73323,2000 cc,Automatic,Diesel,Mombasa,Foreign Used,3997499
Toyota,Premio,2020,73496,1800 cc,Automatic,Petrol,Nairobi,Foreign Used,2205000
Subaru,Outback,2021,73669,2500 cc,Automatic,Petrol,Nairobi,Locally Used,2580000
Mazda,CX-5,2022,73842,2200 cc,Automatic,Diesel,Mombasa,Foreign Used,3135000
Mercedes-Benz,C200,2008,74015,2000 cc,Automatic,Petrol,Nairobi,Foreign Used,3937500
Nissan,X-Trail,2009,74188,2000 cc,Automatic,Petrol,Nakuru,Locally Used,2012499
Honda,Fit,2010,74361,1500 cc,Manual,Petrol,Kisumu,Locally Used,1762500
BMW,X3,2011,74534,2000 cc,Automatic,Diesel,Nairobi,Foreign Used,5040000
Audi,A4,2012,74707,2000 cc,Automatic,Diesel,Mombasa,Foreign Used,4777500
Toyota,Premio,2013,74880,1800 cc,Automatic,Petrol,Nairobi,Foreign Used,1575000
Subaru,Outback,2014,75053,2500 cc,Automatic,Petrol,Nairobi,Locally Used,1860000
Mazda,CX-5,2015,75226,2200 cc,Automatic,Diesel,Mombasa,Foreign Used,2280000
Mercedes-Benz,C200,2016,75399,2000 cc,Automatic,Petrol,Nairobi,Foreign Used,2887500
Nissan,X-Trail,2017,75572,2000 cc,Automatic,Petrol,Nakuru,Locally Used,1487500
Honda,Fit,2018,75745,1500 cc,Manual,Petrol,Kisumu,Locally Used,1312500
BMW,X3,2019,75918,2000 cc,Automatic,Diesel,Nairobi,Foreign Used,3780000
Audi,A4,2020,76091,2000 cc,Automatic,Diesel,Mombasa,Foreign Used,3607500
Toyota,Premio,2021,76264,1800 cc,Automatic,Petrol,Nairobi,Foreign Used,1995000
Subaru,Outback,2022,76437,2500 cc,Automatic,Petrol,Nairobi,Locally Used,2340000
Mazda,CX-5,2008,76610,2200 cc,Automatic,Diesel,Mombasa,Foreign Used,2850000
Mercedes-Benz,C200,2009,76783,2000 cc,Automatic,Petrol,Nairobi,Foreign Used,3587499
Nissan,X-Trail,2010,76956,2000 cc,Automatic,Petrol,Nakuru,Locally Used,1837500
Honda,Fit,2011,77129,1500 cc,Manual,Petrol,Kisumu,Locally Used,1612500
BMW,X3,2012,77302,2000 cc,Automatic,Diesel,Nairobi,Foreign Used,4620000
Audi,A4,2013,77475,2000 cc,Automatic,Diesel,Mombasa,Foreign Used,4387500
Toyota,Premio,2014,77648,1800 cc,Automatic,Petrol,Nairobi,Foreign Used,2415000
Subaru,Outback,2015,77821,2500 cc,Automatic,Petrol,Nairobi,Locally Used,2820000
Mazda,CX-5,2016,77994,2200 cc,Automatic,Diesel,Mombasa,Foreign Used,3420000
Mercedes-Benz,C200,2017,78167,2000 cc,Automatic,Petrol,Nairobi,Foreign Used,4287500
Nissan,X-Trail,2018,78340,2000 cc,Automatic,Petrol,Nakuru,Locally Used,1312500
Honda,Fit,2019,78513,1500 cc,Manual,Petrol,Kisumu,Locally Used,1162500
BMW,X3,2020,78686,2000 cc,Automatic,Diesel,Nairobi,Foreign Used,3360000
Audi,A4,2021,78859,2000 cc,Automatic,Diesel,Mombasa,Foreign Used,3217500
Toyota,Premio,2022,79032,1800 cc,Automatic,Petrol,Nairobi,Foreign Used,1785000
Subaru,Outback,2008,79205,2500 cc,Automatic,Petrol,Nairobi,Locally Used,2100000
Mazda,CX-5,2009,79378,2200 cc,Automatic,Diesel,Mombasa,Foreign Used,2565000
Mercedes-Benz,C200,2010,79551,2000 cc,Automatic,Petrol,Nairobi,Foreign Used,3237500
Nissan,X-Trail,2011,79724,2000 cc,Automatic,Petrol,Nakuru,Locally Used,1662500
Honda,Fit,2012,79897,1500 cc,Manual,Petrol,Kisumu,Locally Used,1462500
BMW,X3,2013,80070,2000 cc,Automatic,Diesel,Nairobi,Foreign Used,4200000
Audi,A4,2014,80243,2000 cc,Automatic,Diesel,Mombasa,Foreign Used,3997499
Toyota,Premio,2015,80416,1800 cc,Automatic,Petrol,Nairobi,Foreign Used,2205000
Subaru,Outback,2016,80589,2500 cc,Automatic,Petrol,Nairobi,Locally Used,2580000
Mazda,CX-5,2017,80762,2200 cc,Automatic,Diesel,Mombasa,Foreign Used,3135000
Mercedes-Benz,C200,2018,80935,2000 cc,Automatic,Petrol,Nairobi,Foreign Used,3937500
Nissan,X-Trail,2019,81108,2000 cc,Automatic,Petrol,Nakuru,Locally Used,2012499
Honda,Fit,2020,81281,1500 cc,Manual,Petrol,Kisumu,Locally Used,1762500
BMW,X3,2021,81454,2000 cc,Automatic,Diesel,Nairobi,Foreign Used,5040000
Audi,A4,2022,81627,2000 cc,Automatic,Diesel,Mombasa,Foreign Used,4777500
Toyota,Premio,2008,81800,1800 cc,Automatic,Petrol,Nairobi,Foreign Used,1575000
Subaru,Outback,2009,81973,2500 cc,Automatic,Petrol,Nairobi,Locally Used,1860000
Mazda,CX-5,2010,82146,2200 cc,Automatic,Diesel,Mombasa,Foreign Used,2280000
Mercedes-Benz,C200,2011,82319,2000 cc,Automatic,Petrol,Nairobi,Foreign Used,2887500
Nissan,X-Trail,2012,82492,2000 cc,Automatic,Petrol,Nakuru,Locally Used,1487500
Honda,Fit,2013,82665,1500 cc,Manual,Petrol,Kisumu,Locally Used,1312500
BMW,X3,2014,82838,2000 cc,Automatic,Diesel,Nairobi,Foreign Used,3780000
Audi,A4,2015,83011,2000 cc,Automatic,Diesel,Mombasa,Foreign Used,3607500
Toyota,Premio,2016,83184,1800 cc,Automatic,Petrol,Nairobi,Foreign Used,1995000
Subaru,Outback,2017,83357,2500 cc,Automatic,Petrol,Nairobi,Locally Used,2340000
Mazda,CX-5,2018,83530,2200 cc,Automatic,Diesel,Mombasa,Foreign Used,2850000
Mercedes-Benz,C200,2019,83703,2000 cc,Automatic,Petrol,Nairobi,Foreign Used,3587499
Nissan,X-Trail,2020,83876,2000 cc,Automatic,Petrol,Nakuru,Locally Used,1837500
Honda,Fit,2021,84049,1500 cc,Manual,Petrol,Kisumu,Locally Used,1612500
BMW,X3,2022,84222,2000 cc,Automatic,Diesel,Nairobi,Foreign Used,4620000
Audi,A4,2008,84395,2000 cc,Automatic,Diesel,Mombasa,Foreign Used,4387500
Toyota,Premio,2009,84568,1800 cc,Automatic,Petrol,Nairobi,Foreign Used,2415000
Subaru,Outback,2010,84741,2500 cc,Automatic,Petrol,Nairobi,Locally Used,2820000
Mazda,CX-5,2011,84914,2200 cc,Automatic,Diesel,Mombasa,Foreign Used,3420000
Mercedes-Benz,C200,2012,85087,2000 cc,Automatic,Petrol,Nairobi,Foreign Used,4287500
Nissan,X-Trail,2013,85260,2000 cc,Automatic,Petrol,Nakuru,Locally Used,1312500
Honda,Fit,2014,85433,1500 cc,Manual,Petrol,Kisumu,Locally Used,1162500
BMW,X3,2015,85606,2000 cc,Automatic,Diesel,Nairobi,Foreign Used,3360000
Audi,A4,2016,85779,2000 cc,Automatic,Diesel,Mombasa,Foreign Used,3217500
Toyota,Premio,2017,85952,1800 cc,Automatic,Petrol,Nairobi,Foreign Used,1785000
Subaru,Outback,2018,86125,2500 cc,Automatic,Petrol,Nairobi,Locally Used,2100000
Mazda,CX-5,2019,86298,2200 cc,Automatic,Diesel,Mombasa,Foreign Used,2565000
Mercedes-Benz,C200,2020,86471,2000 cc,Automatic,Petrol,Nairobi,Foreign Used,3237500
Nissan,X-Trail,2021,86644,2000 cc,Automatic,Petrol,Nakuru,Locally Used,1662500
Honda,Fit,2022,86817,1500 cc,Manual,Petrol,Kisumu,Locally Used,1462500
BMW,X3,2008,86990,2000 cc,Automatic,Diesel,Nairobi,Foreign Used,4200000
Audi,A4,2009,87163,2000 cc,Automatic,Diesel,Mombasa,Foreign Used,3997499
Toyota,Premio,2010,87336,1800 cc,Automatic,Petrol,Nairobi,Foreign Used,2205000
Subaru,Outback,2011,87509,2500 cc,Automatic,Petrol,Nairobi,Locally Used,2580000
Mazda,CX-5,2012,87682,2200 cc,Automatic,Diesel,Mombasa,Foreign Used,3135000
Mercedes-Benz,C200,2013,87855,2000 cc,Automatic,Petrol,Nairobi,Foreign Used,3937500
Nissan,X-Trail,2014,88028,2000 cc,Automatic,Petrol,Nakuru,Locally Used,2012499
Honda,Fit,2015,88201,1500 cc,Manual,Petrol,Kisumu,Locally Used,1762500
BMW,X3,2016,88374,2000 cc,Automatic,Diesel,Nairobi,Foreign Used,5040000
Audi,A4,2017,88547,2000 cc,Automatic,Diesel,Mombasa,Foreign Used,4777500
Toyota,Premio,2018,88720,1800 cc,Automatic,Petrol,Nairobi,Foreign Used,1575000
Subaru,Outback,2019,88893,2500 cc,Automatic,Petrol,Nairobi,Locally Used,1860000
Mazda,CX-5,2020,89066,2200 cc,Automatic,Diesel,Mombasa,Foreign Used,2280000
Mercedes-Benz,C200,2021,89239,2000 cc,Automatic,Petrol,Nairobi,Foreign Used,2887500
Nissan,X-Trail,2022,89412,2000 cc,Automatic,Petrol,Nakuru,Locally Used,1487500
Honda,Fit,2008,89585,1500 cc,Manual,Petrol,Kisumu,Locally Used,1312500
BMW,X3,2009,89758,2000 cc,Automatic,Diesel,Nairobi,Foreign Used,3780000
Audi,A4,2010,89931,2000 cc,Automatic,Diesel,Mombasa,Foreign Used,3607500
Toyota,Premio,2011,90104,1800 cc,Automatic,Petrol,Nairobi,Foreign Used,1995000
Subaru,Outback,2012,90277,2500 cc,Automatic,Petrol,Nairobi,Locally Used,2340000
Mazda,CX-5,2013,90450,2200 cc,Automatic,Diesel,Mombasa,Foreign Used,2850000
Mercedes-Benz,C200,2014,90623,2000 cc,Automatic,Petrol,Nairobi,Foreign Used,3587499
Nissan,X-Trail,2015,90796,2000 cc,Automatic,Petrol,Nakuru,Locally Used,1837500
Honda,Fit,2016,90969,1500 cc,Manual,Petrol,Kisumu,Locally Used,1612500
BMW,X3,2017,91142,2000 cc,Automatic,Diesel,Nairobi,Foreign Used,4620000
Audi,A4,2018,91315,2000 cc,Automatic,Diesel,Mombasa,Foreign Used,4387500
Toyota,Premio,2019,91488,1800 cc,Automatic,Petrol,Nairobi,Foreign Used,2415000
Subaru,Outback,2020,91661,2500 cc,Automatic,Petrol,Nairobi,Locally Used,2820000
Mazda,CX-5,2021,91834,2200 cc,Automatic,Diesel,Mombasa,Foreign Used,3420000
Mercedes-Benz,C200,2022,92007,2000 cc,Automatic,Petrol,Nairobi,Foreign Used,4287500
Nissan,X-Trail,2008,92180,2000 cc,Automatic,Petrol,Nakuru,Locally Used,1312500
Honda,Fit,2009,92353,1500 cc,Manual,Petrol,Kisumu,Locally Used,1162500
BMW,X3,2010,92526,2000 cc,Automatic,Diesel,Nairobi,Foreign Used,3360000
Audi,A4,2011,92699,2000 cc,Automatic,Diesel,Mombasa,Foreign Used,3217500
Toyota,Premio,2012,92872,1800 cc,Automatic,Petrol,Nairobi,Foreign Used,1785000
Subaru,Outback,2013,93045,2500 cc,Automatic,Petrol,Nairobi,Locally Used,2100000
Mazda,CX-5,2014,93218,2200 cc,Automatic,Diesel,Mombasa,Foreign Used,2565000
Mercedes-Benz,C200,2015,93391,2000 cc,Automatic,Petrol,Nairobi,Foreign Used,3237500
Nissan,X-Trail,2016,93564,2000 cc,Automatic,Petrol,Nakuru,Locally Used,1662500
Honda,Fit,2017,93737,1500 cc,Manual,Petrol,Kisumu,Locally Used,1462500
BMW,X3,2018,93910,2000 cc,Automatic,Diesel,Nairobi,Foreign Used,4200000
Audi,A4,2019,94083,2000 cc,Automatic,Diesel,Mombasa,Foreign Used,3997499
Toyota,Premio,2020,94256,1800 cc,Automatic,Petrol,Nairobi,Foreign Used,2205000
Subaru,Outback,2021,94429,2500 cc,Automatic,Petrol,Nairobi,Locally Used,2580000
Mazda,CX-5,2022,94602,2200 cc,Automatic,Diesel,Mombasa,Foreign Used,3135000
Mercedes-Benz,C200,2008,94775,2000 cc,Automatic,Petrol,Nairobi,Foreign Used,3937500
Nissan,X-Trail,2009,94948,2000 cc,Automatic,Petrol,Nakuru,Locally Used,2012499
Honda,Fit,2010,95121,1500 cc,Manual,Petrol,Kisumu,Locally Used,1762500
BMW,X3,2011,95294,2000 cc,Automatic,Diesel,Nairobi,Foreign Used,5040000
Audi,A4,2012,95467,2000 cc,Automatic,Diesel,Mombasa,Foreign Used,4777500
Toyota,Premio,2013,95640,1800 cc,Automatic,Petrol,Nairobi,Foreign Used,1575000
Subaru,Outback,2014,95813,2500 cc,Automatic,Petrol,Nairobi,Locally Used,1860000
Mazda,CX-5,2015,95986,2200 cc,Automatic,Diesel,Mombasa,Foreign Used,2280000
Mercedes-Benz,C200,2016,96159,2000 cc,Automatic,Petrol,Nairobi,Foreign Used,2887500
Nissan,X-Trail,2017,96332,2000 cc,Automatic,Petrol,Nakuru,Locally Used,1487500
Honda,Fit,2018,96505,1500 cc,Manual,Petrol,Kisumu,Locally Used,1312500
BMW,X3,2019,96678,2000 cc,Automatic,Diesel,Nairobi,Foreign Used,3780000
Audi,A4,2020,96851,2000 cc,Automatic,Diesel,Mombasa,Foreign Used,3607500
Toyota,Premio,2021,97024,1800 cc,Automatic,Petrol,Nairobi,Foreign Used,1995000
Subaru,Outback,2022,97197,2500 cc,Automatic,Petrol,Nairobi,Locally Used,2340000
Mazda,CX-5,2008,97370,2200 cc,Automatic,Diesel,Mombasa,Foreign Used,2850000
Mercedes-Benz,C200,2009,97543,2000 cc,Automatic,Petrol,Nairobi,Foreign Used,3587499
Nissan,X-Trail,2010,97716,2000 cc,Automatic,Petrol,Nakuru,Locally Used,1837500
Honda,Fit,2011,97889,1500 cc,Manual,Petrol,Kisumu,Locally Used,1612500
BMW,X3,2012,98062,2000 cc,Automatic,Diesel,Nairobi,Foreign Used,4620000
Audi,A4,2013,98235,2000 cc,Automatic,Diesel,Mombasa,Foreign Used,4387500
Toyota,Premio,2014,98408,1800 cc,Automatic,Petrol,Nairobi,Foreign Used,2415000
Subaru,Outback,2015,98581,2500 cc,Automatic,Petrol,Nairobi,Locally Used,2820000
Mazda,CX-5,2016,98754,2200 cc,Automatic,Diesel,Mombasa,Foreign Used,3420000
Mercedes-Benz,C200,2017,98927,2000 cc,Automatic,Petrol,Nairobi,Foreign Used,4287500
Nissan,X-Trail,2018,99100,2000 cc,Automatic,Petrol,Nakuru,Locally Used,1312500
Honda,Fit,2019,99273,1500 cc,Manual,Petrol,Kisumu,Locally Used,1162500
BMW,X3,2020,99446,2000 cc,Automatic,Diesel,Nairobi,Foreign Used,3360000
Audi,A4,2021,99619,2000 cc,Automatic,Diesel,Mombasa,Foreign Used,3217500
Toyota,Premio,2022,99792,1800 cc,Automatic,Petrol,Nairobi,Foreign Used,1785000
Subaru,Outback,2008,99965,2500 cc,Automatic,Petrol,Nairobi,Locally Used,2100000
Mazda,CX-5,2009,100138,2200 cc,Automatic,Diesel,Mombasa,Foreign Used,2565000
Mercedes-Benz,C200,2010,100311,2000 cc,Automatic,Petrol,Nairobi,Foreign Used,3237500
Nissan,X-Trail,2011,100484,2000 cc,Automatic,Petrol,Nakuru,Locally Used,1662500
Honda,Fit,2012,100657,1500 cc,Manual,Petrol,Kisumu,Locally Used,1462500
BMW,X3,2013,100830,2000 cc,Automatic,Diesel,Nairobi,Foreign Used,4200000
Audi,A4,2014,101003,2000 cc,Automatic,Diesel,Mombasa,Foreign Used,3997499
Toyota,Premio,2015,101176,1800 cc,Automatic,Petrol,Nairobi,Foreign Used,2205000
Subaru,Outback,2016,101349,2500 cc,Automatic,Petrol,Nairobi,Locally Used,2580000
Mazda,CX-5,2017,101522,2200 cc,Automatic,Diesel,Mombasa,Foreign Used,3135000
Mercedes-Benz,C200,2018,101695,2000 cc,Automatic,Petrol,Nairobi,Foreign Used,3937500
Nissan,X-Trail,2019,101868,2000 cc,Automatic,Petrol,Nakuru,Locally Used,2012499
Honda,Fit,2020,102041,1500 cc,Manual,Petrol,Kisumu,Locally Used,1762500
BMW,X3,2021,102214,2000 cc,Automatic,Diesel,Nairobi,Foreign Used,5040000
Audi,A4,2022,102387,2000 cc,Automatic,Diesel,Mombasa,Foreign Used,4777500
Toyota,Premio,2008,102560,1800 cc,Automatic,Petrol,Nairobi,Foreign Used,1575000
Subaru,Outback,2009,102733,2500 cc,Automatic,Petrol,Nairobi,Locally Used,1860000
Mazda,CX-5,2010,102906,2200 cc,Automatic,Diesel,Mombasa,Foreign Used,2280000
Mercedes-Benz,C200,2011,103079,2000 cc,Automatic,Petrol,Nairobi,Foreign Used,2887500
Nissan,X-Trail,2012,103252,2000 cc,Automatic,Petrol,Nakuru,Locally Used,1487500
Honda,Fit,2013,103425,1500 cc,Manual,Petrol,Kisumu,Locally Used,1312500
BMW,X3,2014,103598,2000 cc,Automatic,Diesel,Nairobi,Foreign Used,3780000
Audi,A4,2015,103771,2000 cc,Automatic,Diesel,Mombasa,Foreign Used,3607500
Toyota,Premio,2016,103944,1800 cc,Automatic,Petrol,Nairobi,Foreign Used,1995000
Subaru,Outback,2017,104117,2500 cc,Automatic,Petrol,Nairobi,Locally Used,2340000
Mazda,CX-5,2018,104290,2200 cc,Automatic,Diesel,Mombasa,Foreign Used,2850000
Mercedes-Benz,C200,2019,104463,2000 cc,Automatic,Petrol,Nairobi,Foreign Used,3587499
Nissan,X-Trail,2020,104636,2000 cc,Automatic,Petrol,Nakuru,Locally Used,1837500
Honda,Fit,2021,104809,1500 cc,Manual,Petrol,Kisumu,Locally Used,1612500
BMW,X3,2022,104982,2000 cc,Automatic,Diesel,Nairobi,Foreign Used,4620000
Audi,A4,2008,105155,2000 cc,Automatic,Diesel,Mombasa,Foreign Used,4387500
Toyota,Premio,2009,105328,1800 cc,Automatic,Petrol,Nairobi,Foreign Used,2415000
Subaru,Outback,2010,105501,2500 cc,Automatic,Petrol,Nairobi,Locally Used,2820000
Mazda,CX-5,2011,105674,2200 cc,Automatic,Diesel,Mombasa,Foreign Used,3420000
Mercedes-Benz,C200,2012,105847,2000 cc,Automatic,Petrol,Nairobi,Foreign Used,4287500
Nissan,X-Trail,2013,106020,2000 cc,Automatic,Petrol,Nakuru,Locally Used,1312500
Honda,Fit,2014,106193,1500 cc,Manual,Petrol,Kisumu,Locally Used,1162500
BMW,X3,2015,106366,2000 cc,Automatic,Diesel,Nairobi,Foreign Used,3360000
Audi,A4,2016,106539,2000 cc,Automatic,Diesel,Mombasa,Foreign Used,3217500
Toyota,Premio,2017,106712,1800 cc,Automatic,Petrol,Nairobi,Foreign Used,1785000
Subaru,Outback,2018,106885,2500 cc,Automatic,Petrol,Nairobi,Locally Used,2100000
Mazda,CX-5,2019,107058,2200 cc,Automatic,Diesel,Mombasa,Foreign Used,2565000
Mercedes-Benz,C200,2020,107231,2000 cc,Automatic,Petrol,Nairobi,Foreign Used,3237500
Nissan,X-Trail,2021,107404,2000 cc,Automatic,Petrol,Nakuru,Locally Used,1662500
Honda,Fit,2022,107577,1500 cc,Manual,Petrol,Kisumu,Locally Used,1462500
BMW,X3,2008,107750,2000 cc,Automatic,Diesel,Nairobi,Foreign Used,4200000
Audi,A4,2009,107923,2000 cc,Automatic,Diesel,Mombasa,Foreign Used,3997499
Toyota,Premio,2010,108096,1800 cc,Automatic,Petrol,Nairobi,Foreign Used,2205000
Subaru,Outback,2011,108269,2500 cc,Automatic,Petrol,Nairobi,Locally Used,2580000
Mazda,CX-5,2012,108442,2200 cc,Automatic,Diesel,Mombasa,Foreign Used,3135000
Mercedes-Benz,C200,2013,108615,2000 cc,Automatic,Petrol,Nairobi,Foreign Used,3937500
Nissan,X-Trail,2014,108788,2000 cc,Automatic,Petrol,Nakuru,Locally Used,2012499
Honda,Fit,2015,108961,1500 cc,Manual,Petrol,Kisumu,Locally Used,1762500
BMW,X3,2016,109134,2000 cc,Automatic,Diesel,Nairobi,Foreign Used,5040000
Audi,A4,2017,109307,2000 cc,Automatic,Diesel,Mombasa,Foreign Used,4777500
Toyota,Premio,2018,109480,1800 cc,Automatic,Petrol,Nairobi,Foreign Used,1575000
Subaru,Outback,2019,109653,2500 cc,Automatic,Petrol,Nairobi,Locally Used,1860000
Mazda,CX-5,2020,109826,2200 cc,Automatic,Diesel,Mombasa,Foreign Used,2280000
Mercedes-Benz,C200,2021,109999,2000 cc,Automatic,Petrol,Nairobi,Foreign Used,2887500
Nissan,X-Trail,2022,110172,2000 cc,Automatic,Petrol,Nakuru,Locally Used,1487500
Honda,Fit,2008,110345,1500 cc,Manual,Petrol,Kisumu,Locally Used,1312500
BMW,X3,2009,110518,2000 cc,Automatic,Diesel,Nairobi,Foreign Used,3780000
Audi,A4,2010,110691,2000 cc,Automatic,Diesel,Mombasa,Foreign Used,3607500
Toyota,Premio,2011,110864,1800 cc,Automatic,Petrol,Nairobi,Foreign Used,1995000
Subaru,Outback,2012,111037,2500 cc,Automatic,Petrol,Nairobi,Locally Used,2340000
Mazda,CX-5,2013,111210,2200 cc,Automatic,Diesel,Mombasa,Foreign Used,2850000
Mercedes-Benz,C200,2014,111383,2000 cc,Automatic,Petrol,Nairobi,Foreign Used,3587499
Nissan,X-Trail,2015,111556,2000 cc,Automatic,Petrol,Nakuru,Locally Used,1837500
Honda,Fit,2016,111729,1500 cc,Manual,Petrol,Kisumu,Locally Used,1612500
BMW,X3,2017,111902,2000 cc,Automatic,Diesel,Nairobi,Foreign Used,4620000
Audi,A4,2018,112075,2000 cc,Automatic,Diesel,Mombasa,Foreign Used,4387500
Toyota,Premio,2019,112248,1800 cc,Automatic,Petrol,Nairobi,Foreign Used,2415000
Subaru,Outback,2020,112421,2500 cc,Automatic,Petrol,Nairobi,Locally Used,2820000
Mazda,CX-5,2021,112594,2200 cc,Automatic,Diesel,Mombasa,Foreign Used,3420000
Mercedes-Benz,C200,2022,112767,2000 cc,Automatic,Petrol,Nairobi,Foreign Used,4287500
Nissan,X-Trail,2008,112940,2000 cc,Automatic,Petrol,Nakuru,Locally Used,1312500
Honda,Fit,2009,113113,1500 cc,Manual,Petrol,Kisumu,Locally Used,1162500
BMW,X3,2010,113286,2000 cc,Automatic,Diesel,Nairobi,Foreign Used,3360000
Audi,A4,2011,113459,2000 cc,Automatic,Diesel,Mombasa,Foreign Used,3217500
Toyota,Premio,2012,113632,1800 cc,Automatic,Petrol,Nairobi,Foreign Used,1785000
Subaru,Outback,2013,113805,2500 cc,Automatic,Petrol,Nairobi,Locally Used,2100000
Mazda,CX-5,2014,113978,2200 cc,Automatic,Diesel,Mombasa,Foreign Used,2565000
Mercedes-Benz,C200,2015,114151,2000 cc,Automatic,Petrol,Nairobi,Foreign Used,3237500
Nissan,X-Trail,2016,114324,2000 cc,Automatic,Petrol,Nakuru,Locally Used,1662500
Honda,Fit,2017,114497,1500 cc,Manual,Petrol,Kisumu,Locally Used,1462500
BMW,X3,2018,114670,2000 cc,Automatic,Diesel,Nairobi,Foreign Used,4200000
Audi,A4,2019,114843,2000 cc,Automatic,Diesel,Mombasa,Foreign Used,3997499
Toyota,Premio,2020,115016,1800 cc,Automatic,Petrol,Nairobi,Foreign Used,2205000
Subaru,Outback,2021,115189,2500 cc,Automatic,Petrol,Nairobi,Locally Used,2580000
Mazda,CX-5,2022,115362,2200 cc,Automatic,Diesel,Mombasa,Foreign Used,3135000
Mercedes-Benz,C200,2008,115535,2000 cc,Automatic,Petrol,Nairobi,Foreign Used,3937500
Nissan,X-Trail,2009,115708,2000 cc,Automatic,Petrol,Nakuru,Locally Used,2012499
Honda,Fit,2010,115881,1500 cc,Manual,Petrol,Kisumu,Locally Used,1762500
BMW,X3,2011,116054,2000 cc,Automatic,Diesel,Nairobi,Foreign Used,5040000
Audi,A4,2012,116227,2000 cc,Automatic,Diesel,Mombasa,Foreign Used,4777500
Toyota,Premio,2013,116400,1800 cc,Automatic,Petrol,Nairobi,Foreign Used,1575000
Subaru,Outback,2014,116573,2500 cc,Automatic,Petrol,Nairobi,Locally Used,1860000
Mazda,CX-5,2015,116746,2200 cc,Automatic,Diesel,Mombasa,Foreign Used,2280000
Mercedes-Benz,C200,2016,116919,2000 cc,Automatic,Petrol,Nairobi,Foreign Used,2887500
Nissan,X-Trail,2017,117092,2000 cc,Automatic,Petrol,Nakuru,Locally Used,1487500
Honda,Fit,2018,117265,1500 cc,Manual,Petrol,Kisumu,Locally Used,1312500
BMW,X3,2019,117438,2000 cc,Automatic,Diesel,Nairobi,Foreign Used,3780000
Audi,A4,2020,117611,2000 cc,Automatic,Diesel,Mombasa,Foreign Used,3607500
Toyota,Premio,2021,117784,1800 cc,Automatic,Petrol,Nairobi,Foreign Used,1995000
Subaru,Outback,2022,117957,2500 cc,Automatic,Petrol,Nairobi,Locally Used,2340000
Mazda,CX-5,2008,118130,2200 cc,Automatic,Diesel,Mombasa,Foreign Used,2850000
Mercedes-Benz,C200,2009,118303,2000 cc,Automatic,Petrol,Nairobi,Foreign Used,3587499
Nissan,X-Trail,2010,118476,2000 cc,Automatic,Petrol,Nakuru,Locally Used,1837500
Honda,Fit,2011,118649,1500 cc,Manual,Petrol,Kisumu,Locally Used,1612500
BMW,X3,2012,118822,2000 cc,Automatic,Diesel,Nairobi,Foreign Used,4620000
Audi,A4,2013,118995,2000 cc,Automatic,Diesel,Mombasa,Foreign Used,4387500
Toyota,Premio,2014,119168,1800 cc,Automatic,Petrol,Nairobi,Foreign Used,2415000
Subaru,Outback,2015,119341,2500 cc,Automatic,Petrol,Nairobi,Locally Used,2820000
Mazda,CX-5,2016,119514,2200 cc,Automatic,Diesel,Mombasa,Foreign Used,3420000
Mercedes-Benz,C200,2017,119687,2000 cc,Automatic,Petrol,Nairobi,Foreign Used,4287500
Nissan,X-Trail,2018,119860,2000 cc,Automatic,Petrol,Nakuru,Locally Used,1312500
Honda,Fit,2019,120033,1500 cc,Manual,Petrol,Kisumu,Locally Used,1162500
BMW,X3,2020,120206,2000 cc,Automatic,Diesel,Nairobi,Foreign Used,3360000
Audi,A4,2021,120379,2000 cc,Automatic,Diesel,Mombasa,Foreign Used,3217500
Toyota,Premio,2022,120552,1800 cc,Automatic,Petrol,Nairobi,Foreign Used,1785000
Subaru,Outback,2008,120725,2500 cc,Automatic,Petrol,Nairobi,Locally Used,2100000
Mazda,CX-5,2009,120898,2200 cc,Automatic,Diesel,Mombasa,Foreign Used,2565000
Mercedes-Benz,C200,2010,121071,2000 cc,Automatic,Petrol,Nairobi,Foreign Used,3237500
Nissan,X-Trail,2011,121244,2000 cc,Automatic,Petrol,Nakuru,Locally Used,1662500
Honda,Fit,2012,121417,1500 cc,Manual,Petrol,Kisumu,Locally Used,1462500
BMW,X3,2013,121590,2000 cc,Automatic,Diesel,Nairobi,Foreign Used,4200000
Audi,A4,2014,121763,2000 cc,Automatic,Diesel,Mombasa,Foreign Used,3997499
Toyota,Premio,2015,121936,1800 cc,Automatic,Petrol,Nairobi,Foreign Used,2205000
Subaru,Outback,2016,122109,2500 cc,Automatic,Petrol,Nairobi,Locally Used,2580000
Mazda,CX-5,2017,122282,2200 cc,Automatic,Diesel,Mombasa,Foreign Used,3135000
Mercedes-Benz,C200,2018,122455,2000 cc,Automatic,Petrol,Nairobi,Foreign Used,3937500
Nissan,X-Trail,2019,122628,2000 cc,Automatic,Petrol,Nakuru,Locally Used,2012499
Honda,Fit,2020,122801,1500 cc,Manual,Petrol,Kisumu,Locally Used,1762500
BMW,X3,2021,122974,2000 cc,Automatic,Diesel,Nairobi,Foreign Used,5040000
Audi,A4,2022,123147,2000 cc,Automatic,Diesel,Mombasa,Foreign Used,4777500
Toyota,Premio,2008,123320,1800 cc,Automatic,Petrol,Nairobi,Foreign Used,1575000
Subaru,Outback,2009,123493,2500 cc,Automatic,Petrol,Nairobi,Locally Used,1860000
Mazda,CX-5,2010,123666,2200 cc,Automatic,Diesel,Mombasa,Foreign Used,2280000
Mercedes-Benz,C200,2011,123839,2000 cc,Automatic,Petrol,Nairobi,Foreign Used,2887500
Nissan,X-Trail,2012,124012,2000 cc,Automatic,Petrol,Nakuru,Locally Used,1487500
Honda,Fit,2013,124185,1500 cc,Manual,Petrol,Kisumu,Locally Used,1312500
BMW,X3,2014,124358,2000 cc,Automatic,Diesel,Nairobi,Foreign Used,3780000
Audi,A4,2015,124531,2000 cc,Automatic,Diesel,Mombasa,Foreign Used,3607500
Toyota,Premio,2016,124704,1800 cc,Automatic,Petrol,Nairobi,Foreign Used,1995000
Subaru,Outback,2017,124877,2500 cc,Automatic,Petrol,Nairobi,Locally Used,2340000
Mazda,CX-5,2018,125050,2200 cc,Automatic,Diesel,Mombasa,Foreign Used,2850000
Mercedes-Benz,C200,2019,125223,2000 cc,Automatic,Petrol,Nairobi,Foreign Used,3587499
Nissan,X-Trail,2020,125396,2000 cc,Automatic,Petrol,Nakuru,Locally Used,1837500
Honda,Fit,2021,125569,1500 cc,Manual,Petrol,Kisumu,Locally Used,1612500
BMW,X3,2022,125742,2000 cc,Automatic,Diesel,Nairobi,Foreign Used,4620000
Audi,A4,2008,125915,2000 cc,Automatic,Diesel,Mombasa,Foreign Used,4387500
Toyota,Premio,2009,126088,1800 cc,Automatic,Petrol,Nairobi,Foreign Used,2415000
Subaru,Outback,2010,126261,2500 cc,Automatic,Petrol,Nairobi,Locally Used,2820000
Mazda,CX-5,2011,126434,2200 cc,Automatic,Diesel,Mombasa,Foreign Used,3420000
Mercedes-Benz,C200,2012,126607,2000 cc,Automatic,Petrol,Nairobi,Foreign Used,4287500
Nissan,X-Trail,2013,126780,2000 cc,Automatic,Petrol,Nakuru,Locally Used,1312500
Honda,Fit,2014,126953,1500 cc,Manual,Petrol,Kisumu,Locally Used,1162500
BMW,X3,2015,127126,2000 cc,Automatic,Diesel,Nairobi,Foreign Used,3360000
Audi,A4,2016,127299,2000 cc,Automatic,Diesel,Mombasa,Foreign Used,3217500
Toyota,Premio,2017,127472,1800 cc,Automatic,Petrol,Nairobi,Foreign Used,1785000
Subaru,Outback,2018,127645,2500 cc,Automatic,Petrol,Nairobi,Locally Used,2100000
Mazda,CX-5,2019,127818,2200 cc,Automatic,Diesel,Mombasa,Foreign Used,2565000
Mercedes-Benz,C200,2020,127991,2000 cc,Automatic,Petrol,Nairobi,Foreign Used,3237500
Nissan,X-Trail,2021,128164,2000 cc,Automatic,Petrol,Nakuru,Locally Used,1662500
Honda,Fit,2022,128337,1500 cc,Manual,Petrol,Kisumu,Locally Used,1462500
BMW,X3,2008,128510,2000 cc,Automatic,Diesel,Nairobi,Foreign Used,4200000
Audi,A4,2009,128683,2000 cc,Automatic,Diesel,Mombasa,Foreign Used,3997499
Toyota,Premio,2010,128856,1800 cc,Automatic,Petrol,Nairobi,Foreign Used,2205000
Subaru,Outback,2011,129029,2500 cc,Automatic,Petrol,Nairobi,Locally Used,2580000
Mazda,CX-5,2012,129202,2200 cc,Automatic,Diesel,Mombasa,Foreign Used,3135000
Mercedes-Benz,C200,2013,129375,2000 cc,Automatic,Petrol,Nairobi,Foreign Used,3937500
Nissan,X-Trail,2014,129548,2000 cc,Automatic,Petrol,Nakuru,Locally Used,2012499
Honda,Fit,2015,129721,1500 cc,Manual,Petrol,Kisumu,Locally Used,1762500
BMW,X3,2016,129894,2000 cc,Automatic,Diesel,Nairobi,Foreign Used,5040000
Audi,A4,2017,130067,2000 cc,Automatic,Diesel,Mombasa,Foreign Used,4777500
Toyota,Premio,2018,130240,1800 cc,Automatic,Petrol,Nairobi,Foreign Used,1575000
Subaru,Outback,2019,130413,2500 cc,Automatic,Petrol,Nairobi,Locally Used,1860000
Mazda,CX-5,2020,130586,2200 cc,Automatic,Diesel,Mombasa,Foreign Used,2280000
Mercedes-Benz,C200,2021,130759,2000 cc,Automatic,Petrol,Nairobi,Foreign Used,2887500
Nissan,X-Trail,2022,130932,2000 cc,Automatic,Petrol,Nakuru,Locally Used,1487500
Honda,Fit,2008,131105,1500 cc,Manual,Petrol,Kisumu,Locally Used,1312500
BMW,X3,2009,131278,2000 cc,Automatic,Diesel,Nairobi,Foreign Used,3780000
Audi,A4,2010,131451,2000 cc,Automatic,Diesel,Mombasa,Foreign Used,3607500
Toyota,Premio,2011,131624,1800 cc,Automatic,Petrol,Nairobi,Foreign Used,1995000
Subaru,Outback,2012,131797,2500 cc,Automatic,Petrol,Nairobi,Locally Used,2340000
Mazda,CX-5,2013,131970,2200 cc,Automatic,Diesel,Mombasa,Foreign Used,2850000
Mercedes-Benz,C200,2014,132143,2000 cc,Automatic,Petrol,Nairobi,Foreign Used,3587499
Nissan,X-Trail,2015,132316,2000 cc,Automatic,Petrol,Nakuru,Locally Used,1837500
Honda,Fit,2016,132489,1500 cc,Manual,Petrol,Kisumu,Locally Used,1612500
BMW,X3,2017,132662,2000 cc,Automatic,Diesel,Nairobi,Foreign Used,4620000
Audi,A4,2018,132835,2000 cc,Automatic,Diesel,Mombasa,Foreign Used,4387500
Toyota,Premio,2019,133008,1800 cc,Automatic,Petrol,Nairobi,Foreign Used,2415000
Subaru,Outback,2020,133181,2500 cc,Automatic,Petrol,Nairobi,Locally Used,2820000
Mazda,CX-5,2021,133354,2200 cc,Automatic,Diesel,Mombasa,Foreign Used,3420000
Mercedes-Benz,C200,2022,133527,2000 cc,Automatic,Petrol,Nairobi,Foreign Used,4287500
Nissan,X-Trail,2008,133700,2000 cc,Automatic,Petrol,Nakuru,Locally Used,1312500
Honda,Fit,2009,133873,1500 cc,Manual,Petrol,Kisumu,Locally Used,1162500
BMW,X3,2010,134046,2000 cc,Automatic,Diesel,Nairobi,Foreign Used,3360000
Audi,A4,2011,134219,2000 cc,Automatic,Diesel,Mombasa,Foreign Used,3217500
Toyota,Premio,2012,134392,1800 cc,Automatic,Petrol,Nairobi,Foreign Used,1785000
Subaru,Outback,2013,134565,2500 cc,Automatic,Petrol,Nairobi,Locally Used,2100000
Mazda,CX-5,2014,134738,2200 cc,Automatic,Diesel,Mombasa,Foreign Used,2565000
Mercedes-Benz,C200,2015,134911,2000 cc,Automatic,Petrol,Nairobi,Foreign Used,3237500
Nissan,X-Trail,2016,135084,2000 cc,Automatic,Petrol,Nakuru,Locally Used,1662500
Honda,Fit,2017,135257,1500 cc,Manual,Petrol,Kisumu,Locally Used,1462500
BMW,X3,2018,135430,2000 cc,Automatic,Diesel,Nairobi,Foreign Used,4200000
Audi,A4,2019,135603,2000 cc,Automatic,Diesel,Mombasa,Foreign Used,3997499
Toyota,Premio,2020,135776,1800 cc,Automatic,Petrol,Nairobi,Foreign Used,2205000
Subaru,Outback,2021,135949,2500 cc,Automatic,Petrol,Nairobi,Locally Used,2580000
Mazda,CX-5,2022,136122,2200 cc,Automatic,Diesel,Mombasa,Foreign Used,3135000
Mercedes-Benz,C200,2008,136295,2000 cc,Automatic,Petrol,Nairobi,Foreign Used,3937500
Nissan,X-Trail,2009,136468,2000 cc,Automatic,Petrol,Nakuru,Locally Used,2012499
Honda,Fit,2010,136641,1500 cc,Manual,Petrol,Kisumu,Locally Used,1762500
BMW,X3,2011,136814,2000 cc,Automatic,Diesel,Nairobi,Foreign Used,5040000
Audi,A4,2012,136987,2000 cc,Automatic,Diesel,Mombasa,Foreign Used,4777500
Toyota,Premio,2013,137160,1800 cc,Automatic,Petrol,Nairobi,Foreign Used,1575000
Subaru,Outback,2014,137333,2500 cc,Automatic,Petrol,Nairobi,Locally Used,1860000
Mazda,CX-5,2015,137506,2200 cc,Automatic,Diesel,Mombasa,Foreign Used,2280000
Mercedes-Benz,C200,2016,137679,2000 cc,Automatic,Petrol,Nairobi,Foreign Used,2887500
Nissan,X-Trail,2017,137852,2000 cc,Automatic,Petrol,Nakuru,Locally Used,1487500
Honda,Fit,2018,138025,1500 cc,Manual,Petrol,Kisumu,Locally Used,1312500
BMW,X3,2019,138198,2000 cc,Automatic,Diesel,Nairobi,Foreign Used,3780000
Audi,A4,2020,138371,2000 cc,Automatic,Diesel,Mombasa,Foreign Used,3607500
Toyota,Premio,2021,138544,1800 cc,Automatic,Petrol,Nairobi,Foreign Used,1995000
Subaru,Outback,2022,138717,2500 cc,Automatic,Petrol,Nairobi,Locally Used,2340000
Mazda,CX-5,2008,138890,2200 cc,Automatic,Diesel,Mombasa,Foreign Used,2850000
Mercedes-Benz,C200,2009,139063,2000 cc,Automatic,Petrol,Nairobi,Foreign Used,3587499
Nissan,X-Trail,2010,139236,2000 cc,Automatic,Petrol,Nakuru,Locally Used,1837500
Honda,Fit,2011,139409,1500 cc,Manual,Petrol,Kisumu,Locally Used,1612500
BMW,X3,2012,139582,2000 cc,Automatic,Diesel,Nairobi,Foreign Used,4620000
Audi,A4,2013,139755,2000 cc,Automatic,Diesel,Mombasa,Foreign Used,4387500
Toyota,Premio,2014,139928,1800 cc,Automatic,Petrol,Nairobi,Foreign Used,2415000
Subaru,Outback,2015,140101,2500 cc,Automatic,Petrol,Nairobi,Locally Used,2820000
Mazda,CX-5,2016,140274,2200 cc,Automatic,Diesel,Mombasa,Foreign Used,3420000
Mercedes-Benz,C200,2017,140447,2000 cc,Automatic,Petrol,Nairobi,Foreign Used,4287500
Nissan,X-Trail,2018,140620,2000 cc,Automatic,Petrol,Nakuru,Locally Used,1312500
Honda,Fit,2019,140793,1500 cc,Manual,Petrol,Kisumu,Locally Used,1162500
BMW,X3,2020,140966,2000 cc,Automatic,Diesel,Nairobi,Foreign Used,3360000
Audi,A4,2021,141139,2000 cc,Automatic,Diesel,Mombasa,Foreign Used,3217500
Toyota,Premio,2022,141312,1800 cc,Automatic,Petrol,Nairobi,Foreign Used,1785000
Subaru,Outback,2008,141485,2500 cc,Automatic,Petrol,Nairobi,Locally Used,2100000
Mazda,CX-5,2009,141658,2200 cc,Automatic,Diesel,Mombasa,Foreign Used,2565000
Mercedes-Benz,C200,2010,141831,2000 cc,Automatic,Petrol,Nairobi,Foreign Used,3237500
Nissan,X-Trail,2011,142004,2000 cc,Automatic,Petrol,Nakuru,Locally Used,1662500
Honda,Fit,2012,142177,1500 cc,Manual,Petrol,Kisumu,Locally Used,1462500
BMW,X3,2013,142350,2000 cc,Automatic,Diesel,Nairobi,Foreign Used,4200000
Audi,A4,2014,142523,2000 cc,Automatic,Diesel,Mombasa,Foreign Used,3997499
Toyota,Premio,2015,142696,1800 cc,Automatic,Petrol,Nairobi,Foreign Used,2205000
Subaru,Outback,2016,142869,2500 cc,Automatic,Petrol,Nairobi,Locally Used,2580000
Mazda,CX-5,2017,143042,2200 cc,Automatic,Diesel,Mombasa,Foreign Used,3135000
Mercedes-Benz,C200,2018,143215,2000 cc,Automatic,Petrol,Nairobi,Foreign Used,3937500
Nissan,X-Trail,2019,143388,2000 cc,Automatic,Petrol,Nakuru,Locally Used,2012499
Honda,Fit,2020,143561,1500 cc,Manual,Petrol,Kisumu,Locally Used,1762500
BMW,X3,2021,143734,2000 cc,Automatic,Diesel,Nairobi,Foreign Used,5040000
Audi,A4,2022,143907,2000 cc,Automatic,Diesel,Mombasa,Foreign Used,4777500
Toyota,Premio,2008,144080,1800 cc,Automatic,Petrol,Nairobi,Foreign Used,1575000
Subaru,Outback,2009,144253,2500 cc,Automatic,Petrol,Nairobi,Locally Used,1860000
Mazda,CX-5,2010,144426,2200 cc,Automatic,Diesel,Mombasa,Foreign Used,2280000
Mercedes-Benz,C200,2011,144599,2000 cc,Automatic,Petrol,Nairobi,Foreign Used,2887500
Nissan,X-Trail,2012,144772,2000 cc,Automatic,Petrol,Nakuru,Locally Used,1487500
Honda,Fit,2013,144945,1500 cc,Manual,Petrol,Kisumu,Locally Used,1312500
BMW,X3,2014,145118,2000 cc,Automatic,Diesel,Nairobi,Foreign Used,3780000
Audi,A4,2015,145291,2000 cc,Automatic,Diesel,Mombasa,Foreign Used,3607500
Toyota,Premio,2016,145464,1800 cc,Automatic,Petrol,Nairobi,Foreign Used,1995000
Subaru,Outback,2017,145637,2500 cc,Automatic,Petrol,Nairobi,Locally Used,2340000
Mazda,CX-5,2018,145810,2200 cc,Automatic,Diesel,Mombasa,Foreign Used,2850000
Mercedes-Benz,C200,2019,145983,2000 cc,Automatic,Petrol,Nairobi,Foreign Used,3587499
Nissan,X-Trail,2020,146156,2000 cc,Automatic,Petrol,Nakuru,Locally Used,1837500
Honda,Fit,2021,146329,1500 cc,Manual,Petrol,Kisumu,Locally Used,1612500
BMW,X3,2022,146502,2000 cc,Automatic,Diesel,Nairobi,Foreign Used,4620000
Audi,A4,2008,146675,2000 cc,Automatic,Diesel,Mombasa,Foreign Used,4387500
Toyota,Premio,2009,146848,1800 cc,Automatic,Petrol,Nairobi,Foreign Used,2415000
Subaru,Outback,2010,147021,2500 cc,Automatic,Petrol,Nairobi,Locally Used,2820000
Mazda,CX-5,2011,147194,2200 cc,Automatic,Diesel,Mombasa,Foreign Used,3420000
Mercedes-Benz,C200,2012,147367,2000 cc,Automatic,Petrol,Nairobi,Foreign Used,4287500
Nissan,X-Trail,2013,147540,2000 cc,Automatic,Petrol,Nakuru,Locally Used,1312500
Honda,Fit,2014,147713,1500 cc,Manual,Petrol,Kisumu,Locally Used,1162500
BMW,X3,2015,147886,2000 cc,Automatic,Diesel,Nairobi,Foreign Used,3360000
Audi,A4,2016,148059,2000 cc,Automatic,Diesel,Mombasa,Foreign Used,3217500
Toyota,Premio,2017,148232,1800 cc,Automatic,Petrol,Nairobi,Foreign Used,1785000
Subaru,Outback,2018,148405,2500 cc,Automatic,Petrol,Nairobi,Locally Used,2100000
Mazda,CX-5,2019,148578,2200 cc,Automatic,Diesel,Mombasa,Foreign Used,2565000
Mercedes-Benz,C200,2020,148751,2000 cc,Automatic,Petrol,Nairobi,Foreign Used,3237500
Nissan,X-Trail,2021,148924,2000 cc,Automatic,Petrol,Nakuru,Locally Used,1662500
Honda,Fit,2022,149097,1500 cc,Manual,Petrol,Kisumu,Locally Used,1462500
BMW,X3,2008,149270,2000 cc,Automatic,Diesel,Nairobi,Foreign Used,4200000
Audi,A4,2009,149443,2000 cc,Automatic,Diesel,Mombasa,Foreign Used,3997499
Toyota,Premio,2010,149616,1800 cc,Automatic,Petrol,Nairobi,Foreign Used,2205000
Subaru,Outback,2011,149789,2500 cc,Automatic,Petrol,Nairobi,Locally Used,2580000
Mazda,CX-5,2012,149962,2200 cc,Automatic,Diesel,Mombasa,Foreign Used,3135000
Mercedes-Benz,C200,2013,150135,2000 cc,Automatic,Petrol,Nairobi,Foreign Used,3937500
Nissan,X-Trail,2014,150308,2000 cc,Automatic,Petrol,Nakuru,Locally Used,2012499
Honda,Fit,2015,150481,1500 cc,Manual,Petrol,Kisumu,Locally Used,1762500
BMW,X3,2016,150654,2000 cc,Automatic,Diesel,Nairobi,Foreign Used,5040000
Audi,A4,2017,150827,2000 cc,Automatic,Diesel,Mombasa,Foreign Used,4777500
Toyota,Premio,2018,151000,1800 cc,Automatic,Petrol,Nairobi,Foreign Used,1575000
Subaru,Outback,2019,151173,2500 cc,Automatic,Petrol,Nairobi,Locally Used,1860000
Mazda,CX-5,2020,151346,2200 cc,Automatic,Diesel,Mombasa,Foreign Used,2280000
Mercedes-Benz,C200,2021,151519,2000 cc,Automatic,Petrol,Nairobi,Foreign Used,2887500
Nissan,X-Trail,2022,151692,2000 cc,Automatic,Petrol,Nakuru,Locally Used,1487500
Honda,Fit,2008,151865,1500 cc,Manual,Petrol,Kisumu,Locally Used,1312500
BMW,X3,2009,152038,2000 cc,Automatic,Diesel,Nairobi,Foreign Used,3780000
Audi,A4,2010,152211,2000 cc,Automatic,Diesel,Mombasa,Foreign Used,3607500
Toyota,Premio,2011,152384,1800 cc,Automatic,Petrol,Nairobi,Foreign Used,1995000
Subaru,Outback,2012,152557,2500 cc,Automatic,Petrol,Nairobi,Locally Used,2340000
Mazda,CX-5,2013,152730,2200 cc,Automatic,Diesel,Mombasa,Foreign Used,2850000
Mercedes-Benz,C200,2014,152903,2000 cc,Automatic,Petrol,Nairobi,Foreign Used,3587499
Nissan,X-Trail,2015,153076,2000 cc,Automatic,Petrol,Nakuru,Locally Used,1837500
Honda,Fit,2016,153249,1500 cc,Manual,Petrol,Kisumu,Locally Used,1612500
BMW,X3,2017,153422,2000 cc,Automatic,Diesel,Nairobi,Foreign Used,4620000
Audi,A4,2018,153595,2000 cc,Automatic,Diesel,Mombasa,Foreign Used,4387500
Toyota,Premio,2019,153768,1800 cc,Automatic,Petrol,Nairobi,Foreign Used,2415000
Subaru,Outback,2020,153941,2500 cc,Automatic,Petrol,Nairobi,Locally Used,2820000
Mazda,CX-5,2021,154114,2200 cc,Automatic,Diesel,Mombasa,Foreign Used,3420000
Mercedes-Benz,C200,2022,154287,2000 cc,Automatic,Petrol,Nairobi,Foreign Used,4287500
Nissan,X-Trail,2008,154460,2000 cc,Automatic,Petrol,Nakuru,Locally Used,1312500
Honda,Fit,2009,154633,1500 cc,Manual,Petrol,Kisumu,Locally Used,1162500
BMW,X3,2010,154806,2000 cc,Automatic,Diesel,Nairobi,Foreign Used,3360000
Audi,A4,2011,154979,2000 cc,Automatic,Diesel,Mombasa,Foreign Used,3217500
Toyota,Premio,2012,155152,1800 cc,Automatic,Petrol,Nairobi,Foreign Used,1785000
Subaru,Outback,2013,155325,2500 cc,Automatic,Petrol,Nairobi,Locally Used,2100000
Mazda,CX-5,2014,155498,2200 cc,Automatic,Diesel,Mombasa,Foreign Used,2565000
Mercedes-Benz,C200,2015,155671,2000 cc,Automatic,Petrol,Nairobi,Foreign Used,3237500
Nissan,X-Trail,2016,155844,2000 cc,Automatic,Petrol,Nakuru,Locally Used,1662500
Honda,Fit,2017,156017,1500 cc,Manual,Petrol,Kisumu,Locally Used,1462500
BMW,X3,2018,156190,2000 cc,Automatic,Diesel,Nairobi,Foreign Used,4200000
Audi,A4,2019,156363,2000 cc,Automatic,Diesel,Mombasa,Foreign Used,3997499
Toyota,Premio,2020,156536,1800 cc,Automatic,Petrol,Nairobi,Foreign Used,2205000
Subaru,Outback,2021,156709,2500 cc,Automatic,Petrol,Nairobi,Locally Used,2580000
Mazda,CX-5,2022,156882,2200 cc,Automatic,Diesel,Mombasa,Foreign Used,3135000
Mercedes-Benz,C200,2008,157055,2000 cc,Automatic,Petrol,Nairobi,Foreign Used,3937500
Nissan,X-Trail,2009,157228,2000 cc,Automatic,Petrol,Nakuru,Locally Used,2012499
Honda,Fit,2010,157401,1500 cc,Manual,Petrol,Kisumu,Locally Used,1762500
BMW,X3,2011,157574,2000 cc,Automatic,Diesel,Nairobi,Foreign Used,5040000
Audi,A4,2012,157747,2000 cc,Automatic,Diesel,Mombasa,Foreign Used,4777500
Toyota,Premio,2013,157920,1800 cc,Automatic,Petrol,Nairobi,Foreign Used,1575000
Subaru,Outback,2014,158093,2500 cc,Automatic,Petrol,Nairobi,Locally Used,1860000
Mazda,CX-5,2015,158266,2200 cc,Automatic,Diesel,Mombasa,Foreign Used,2280000
Mercedes-Benz,C200,2016,158439,2000 cc,Automatic,Petrol,Nairobi,Foreign Used,2887500
Nissan,X-Trail,2017,158612,2000 cc,Automatic,Petrol,Nakuru,Locally Used,1487500
Honda,Fit,2018,158785,1500 cc,Manual,Petrol,Kisumu,Locally Used,1312500
BMW,X3,2019,158958,2000 cc,Automatic,Diesel,Nairobi,Foreign Used,3780000
Audi,A4,2020,159131,2000 cc,Automatic,Diesel,Mombasa,Foreign Used,3607500
Toyota,Premio,2021,159304,1800 cc,Automatic,Petrol,Nairobi,Foreign Used,1995000
Subaru,Outback,2022,159477,2500 cc,Automatic,Petrol,Nairobi,Locally Used,2340000
Mazda,CX-5,2008,159650,2200 cc,Automatic,Diesel,Mombasa,Foreign Used,2850000
Mercedes-Benz,C200,2009,159823,2000 cc,Automatic,Petrol,Nairobi,Foreign Used,3587499
Nissan,X-Trail,2010,159996,2000 cc,Automatic,Petrol,Nakuru,Locally Used,1837500
Honda,Fit,2011,160169,1500 cc,Manual,Petrol,Kisumu,Locally Used,1612500
BMW,X3,2012,160342,2000 cc,Automatic,Diesel,Nairobi,Foreign Used,4620000
Audi,A4,2013,160515,2000 cc,Automatic,Diesel,Mombasa,Foreign Used,4387500
Toyota,Premio,2014,160688,1800 cc,Automatic,Petrol,Nairobi,Foreign Used,2415000
Subaru,Outback,2015,160861,2500 cc,Automatic,Petrol,Nairobi,Locally Used,2820000
Mazda,CX-5,2016,161034,2200 cc,Automatic,Diesel,Mombasa,Foreign Used,3420000
Mercedes-Benz,C200,2017,161207,2000 cc,Automatic,Petrol,Nairobi,Foreign Used,4287500
Nissan,X-Trail,2018,161380,2000 cc,Automatic,Petrol,Nakuru,Locally Used,1312500
Honda,Fit,2019,161553,1500 cc,Manual,Petrol,Kisumu,Locally Used,1162500
BMW,X3,2020,161726,2000 cc,Automatic,Diesel,Nairobi,Foreign Used,3360000
Audi,A4,2021,161899,2000 cc,Automatic,Diesel,Mombasa,Foreign Used,3217500
Toyota,Premio,2022,162072,1800 cc,Automatic,Petrol,Nairobi,Foreign Used,1785000
Subaru,Outback,2008,162245,2500 cc,Automatic,Petrol,Nairobi,Locally Used,2100000
Mazda,CX-5,2009,162418,2200 cc,Automatic,Diesel,Mombasa,Foreign Used,2565000
Mercedes-Benz,C200,2010,162591,2000 cc,Automatic,Petrol,Nairobi,Foreign Used,3237500
Nissan,X-Trail,2011,162764,2000 cc,Automatic,Petrol,Nakuru,Locally Used,1662500
Honda,Fit,2012,162937,1500 cc,Manual,Petrol,Kisumu,Locally Used,1462500
BMW,X3,2013,163110,2000 cc,Automatic,Diesel,Nairobi,Foreign Used,4200000
Audi,A4,2014,163283,2000 cc,Automatic,Diesel,Mombasa,Foreign Used,3997499
Toyota,Premio,2015,163456,1800 cc,Automatic,Petrol,Nairobi,Foreign Used,2205000
Subaru,Outback,2016,163629,2500 cc,Automatic,Petrol,Nairobi,Locally Used,2580000
Mazda,CX-5,2017,163802,2200 cc,Automatic,Diesel,Mombasa,Foreign Used,3135000
Mercedes-Benz,C200,2018,163975,2000 cc,Automatic,Petrol,Nairobi,Foreign Used,3937500
Nissan,X-Trail,2019,164148,2000 cc,Automatic,Petrol,Nakuru,Locally Used,2012499
Honda,Fit,2020,164321,1500 cc,Manual,Petrol,Kisumu,Locally Used,1762500
BMW,X3,2021,164494,2000 cc,Automatic,Diesel,Nairobi,Foreign Used,5040000
Audi,A4,2022,164667,2000 cc,Automatic,Diesel,Mombasa,Foreign Used,4777500
Toyota,Premio,2008,164840,1800 cc,Automatic,Petrol,Nairobi,Foreign Used,1575000
Subaru,Outback,2009,165013,2500 cc,Automatic,Petrol,Nairobi,Locally Used,1860000
Mazda,CX-5,2010,165186,2200 cc,Automatic,Diesel,Mombasa,Foreign Used,2280000
Mercedes-Benz,C200,2011,165359,2000 cc,Automatic,Petrol,Nairobi,Foreign Used,2887500
Nissan,X-Trail,2012,165532,2000 cc,Automatic,Petrol,Nakuru,Locally Used,1487500
Honda,Fit,2013,165705,1500 cc,Manual,Petrol,Kisumu,Locally Used,1312500
BMW,X3,2014,165878,2000 cc,Automatic,Diesel,Nairobi,Foreign Used,3780000
Audi,A4,2015,166051,2000 cc,Automatic,Diesel,Mombasa,Foreign Used,3607500
Toyota,Premio,2016,166224,1800 cc,Automatic,Petrol,Nairobi,Foreign Used,1995000
Subaru,Outback,2017,166397,2500 cc,Automatic,Petrol,Nairobi,Locally Used,2340000
Mazda,CX-5,2018,166570,2200 cc,Automatic,Diesel,Mombasa,Foreign Used,2850000
Mercedes-Benz,C200,2019,166743,2000 cc,Automatic,Petrol,Nairobi,Foreign Used,3587499
Nissan,X-Trail,2020,166916,2000 cc,Automatic,Petrol,Nakuru,Locally Used,1837500
Honda,Fit,2021,167089,1500 cc,Manual,Petrol,Kisumu,Locally Used,1612500
BMW,X3,2022,167262,2000 cc,Automatic,Diesel,Nairobi,Foreign Used,4620000
Audi,A4,2008,167435,2000 cc,Automatic,Diesel,Mombasa,Foreign Used,4387500
Toyota,Premio,2009,167608,1800 cc,Automatic,Petrol,Nairobi,Foreign Used,2415000
Subaru,Outback,2010,167781,2500 cc,Automatic,Petrol,Nairobi,Locally Used,2820000
Mazda,CX-5,2011,167954,2200 cc,Automatic,Diesel,Mombasa,Foreign Used,3420000
Mercedes-Benz,C200,2012,168127,2000 cc,Automatic,Petrol,Nairobi,Foreign Used,4287500
Nissan,X-Trail,2013,168300,2000 cc,Automatic,Petrol,Nakuru,Locally Used,1312500
Honda,Fit,2014,168473,1500 cc,Manual,Petrol,Kisumu,Locally Used,1162500
BMW,X3,2015,168646,2000 cc,Automatic,Diesel,Nairobi,Foreign Used,3360000
Audi,A4,2016,168819,2000 cc,Automatic,Diesel,Mombasa,Foreign Used,3217500
Toyota,Premio,2017,168992,1800 cc,Automatic,Petrol,Nairobi,Foreign Used,1785000
Subaru,Outback,2018,169165,2500 cc,Automatic,Petrol,Nairobi,Locally Used,2100000
Mazda,CX-5,2019,169338,2200 cc,Automatic,Diesel,Mombasa,Foreign Used,2565000
Mercedes-Benz,C200,2020,169511,2000 cc,Automatic,Petrol,Nairobi,Foreign Used,3237500
Nissan,X-Trail,2021,169684,2000 cc,Automatic,Petrol,Nakuru,Locally Used,1662500
Honda,Fit,2022,169857,1500 cc,Manual,Petrol,Kisumu,Locally Used,1462500
BMW,X3,2008,170030,2000 cc,Automatic,Diesel,Nairobi,Foreign Used,4200000
Audi,A4,2009,170203,2000 cc,Automatic,Diesel,Mombasa,Foreign Used,3997499
Toyota,Premio,2010,170376,1800 cc,Automatic,Petrol,Nairobi,Foreign Used,2205000
Subaru,Outback,2011,170549,2500 cc,Automatic,Petrol,Nairobi,Locally Used,2580000
Mazda,CX-5,2012,170722,2200 cc,Automatic,Diesel,Mombasa,Foreign Used,3135000
Mercedes-Benz,C200,2013,170895,2000 cc,Automatic,Petrol,Nairobi,Foreign Used,3937500
Nissan,X-Trail,2014,171068,2000 cc,Automatic,Petrol,Nakuru,Locally Used,2012499
Honda,Fit,2015,171241,1500 cc,Manual,Petrol,Kisumu,Locally Used,1762500
BMW,X3,2016,171414,2000 cc,Automatic,Diesel,Nairobi,Foreign Used,5040000
Audi,A4,2017,171587,2000 cc,Automatic,Diesel,Mombasa,Foreign Used,4777500
Toyota,Premio,2018,171760,1800 cc,Automatic,Petrol,Nairobi,Foreign Used,1575000
Subaru,Outback,2019,171933,2500 cc,Automatic,Petrol,Nairobi,Locally Used,1860000
Mazda,CX-5,2020,172106,2200 cc,Automatic,Diesel,Mombasa,Foreign Used,2280000
Mercedes-Benz,C200,2021,172279,2000 cc,Automatic,Petrol,Nairobi,Foreign Used,2887500
Nissan,X-Trail,2022,172452,2000 cc,Automatic,Petrol,Nakuru,Locally Used,1487500
Honda,Fit,2008,172625,1500 cc,Manual,Petrol,Kisumu,Locally Used,1312500
BMW,X3,2009,172798,2000 cc,Automatic,Diesel,Nairobi,Foreign Used,3780000
Audi,A4,2010,172971,2000 cc,Automatic,Diesel,Mombasa,Foreign Used,3607500
Toyota,Premio,2011,173144,1800 cc,Automatic,Petrol,Nairobi,Foreign Used,1995000
Subaru,Outback,2012,173317,2500 cc,Automatic,Petrol,Nairobi,Locally Used,2340000
Mazda,CX-5,2013,173490,2200 cc,Automatic,Diesel,Mombasa,Foreign Used,2850000
Mercedes-Benz,C200,2014,173663,2000 cc,Automatic,Petrol,Nairobi,Foreign Used,3587499
Nissan,X-Trail,2015,173836,2000 cc,Automatic,Petrol,Nakuru,Locally Used,1837500
Honda,Fit,2016,174009,1500 cc,Manual,Petrol,Kisumu,Locally Used,1612500
BMW,X3,2017,174182,2000 cc,Automatic,Diesel,Nairobi,Foreign Used,4620000
Audi,A4,2018,174355,2000 cc,Automatic,Diesel,Mombasa,Foreign Used,4387500
Toyota,Premio,2019,174528,1800 cc,Automatic,Petrol,Nairobi,Foreign Used,2415000
Subaru,Outback,2020,174701,2500 cc,Automatic,Petrol,Nairobi,Locally Used,2820000
Mazda,CX-5,2021,174874,2200 cc,Automatic,Diesel,Mombasa,Foreign Used,3420000
Mercedes-Benz,C200,2022,175047,2000 cc,Automatic,Petrol,Nairobi,Foreign Used,4287500
Nissan,X-Trail,2008,175220,2000 cc,Automatic,Petrol,Nakuru,Locally Used,1312500
Honda,Fit,2009,175393,1500 cc,Manual,Petrol,Kisumu,Locally Used,1162500
BMW,X3,2010,175566,2000 cc,Automatic,Diesel,Nairobi,Foreign Used,3360000
Audi,A4,2011,175739,2000 cc,Automatic,Diesel,Mombasa,Foreign Used,3217500
Toyota,Premio,2012,175912,1800 cc,Automatic,Petrol,Nairobi,Foreign Used,1785000
Subaru,Outback,2013,176085,2500 cc,Automatic,Petrol,Nairobi,Locally Used,2100000
Mazda,CX-5,2014,176258,2200 cc,Automatic,Diesel,Mombasa,Foreign Used,2565000
Mercedes-Benz,C200,2015,176431,2000 cc,Automatic,Petrol,Nairobi,Foreign Used,3237500
Nissan,X-Trail,2016,176604,2000 cc,Automatic,Petrol,Nakuru,Locally Used,1662500
Honda,Fit,2017,176777,1500 cc,Manual,Petrol,Kisumu,Locally Used,1462500
BMW,X3,2018,176950,2000 cc,Automatic,Diesel,Nairobi,Foreign Used,4200000
Audi,A4,2019,177123,2000 cc,Automatic,Diesel,Mombasa,Foreign Used,3997499
Toyota,Premio,2020,177296,1800 cc,Automatic,Petrol,Nairobi,Foreign Used,2205000
Subaru,Outback,2021,177469,2500 cc,Automatic,Petrol,Nairobi,Locally Used,2580000
Mazda,CX-5,2022,177642,2200 cc,Automatic,Diesel,Mombasa,Foreign Used,3135000
Mercedes-Benz,C200,2008,177815,2000 cc,Automatic,Petrol,Nairobi,Foreign Used,3937500
Nissan,X-Trail,2009,177988,2000 cc,Automatic,Petrol,Nakuru,Locally Used,2012499
Honda,Fit,2010,178161,1500 cc,Manual,Petrol,Kisumu,Locally Used,1762500
BMW,X3,2011,178334,2000 cc,Automatic,Diesel,Nairobi,Foreign Used,5040000
Audi,A4,2012,178507,2000 cc,Automatic,Diesel,Mombasa,Foreign Used,4777500
Toyota,Premio,2013,178680,1800 cc,Automatic,Petrol,Nairobi,Foreign Used,1575000
Subaru,Outback,2014,178853,2500 cc,Automatic,Petrol,Nairobi,Locally Used,1860000
Mazda,CX-5,2015,179026,2200 cc,Automatic,Diesel,Mombasa,Foreign Used,2280000
Mercedes-Benz,C200,2016,179199,2000 cc,Automatic,Petrol,Nairobi,Foreign Used,2887500
Nissan,X-Trail,2017,179372,2000 cc,Automatic,Petrol,Nakuru,Locally Used,1487500
Honda,Fit,2018,179545,1500 cc,Manual,Petrol,Kisumu,Locally Used,1312500
BMW,X3,2019,179718,2000 cc,Automatic,Diesel,Nairobi,Foreign Used,3780000
Audi,A4,2020,179891,2000 cc,Automatic,Diesel,Mombasa,Foreign Used,3607500
Toyota,Premio,2021,180064,1800 cc,Automatic,Petrol,Nairobi,Foreign Used,1995000
Subaru,Outback,2022,180237,2500 cc,Automatic,Petrol,Nairobi,Locally Used,2340000
Mazda,CX-5,2008,180410,2200 cc,Automatic,Diesel,Mombasa,Foreign Used,2850000
Mercedes-Benz,C200,2009,180583,2000 cc,Automatic,Petrol,Nairobi,Foreign Used,3587499
Nissan,X-Trail,2010,180756,2000 cc,Automatic,Petrol,Nakuru,Locally Used,1837500
Honda,Fit,2011,180929,1500 cc,Manual,Petrol,Kisumu,Locally Used,1612500
BMW,X3,2012,181102,2000 cc,Automatic,Diesel,Nairobi,Foreign Used,4620000
Audi,A4,2013,181275,2000 cc,Automatic,Diesel,Mombasa,Foreign Used,4387500
Toyota,Premio,2014,181448,1800 cc,Automatic,Petrol,Nairobi,Foreign Used,2415000
Subaru,Outback,2015,181621,2500 cc,Automatic,Petrol,Nairobi,Locally Used,2820000
Mazda,CX-5,2016,181794,2200 cc,Automatic,Diesel,Mombasa,Foreign Used,3420000
Mercedes-Benz,C200,2017,181967,2000 cc,Automatic,Petrol,Nairobi,Foreign Used,4287500
Nissan,X-Trail,2018,182140,2000 cc,Automatic,Petrol,Nakuru,Locally Used,1312500
Honda,Fit,2019,182313,1500 cc,Manual,Petrol,Kisumu,Locally Used,1162500
BMW,X3,2020,182486,2000 cc,Automatic,Diesel,Nairobi,Foreign Used,3360000
Audi,A4,2021,182659,2000 cc,Automatic,Diesel,Mombasa,Foreign Used,3217500
Toyota,Premio,2022,182832,1800 cc,Automatic,Petrol,Nairobi,Foreign Used,1785000
Subaru,Outback,2008,183005,2500 cc,Automatic,Petrol,Nairobi,Locally Used,2100000
Mazda,CX-5,2009,183178,2200 cc,Automatic,Diesel,Mombasa,Foreign Used,2565000
Mercedes-Benz,C200,2010,183351,2000 cc,Automatic,Petrol,Nairobi,Foreign Used,3237500
Nissan,X-Trail,2011,183524,2000 cc,Automatic,Petrol,Nakuru,Locally Used,1662500
Honda,Fit,2012,183697,1500 cc,Manual,Petrol,Kisumu,Locally Used,1462500
BMW,X3,2013,183870,2000 cc,Automatic,Diesel,Nairobi,Foreign Used,4200000
Audi,A4,2014,184043,2000 cc,Automatic,Diesel,Mombasa,Foreign Used,3997499
Toyota,Premio,2015,184216,1800 cc,Automatic,Petrol,Nairobi,Foreign Used,2205000
Subaru,Outback,2016,184389,2500 cc,Automatic,Petrol,Nairobi,Locally Used,2580000
Mazda,CX-5,2017,184562,2200 cc,Automatic,Diesel,Mombasa,Foreign Used,3135000
Mercedes-Benz,C200,2018,184735,2000 cc,Automatic,Petrol,Nairobi,Foreign Used,3937500
Nissan,X-Trail,2019,184908,2000 cc,Automatic,Petrol,Nakuru,Locally Used,2012499
Honda,Fit,2020,185081,1500 cc,Manual,Petrol,Kisumu,Locally Used,1762500
BMW,X3,2021,185254,2000 cc,Automatic,Diesel,Nairobi,Foreign Used,5040000
Audi,A4,2022,185427,2000 cc,Automatic,Diesel,Mombasa,Foreign Used,4777500
Toyota,Premio,2008,185600,1800 cc,Automatic,Petrol,Nairobi,Foreign Used,1575000
Subaru,Outback,2009,185773,2500 cc,Automatic,Petrol,Nairobi,Locally Used,1860000
Mazda,CX-5,2010,185946,2200 cc,Automatic,Diesel,Mombasa,Foreign Used,2280000
Mercedes-Benz,C200,2011,186119,2000 cc,Automatic,Petrol,Nairobi,Foreign Used,2887500
Nissan,X-Trail,2012,186292,2000 cc,Automatic,Petrol,Nakuru,Locally Used,1487500
Honda,Fit,2013,186465,1500 cc,Manual,Petrol,Kisumu,Locally Used,1312500
BMW,X3,2014,186638,2000 cc,Automatic,Diesel,Nairobi,Foreign Used,3780000
Audi,A4,2015,186811,2000 cc,Automatic,Diesel,Mombasa,Foreign Used,3607500
Toyota,Premio,2016,186984,1800 cc,Automatic,Petrol,Nairobi,Foreign Used,1995000
Subaru,Outback,2017,187157,2500 cc,Automatic,Petrol,Nairobi,Locally Used,2340000
Mazda,CX-5,2018,187330,2200 cc,Automatic,Diesel,Mombasa,Foreign Used,2850000
Mercedes-Benz,C200,2019,187503,2000 cc,Automatic,Petrol,Nairobi,Foreign Used,3587499
Nissan,X-Trail,2020,187676,2000 cc,Automatic,Petrol,Nakuru,Locally Used,1837500
Honda,Fit,2021,187849,1500 cc,Manual,Petrol,Kisumu,Locally Used,1612500
BMW,X3,2022,188022,2000 cc,Automatic,Diesel,Nairobi,Foreign Used,4620000
Audi,A4,2008,188195,2000 cc,Automatic,Diesel,Mombasa,Foreign Used,4387500
Toyota,Premio,2009,188368,1800 cc,Automatic,Petrol,Nairobi,Foreign Used,2415000
Subaru,Outback,2010,188541,2500 cc,Automatic,Petrol,Nairobi,Locally Used,2820000
Mazda,CX-5,2011,188714,2200 cc,Automatic,Diesel,Mombasa,Foreign Used,3420000
Mercedes-Benz,C200,2012,188887,2000 cc,Automatic,Petrol,Nairobi,Foreign Used,4287500
Nissan,X-Trail,2013,189060,2000 cc,Automatic,Petrol,Nakuru,Locally Used,1312500
Honda,Fit,2014,189233,1500 cc,Manual,Petrol,Kisumu,Locally Used,1162500
BMW,X3,2015,189406,2000 cc,Automatic,Diesel,Nairobi,Foreign Used,3360000
Audi,A4,2016,189579,2000 cc,Automatic,Diesel,Mombasa,Foreign Used,3217500
Toyota,Premio,2017,189752,1800 cc,Automatic,Petrol,Nairobi,Foreign Used,1785000
Subaru,Outback,2018,189925,2500 cc,Automatic,Petrol,Nairobi,Locally Used,2100000
Mazda,CX-5,2019,190098,2200 cc,Automatic,Diesel,Mombasa,Foreign Used,2565000
Mercedes-Benz,C200,2020,190271,2000 cc,Automatic,Petrol,Nairobi,Foreign Used,3237500
Nissan,X-Trail,2021,190444,2000 cc,Automatic,Petrol,Nakuru,Locally Used,1662500
Honda,Fit,2022,190617,1500 cc,Manual,Petrol,Kisumu,Locally Used,1462500
BMW,X3,2008,190790,2000 cc,Automatic,Diesel,Nairobi,Foreign Used,4200000
Audi,A4,2009,190963,2000 cc,Automatic,Diesel,Mombasa,Foreign Used,3997499
Toyota,Premio,2010,191136,1800 cc,Automatic,Petrol,Nairobi,Foreign Used,2205000
Subaru,Outback,2011,191309,2500 cc,Automatic,Petrol,Nairobi,Locally Used,2580000
Mazda,CX-5,2012,191482,2200 cc,Automatic,Diesel,Mombasa,Foreign Used,3135000
Mercedes-Benz,C200,2013,191655,2000 cc,Automatic,Petrol,Nairobi,Foreign Used,3937500
Nissan,X-Trail,2014,191828,2000 cc,Automatic,Petrol,Nakuru,Locally Used,2012499
Honda,Fit,2015,192001,1500 cc,Manual,Petrol,Kisumu,Locally Used,1762500
BMW,X3,2016,192174,2000 cc,Automatic,Diesel,Nairobi,Foreign Used,5040000
Audi,A4,2017,192347,2000 cc,Automatic,Diesel,Mombasa,Foreign Used,4777500
Toyota,Premio,2018,192520,1800 cc,Automatic,Petrol,Nairobi,Foreign Used,1575000
Subaru,Outback,2019,192693,2500 cc,Automatic,Petrol,Nairobi,Locally Used,1860000
Mazda,CX-5,2020,192866,2200 cc,Automatic,Diesel,Mombasa,Foreign Used,2280000
Mercedes-Benz,C200,2021,193039,2000 cc,Automatic,Petrol,Nairobi,Foreign Used,2887500
Nissan,X-Trail,2022,193212,2000 cc,Automatic,Petrol,Nakuru,Locally Used,1487500
Honda,Fit,2008,193385,1500 cc,Manual,Petrol,Kisumu,Locally Used,1312500
BMW,X3,2009,193558,2000 cc,Automatic,Diesel,Nairobi,Foreign Used,3780000
Audi,A4,2010,193731,2000 cc,Automatic,Diesel,Mombasa,Foreign Used,3607500
Toyota,Premio,2011,193904,1800 cc,Automatic,Petrol,Nairobi,Foreign Used,1995000
Subaru,Outback,2012,194077,2500 cc,Automatic,Petrol,Nairobi,Locally Used,2340000
Mazda,CX-5,2013,194250,2200 cc,Automatic,Diesel,Mombasa,Foreign Used,2850000
Mercedes-Benz,C200,2014,194423,2000 cc,Automatic,Petrol,Nairobi,Foreign Used,3587499
Nissan,X-Trail,2015,194596,2000 cc,Automatic,Petrol,Nakuru,Locally Used,1837500
Honda,Fit,2016,194769,1500 cc,Manual,Petrol,Kisumu,Locally Used,1612500
BMW,X3,2017,194942,2000 cc,Automatic,Diesel,Nairobi,Foreign Used,4620000
Audi,A4,2018,195115,2000 cc,Automatic,Diesel,Mombasa,Foreign Used,4387500
Toyota,Premio,2019,195288,1800 cc,Automatic,Petrol,Nairobi,Foreign Used,2415000
Subaru,Outback,2020,195461,2500 cc,Automatic,Petrol,Nairobi,Locally Used,2820000
Mazda,CX-5,2021,195634,2200 cc,Automatic,Diesel,Mombasa,Foreign Used,3420000
Mercedes-Benz,C200,2022,195807,2000 cc,Automatic,Petrol,Nairobi,Foreign Used,4287500
Nissan,X-Trail,2008,195980,2000 cc,Automatic,Petrol,Nakuru,Locally Used,1312500
Honda,Fit,2009,196153,1500 cc,Manual,Petrol,Kisumu,Locally Used,1162500
BMW,X3,2010,196326,2000 cc,Automatic,Diesel,Nairobi,Foreign Used,3360000
Audi,A4,2011,196499,2000 cc,Automatic,Diesel,Mombasa,Foreign Used,3217500
Toyota,Premio,2012,196672,1800 cc,Automatic,Petrol,Nairobi,Foreign Used,1785000
Subaru,Outback,2013,196845,2500 cc,Automatic,Petrol,Nairobi,Locally Used,2100000
Mazda,CX-5,2014,197018,2200 cc,Automatic,Diesel,Mombasa,Foreign Used,2565000
Mercedes-Benz,C200,2015,197191,2000 cc,Automatic,Petrol,Nairobi,Foreign Used,3237500
Nissan,X-Trail,2016,197364,2000 cc,Automatic,Petrol,Nakuru,Locally Used,1662500
Honda,Fit,2017,197537,1500 cc,Manual,Petrol,Kisumu,Locally Used,1462500
BMW,X3,2018,197710,2000 cc,Automatic,Diesel,Nairobi,Foreign Used,4200000
Audi,A4,2019,197883,2000 cc,Automatic,Diesel,Mombasa,Foreign Used,3997499
Toyota,Premio,2020,198056,1800 cc,Automatic,Petrol,Nairobi,Foreign Used,2205000
Subaru,Outback,2021,198229,2500 cc,Automatic,Petrol,Nairobi,Locally Used,2580000
Mazda,CX-5,2022,198402,2200 cc,Automatic,Diesel,Mombasa,Foreign Used,3135000
Mercedes-Benz,C200,2008,198575,2000 cc,Automatic,Petrol,Nairobi,Foreign Used,3937500
Nissan,X-Trail,2009,198748,2000 cc,Automatic,Petrol,Nakuru,Locally Used,2012499
Honda,Fit,2010,198921,1500 cc,Manual,Petrol,Kisumu,Locally Used,1762500
BMW,X3,2011,199094,2000 cc,Automatic,Diesel,Nairobi,Foreign Used,5040000
Audi,A4,2012,199267,2000 cc,Automatic,Diesel,Mombasa,Foreign Used,4777500
Toyota,Premio,2013,199440,1800 cc,Automatic,Petrol,Nairobi,Foreign Used,1575000
Subaru,Outback,2014,199613,2500 cc,Automatic,Petrol,Nairobi,Locally Used,1860000
Mazda,CX-5,2015,199786,2200 cc,Automatic,Diesel,Mombasa,Foreign Used,2280000
Mercedes-Benz,C200,2016,199959,2000 cc,Automatic,Petrol,Nairobi,Foreign Used,2887500
Nissan,X-Trail,2017,20132,2000 cc,Automatic,Petrol,Nakuru,Locally Used,1487500
Honda,Fit,2018,20305,1500 cc,Manual,Petrol,Kisumu,Locally Used,1312500
BMW,X3,2019,20478,2000 cc,Automatic,Diesel,Nairobi,Foreign Used,3780000
Audi,A4,2020,20651,2000 cc,Automatic,Diesel,Mombasa,Foreign Used,3607500
Toyota,Premio,2021,20824,1800 cc,Automatic,Petrol,Nairobi,Foreign Used,1995000
Subaru,Outback,2022,20997,2500 cc,Automatic,Petrol,Nairobi,Locally Used,2340000
Mazda,CX-5,2008,21170,2200 cc,Automatic,Diesel,Mombasa,Foreign Used,2850000
Mercedes-Benz,C200,2009,21343,2000 cc,Automatic,Petrol,Nairobi,Foreign Used,3587499
Nissan,X-Trail,2010,21516,2000 cc,Automatic,Petrol,Nakuru,Locally Used,1837500
Honda,Fit,2011,21689,1500 cc,Manual,Petrol,Kisumu,Locally Used,1612500
BMW,X3,2012,21862,2000 cc,Automatic,Diesel,Nairobi,Foreign Used,4620000
Audi,A4,2013,22035,2000 cc,Automatic,Diesel,Mombasa,Foreign Used,4387500
Toyota,Premio,2014,22208,1800 cc,Automatic,Petrol,Nairobi,Foreign Used,2415000
Subaru,Outback,2015,22381,2500 cc,Automatic,Petrol,Nairobi,Locally Used,2820000
Mazda,CX-5,2016,22554,2200 cc,Automatic,Diesel,Mombasa,Foreign Used,3420000
Mercedes-Benz,C200,2017,22727,2000 cc,Automatic,Petrol,Nairobi,Foreign Used,4287500
Nissan,X-Trail,2018,22900,2000 cc,Automatic,Petrol,Nakuru,Locally Used,1312500
Honda,Fit,2019,23073,1500 cc,Manual,Petrol,Kisumu,Locally Used,1162500
BMW,X3,2020,23246,2000 cc,Automatic,Diesel,Nairobi,Foreign Used,3360000
Audi,A4,2021,23419,2000 cc,Automatic,Diesel,Mombasa,Foreign Used,3217500
Toyota,Premio,2022,23592,1800 cc,Automatic,Petrol,Nairobi,Foreign Used,1785000
Subaru,Outback,2008,23765,2500 cc,Automatic,Petrol,Nairobi,Locally Used,2100000
Mazda,CX-5,2009,23938,2200 cc,Automatic,Diesel,Mombasa,Foreign Used,2565000
Mercedes-Benz,C200,2010,24111,2000 cc,Automatic,Petrol,Nairobi,Foreign Used,3237500
Nissan,X-Trail,2011,24284,2000 cc,Automatic,Petrol,Nakuru,Locally Used,1662500
Honda,Fit,2012,24457,1500 cc,Manual,Petrol,Kisumu,Locally Used,1462500
BMW,X3,2013,24630,2000 cc,Automatic,Diesel,Nairobi,Foreign Used,4200000
Audi,A4,2014,24803,2000 cc,Automatic,Diesel,Mombasa,Foreign Used,3997499
Toyota,Premio,2015,24976,1800 cc,Automatic,Petrol,Nairobi,Foreign Used,2205000
Subaru,Outback,2016,25149,2500 cc,Automatic,Petrol,Nairobi,Locally Used,2580000
Mazda,CX-5,2017,25322,2200 cc,Automatic,Diesel,Mombasa,Foreign Used,3135000
Mercedes-Benz,C200,2018,25495,2000 cc,Automatic,Petrol,Nairobi,Foreign Used,3937500
Nissan,X-Trail,2019,25668,2000 cc,Automatic,Petrol,Nakuru,Locally Used,2012499
Honda,Fit,2020,25841,1500 cc,Manual,Petrol,Kisumu,Locally Used,1762500
BMW,X3,2021,26014,2000 cc,Automatic,Diesel,Nairobi,Foreign Used,5040000
Audi,A4,2022,26187,2000 cc,Automatic,Diesel,Mombasa,Foreign Used,4777500
Toyota,Premio,2008,26360,1800 cc,Automatic,Petrol,Nairobi,Foreign Used,1575000
Subaru,Outback,2009,26533,2500 cc,Automatic,Petrol,Nairobi,Locally Used,1860000
Mazda,CX-5,2010,26706,2200 cc,Automatic,Diesel,Mombasa,Foreign Used,2280000
Mercedes-Benz,C200,2011,26879,2000 cc,Automatic,Petrol,Nairobi,Foreign Used,2887500
Nissan,X-Trail,2012,27052,2000 cc,Automatic,Petrol,Nakuru,Locally Used,1487500
Honda,Fit,2013,27225,1500 cc,Manual,Petrol,Kisumu,Locally Used,1312500
BMW,X3,2014,27398,2000 cc,Automatic,Diesel,Nairobi,Foreign Used,3780000
Audi,A4,2015,27571,2000 cc,Automatic,Diesel,Mombasa,Foreign Used,3607500
Toyota,Premio,2016,27744,1800 cc,Automatic,Petrol,Nairobi,Foreign Used,1995000
Subaru,Outback,2017,27917,2500 cc,Automatic,Petrol,Nairobi,Locally Used,2340000
Mazda,CX-5,2018,28090,2200 cc,Automatic,Diesel,Mombasa,Foreign Used,2850000
Mercedes-Benz,C200,2019,28263,2000 cc,Automatic,Petrol,Nairobi,Foreign Used,3587499
Nissan,X-Trail,2020,28436,2000 cc,Automatic,Petrol,Nakuru,Locally Used,1837500
Honda,Fit,2021,28609,1500 cc,Manual,Petrol,Kisumu,Locally Used,1612500
BMW,X3,2022,28782,2000 cc,Automatic,Diesel,Nairobi,Foreign Used,4620000
Audi,A4,2008,28955,2000 cc,Automatic,Diesel,Mombasa,Foreign Used,4387500
Toyota,Premio,2009,29128,1800 cc,Automatic,Petrol,Nairobi,Foreign Used,2415000
Subaru,Outback,2010,29301,2500 cc,Automatic,Petrol,Nairobi,Locally Used,2820000
Mazda,CX-5,2011,29474,2200 cc,Automatic,Diesel,Mombasa,Foreign Used,3420000
Mercedes-Benz,C200,2012,29647,2000 cc,Automatic,Petrol,Nairobi,Foreign Used,4287500
Nissan,X-Trail,2013,29820,2000 cc,Automatic,Petrol,Nakuru,Locally Used,1312500
Honda,Fit,2014,29993,1500 cc,Manual,Petrol,Kisumu,Locally Used,1162500
BMW,X3,2015,30166,2000 cc,Automatic,Diesel,Nairobi,Foreign Used,3360000
Audi,A4,2016,30339,2000 cc,Automatic,Diesel,Mombasa,Foreign Used,3217500
Toyota,Premio,2017,30512,1800 cc,Automatic,Petrol,Nairobi,Foreign Used,1785000
Subaru,Outback,2018,30685,2500 cc,Automatic,Petrol,Nairobi,Locally Used,2100000
Mazda,CX-5,2019,30858,2200 cc,Automatic,Diesel,Mombasa,Foreign Used,2565000
Mercedes-Benz,C200,2020,31031,2000 cc,Automatic,Petrol,Nairobi,Foreign Used,3237500
Nissan,X-Trail,2021,31204,2000 cc,Automatic,Petrol,Nakuru,Locally Used,1662500
Honda,Fit,2022,31377,1500 cc,Manual,Petrol,Kisumu,Locally Used,1462500
BMW,X3,2008,31550,2000 cc,Automatic,Diesel,Nairobi,Foreign Used,4200000
Audi,A4,2009,31723,2000 cc,Automatic,Diesel,Mombasa,Foreign Used,3997499
Toyota,Premio,2010,31896,1800 cc,Automatic,Petrol,Nairobi,Foreign Used,2205000
Subaru,Outback,2011,32069,2500 cc,Automatic,Petrol,Nairobi,Locally Used,2580000
Mazda,CX-5,2012,32242,2200 cc,Automatic,Diesel,Mombasa,Foreign Used,3135000
Mercedes-Benz,C200,2013,32415,2000 cc,Automatic,Petrol,Nairobi,Foreign Used,3937500
Nissan,X-Trail,2014,32588,2000 cc,Automatic,Petrol,Nakuru,Locally Used,2012499
Honda,Fit,2015,32761,1500 cc,Manual,Petrol,Kisumu,Locally Used,1762500
BMW,X3,2016,32934,2000 cc,Automatic,Diesel,Nairobi,Foreign Used,5040000
Audi,A4,2017,33107,2000 cc,Automatic,Diesel,Mombasa,Foreign Used,4777500
Toyota,Premio,2018,33280,1800 cc,Automatic,Petrol,Nairobi,Foreign Used,1575000
Subaru,Outback,2019,33453,2500 cc,Automatic,Petrol,Nairobi,Locally Used,1860000
Mazda,CX-5,2020,33626,2200 cc,Automatic,Diesel,Mombasa,Foreign Used,2280000
Mercedes-Benz,C200,2021,33799,2000 cc,Automatic,Petrol,Nairobi,Foreign Used,2887500
Nissan,X-Trail,2022,33972,2000 cc,Automatic,Petrol,Nakuru,Locally Used,1487500
Honda,Fit,2008,34145,1500 cc,Manual,Petrol,Kisumu,Locally Used,1312500
BMW,X3,2009,34318,2000 cc,Automatic,Diesel,Nairobi,Foreign Used,3780000
Audi,A4,2010,34491,2000 cc,Automatic,Diesel,Mombasa,Foreign Used,3607500
Toyota,Premio,2011,34664,1800 cc,Automatic,Petrol,Nairobi,Foreign Used,1995000
Subaru,Outback,2012,34837,2500 cc,Automatic,Petrol,Nairobi,Locally Used,2340000
Mazda,CX-5,2013,35010,2200 cc,Automatic,Diesel,Mombasa,Foreign Used,2850000
Mercedes-Benz,C200,2014,35183,2000 cc,Automatic,Petrol,Nairobi,Foreign Used,3587499
Nissan,X-Trail,2015,35356,2000 cc,Automatic,Petrol,Nakuru,Locally Used,1837500
Honda,Fit,2016,35529,1500 cc,Manual,Petrol,Kisumu,Locally Used,1612500
BMW,X3,2017,35702,2000 cc,Automatic,Diesel,Nairobi,Foreign Used,4620000
Audi,A4,2018,35875,2000 cc,Automatic,Diesel,Mombasa,Foreign Used,4387500
Toyota,Premio,2019,36048,1800 cc,Automatic,Petrol,Nairobi,Foreign Used,2415000
Subaru,Outback,2020,36221,2500 cc,Automatic,Petrol,Nairobi,Locally Used,2820000
Mazda,CX-5,2021,36394,2200 cc,Automatic,Diesel,Mombasa,Foreign Used,3420000
Mercedes-Benz,C200,2022,36567,2000 cc,Automatic,Petrol,Nairobi,Foreign Used,4287500
Nissan,X-Trail,2008,36740,2000 cc,Automatic,Petrol,Nakuru,Locally Used,1312500
Honda,Fit,2009,36913,1500 cc,Manual,Petrol,Kisumu,Locally Used,1162500
BMW,X3,2010,37086,2000 cc,Automatic,Diesel,Nairobi,Foreign Used,3360000
Audi,A4,2011,37259,2000 cc,Automatic,Diesel,Mombasa,Foreign Used,3217500
Toyota,Premio,2012,37432,1800 cc,Automatic,Petrol,Nairobi,Foreign Used,1785000
Subaru,Outback,2013,37605,2500 cc,Automatic,Petrol,Nairobi,Locally Used,2100000
Mazda,CX-5,2014,37778,2200 cc,Automatic,Diesel,Mombasa,Foreign Used,2565000
Mercedes-Benz,C200,2015,37951,2000 cc,Automatic,Petrol,Nairobi,Foreign Used,3237500
Nissan,X-Trail,2016,38124,2000 cc,Automatic,Petrol,Nakuru,Locally Used,1662500
Honda,Fit,2017,38297,1500 cc,Manual,Petrol,Kisumu,Locally Used,1462500
BMW,X3,2018,38470,2000 cc,Automatic,Diesel,Nairobi,Foreign Used,4200000
Audi,A4,2019,38643,2000 cc,Automatic,Diesel,Mombasa,Foreign Used,3997499
Toyota,Premio,2020,38816,1800 cc,Automatic,Petrol,Nairobi,Foreign Used,2205000
Subaru,Outback,2021,38989,2500 cc,Automatic,Petrol,Nairobi,Locally Used,2580000
Mazda,CX-5,2022,39162,2200 cc,Automatic,Diesel,Mombasa,Foreign Used,3135000
Mercedes-Benz,C200,2008,39335,2000 cc,Automatic,Petrol,Nairobi,Foreign Used,3937500
Nissan,X-Trail,2009,39508,2000 cc,Automatic,Petrol,Nakuru,Locally Used,2012499
Honda,Fit,2010,39681,1500 cc,Manual,Petrol,Kisumu,Locally Used,1762500
BMW,X3,2011,39854,2000 cc,Automatic,Diesel,Nairobi,Foreign Used,5040000
Audi,A4,2012,40027,2000 cc,Automatic,Diesel,Mombasa,Foreign Used,4777500
Toyota,Premio,2013,40200,1800 cc,Automatic,Petrol,Nairobi,Foreign Used,1575000
Subaru,Outback,2014,40373,2500 cc,Automatic,Petrol,Nairobi,Locally Used,1860000
Mazda,CX-5,2015,40546,2200 cc,Automatic,Diesel,Mombasa,Foreign Used,2280000
Mercedes-Benz,C200,2016,40719,2000 cc,Automatic,Petrol,Nairobi,Foreign Used,2887500
Nissan,X-Trail,2017,40892,2000 cc,Automatic,Petrol,Nakuru,Locally Used,1487500
Honda,Fit,2018,41065,1500 cc,Manual,Petrol,Kisumu,Locally Used,1312500
BMW,X3,2019,41238,2000 cc,Automatic,Diesel,Nairobi,Foreign Used,3780000
Audi,A4,2020,41411,2000 cc,Automatic,Diesel,Mombasa,Foreign Used,3607500
Toyota,Premio,2021,41584,1800 cc,Automatic,Petrol,Nairobi,Foreign Used,1995000
Subaru,Outback,2022,41757,2500 cc,Automatic,Petrol,Nairobi,Locally Used,2340000
Mazda,CX-5,2008,41930,2200 cc,Automatic,Diesel,Mombasa,Foreign Used,2850000
Mercedes-Benz,C200,2009,42103,2000 cc,Automatic,Petrol,Nairobi,Foreign Used,3587499
Nissan,X-Trail,2010,42276,2000 cc,Automatic,Petrol,Nakuru,Locally Used,1837500
Honda,Fit,2011,42449,1500 cc,Manual,Petrol,Kisumu,Locally Used,1612500
BMW,X3,2012,42622,2000 cc,Automatic,Diesel,Nairobi,Foreign Used,4620000
Audi,A4,2013,42795,2000 cc,Automatic,Diesel,Mombasa,Foreign Used,4387500
Toyota,Premio,2014,42968,1800 cc,Automatic,Petrol,Nairobi,Foreign Used,2415000
Subaru,Outback,2015,43141,2500 cc,Automatic,Petrol,Nairobi,Locally Used,2820000
Mazda,CX-5,2016,43314,2200 cc,Automatic,Diesel,Mombasa,Foreign Used,3420000
Mercedes-Benz,C200,2017,43487,2000 cc,Automatic,Petrol,Nairobi,Foreign Used,4287500
Nissan,X-Trail,2018,43660,2000 cc,Automatic,Petrol,Nakuru,Locally Used,1312500
Honda,Fit,2019,43833,1500 cc,Manual,Petrol,Kisumu,Locally Used,1162500
BMW,X3,2020,44006,2000 cc,Automatic,Diesel,Nairobi,Foreign Used,3360000
Audi,A4,2021,44179,2000 cc,Automatic,Diesel,Mombasa,Foreign Used,3217500
Toyota,Premio,2022,44352,1800 cc,Automatic,Petrol,Nairobi,Foreign Used,1785000
Subaru,Outback,2008,44525,2500 cc,Automatic,Petrol,Nairobi,Locally Used,2100000
Mazda,CX-5,2009,44698,2200 cc,Automatic,Diesel,Mombasa,Foreign Used,2565000
Mercedes-Benz,C200,2010,44871,2000 cc,Automatic,Petrol,Nairobi,Foreign Used,3237500
Nissan,X-Trail,2011,45044,2000 cc,Automatic,Petrol,Nakuru,Locally Used,1662500
Honda,Fit,2012,45217,1500 cc,Manual,Petrol,Kisumu,Locally Used,1462500
BMW,X3,2013,45390,2000 cc,Automatic,Diesel,Nairobi,Foreign Used,4200000
Audi,A4,2014,45563,2000 cc,Automatic,Diesel,Mombasa,Foreign Used,3997499
Toyota,Premio,2015,45736,1800 cc,Automatic,Petrol,Nairobi,Foreign Used,2205000
Subaru,Outback,2016,45909,2500 cc,Automatic,Petrol,Nairobi,Locally Used,2580000
Mazda,CX-5,2017,46082,2200 cc,Automatic,Diesel,Mombasa,Foreign Used,3135000
Mercedes-Benz,C200,2018,46255,2000 cc,Automatic,Petrol,Nairobi,Foreign Used,3937500
Nissan,X-Trail,2019,46428,2000 cc,Automatic,Petrol,Nakuru,Locally Used,2012499
Honda,Fit,2020,46601,1500 cc,Manual,Petrol,Kisumu,Locally Used,1762500
BMW,X3,2021,46774,2000 cc,Automatic,Diesel,Nairobi,Foreign Used,5040000
Audi,A4,2022,46947,2000 cc,Automatic,Diesel,Mombasa,Foreign Used,4777500
Toyota,Premio,2008,47120,1800 cc,Automatic,Petrol,Nairobi,Foreign Used,1575000
Subaru,Outback,2009,47293,2500 cc,Automatic,Petrol,Nairobi,Locally Used,1860000
Mazda,CX-5,2010,47466,2200 cc,Automatic,Diesel,Mombasa,Foreign Used,2280000
Mercedes-Benz,C200,2011,47639,2000 cc,Automatic,Petrol,Nairobi,Foreign Used,2887500
Nissan,X-Trail,2012,47812,2000 cc,Automatic,Petrol,Nakuru,Locally Used,1487500
Honda,Fit,2013,47985,1500 cc,Manual,Petrol,Kisumu,Locally Used,1312500
BMW,X3,2014,48158,2000 cc,Automatic,Diesel,Nairobi,Foreign Used,3780000
Audi,A4,2015,48331,2000 cc,Automatic,Diesel,Mombasa,Foreign Used,3607500
Toyota,Premio,2016,48504,1800 cc,Automatic,Petrol,Nairobi,Foreign Used,1995000
Subaru,Outback,2017,48677,2500 cc,Automatic,Petrol,Nairobi,Locally Used,2340000
Mazda,CX-5,2018,48850,2200 cc,Automatic,Diesel,Mombasa,Foreign Used,2850000
Mercedes-Benz,C200,2019,49023,2000 cc,Automatic,Petrol,Nairobi,Foreign Used,3587499
Nissan,X-Trail,2020,49196,2000 cc,Automatic,Petrol,Nakuru,Locally Used,1837500
Honda,Fit,2021,49369,1500 cc,Manual,Petrol,Kisumu,Locally Used,1612500
BMW,X3,2022,49542,2000 cc,Automatic,Diesel,Nairobi,Foreign Used,4620000
Audi,A4,2008,49715,2000 cc,Automatic,Diesel,Mombasa,Foreign Used,4387500
Toyota,Premio,2009,49888,1800 cc,Automatic,Petrol,Nairobi,Foreign Used,2415000
Subaru,Outback,2010,50061,2500 cc,Automatic,Petrol,Nairobi,Locally Used,2820000
Mazda,CX-5,2011,50234,2200 cc,Automatic,Diesel,Mombasa,Foreign Used,3420000
Mercedes-Benz,C200,2012,50407,2000 cc,Automatic,Petrol,Nairobi,Foreign Used,4287500
Nissan,X-Trail,2013,50580,2000 cc,Automatic,Petrol,Nakuru,Locally Used,1312500
Honda,Fit,2014,50753,1500 cc,Manual,Petrol,Kisumu,Locally Used,1162500
BMW,X3,2015,50926,2000 cc,Automatic,Diesel,Nairobi,Foreign Used,3360000
Audi,A4,2016,51099,2000 cc,Automatic,Diesel,Mombasa,Foreign Used,3217500
Toyota,Premio,2017,51272,1800 cc,Automatic,Petrol,Nairobi,Foreign Used,1785000
Subaru,Outback,2018,51445,2500 cc,Automatic,Petrol,Nairobi,Locally Used,2100000
Mazda,CX-5,2019,51618,2200 cc,Automatic,Diesel,Mombasa,Foreign Used,2565000
Mercedes-Benz,C200,2020,51791,2000 cc,Automatic,Petrol,Nairobi,Foreign Used,3237500
Nissan,X-Trail,2021,51964,2000 cc,Automatic,Petrol,Nakuru,Locally Used,1662500
Honda,Fit,2022,52137,1500 cc,Manual,Petrol,Kisumu,Locally Used,1462500
BMW,X3,2008,52310,2000 cc,Automatic,Diesel,Nairobi,Foreign Used,4200000
Audi,A4,2009,52483,2000 cc,Automatic,Diesel,Mombasa,Foreign Used,3997499
Toyota,Premio,2010,52656,1800 cc,Automatic,Petrol,Nairobi,Foreign Used,2205000
Subaru,Outback,2011,52829,2500 cc,Automatic,Petrol,Nairobi,Locally Used,2580000
Mazda,CX-5,2012,53002,2200 cc,Automatic,Diesel,Mombasa,Foreign Used,3135000
Mercedes-Benz,C200,2013,53175,2000 cc,Automatic,Petrol,Nairobi,Foreign Used,3937500
Nissan,X-Trail,2014,53348,2000 cc,Automatic,Petrol,Nakuru,Locally Used,2012499
Honda,Fit,2015,53521,1500 cc,Manual,Petrol,Kisumu,Locally Used,1762500
BMW,X3,2016,53694,2000 cc,Automatic,Diesel,Nairobi,Foreign Used,5040000
Audi,A4,2017,53867,2000 cc,Automatic,Diesel,Mombasa,Foreign Used,4777500
Toyota,Premio,2018,54040,1800 cc,Automatic,Petrol,Nairobi,Foreign Used,1575000
Subaru,Outback,2019,54213,2500 cc,Automatic,Petrol,Nairobi,Locally Used,1860000
Mazda,CX-5,2020,54386,2200 cc,Automatic,Diesel,Mombasa,Foreign Used,2280000
Mercedes-Benz,C200,2021,54559,2000 cc,Automatic,Petrol,Nairobi,Foreign Used,2887500
Nissan,X-Trail,2022,54732,2000 cc,Automatic,Petrol,Nakuru,Locally Used,1487500
Honda,Fit,2008,54905,1500 cc,Manual,Petrol,Kisumu,Locally Used,1312500
BMW,X3,2009,55078,2000 cc,Automatic,Diesel,Nairobi,Foreign Used,3780000
Audi,A4,2010,55251,2000 cc,Automatic,Diesel,Mombasa,Foreign Used,3607500
Toyota,Premio,2011,55424,1800 cc,Automatic,Petrol,Nairobi,Foreign Used,1995000
Subaru,Outback,2012,55597,2500 cc,Automatic,Petrol,Nairobi,Locally Used,2340000
Mazda,CX-5,2013,55770,2200 cc,Automatic,Diesel,Mombasa,Foreign Used,2850000
Mercedes-Benz,C200,2014,55943,2000 cc,Automatic,Petrol,Nairobi,Foreign Used,3587499
Nissan,X-Trail,2015,56116,2000 cc,Automatic,Petrol,Nakuru,Locally Used,1837500
Honda,Fit,2016,56289,1500 cc,Manual,Petrol,Kisumu,Locally Used,1612500
BMW,X3,2017,56462,2000 cc,Automatic,Diesel,Nairobi,Foreign Used,4620000
Audi,A4,2018,56635,2000 cc,Automatic,Diesel,Mombasa,Foreign Used,4387500
Toyota,Premio,2019,56808,1800 cc,Automatic,Petrol,Nairobi,Foreign Used,2415000
Subaru,Outback,2020,56981,2500 cc,Automatic,Petrol,Nairobi,Locally Used,2820000
Mazda,CX-5,2021,57154,2200 cc,Automatic,Diesel,Mombasa,Foreign Used,3420000
Mercedes-Benz,C200,2022,57327,2000 cc,Automatic,Petrol,Nairobi,Foreign Used,4287500
Nissan,X-Trail,2008,57500,2000 cc,Automatic,Petrol,Nakuru,Locally Used,1312500
Honda,Fit,2009,57673,1500 cc,Manual,Petrol,Kisumu,Locally Used,1162500
BMW,X3,2010,57846,2000 cc,Automatic,Diesel,Nairobi,Foreign Used,3360000
Audi,A4,2011,58019,2000 cc,Automatic,Diesel,Mombasa,Foreign Used,3217500
Toyota,Premio,2012,58192,1800 cc,Automatic,Petrol,Nairobi,Foreign Used,1785000
Subaru,Outback,2013,58365,2500 cc,Automatic,Petrol,Nairobi,Locally Used,2100000
Mazda,CX-5,2014,58538,2200 cc,Automatic,Diesel,Mombasa,Foreign Used,2565000
Mercedes-Benz,C200,2015,58711,2000 cc,Automatic,Petrol,Nairobi,Foreign Used,3237500
Nissan,X-Trail,2016,58884,2000 cc,Automatic,Petrol,Nakuru,Locally Used,1662500
Honda,Fit,2017,59057,1500 cc,Manual,Petrol,Kisumu,Locally Used,1462500
BMW,X3,2018,59230,2000 cc,Automatic,Diesel,Nairobi,Foreign Used,4200000
Audi,A4,2019,59403,2000 cc,Automatic,Diesel,Mombasa,Foreign Used,3997499
Toyota,Premio,2020,59576,1800 cc,Automatic,Petrol,Nairobi,Foreign Used,2205000
Subaru,Outback,2021,59749,2500 cc,Automatic,Petrol,Nairobi,Locally Used,2580000
Mazda,CX-5,2022,59922,2200 cc,Automatic,Diesel,Mombasa,Foreign Used,3135000
Mercedes-Benz,C200,2008,60095,2000 cc,Automatic,Petrol,Nairobi,Foreign Used,3937500
Nissan,X-Trail,2009,60268,2000 cc,Automatic,Petrol,Nakuru,Locally Used,2012499
Honda,Fit,2010,60441,1500 cc,Manual,Petrol,Kisumu,Locally Used,1762500
BMW,X3,2011,60614,2000 cc,Automatic,Diesel,Nairobi,Foreign Used,5040000
Audi,A4,2012,60787,2000 cc,Automatic,Diesel,Mombasa,Foreign Used,4777500
Toyota,Premio,2013,60960,1800 cc,Automatic,Petrol,Nairobi,Foreign Used,1575000
Subaru,Outback,2014,61133,2500 cc,Automatic,Petrol,Nairobi,Locally Used,1860000
Mazda,CX-5,2015,61306,2200 cc,Automatic,Diesel,Mombasa,Foreign Used,2280000
Mercedes-Benz,C200,2016,61479,2000 cc,Automatic,Petrol,Nairobi,Foreign Used,2887500
Nissan,X-Trail,2017,61652,2000 cc,Automatic,Petrol,Nakuru,Locally Used,1487500
Honda,Fit,2018,61825,1500 cc,Manual,Petrol,Kisumu,Locally Used,1312500
BMW,X3,2019,61998,2000 cc,Automatic,Diesel,Nairobi,Foreign Used,3780000
Audi,A4,2020,62171,2000 cc,Automatic,Diesel,Mombasa,Foreign Used,3607500
Toyota,Premio,2021,62344,1800 cc,Automatic,Petrol,Nairobi,Foreign Used,1995000
Subaru,Outback,2022,62517,2500 cc,Automatic,Petrol,Nairobi,Locally Used,2340000
Mazda,CX-5,2008,62690,2200 cc,Automatic,Diesel,Mombasa,Foreign Used,2850000
Mercedes-Benz,C200,2009,62863,2000 cc,Automatic,Petrol,Nairobi,Foreign Used,3587499
Nissan,X-Trail,2010,63036,2000 cc,Automatic,Petrol,Nakuru,Locally Used,1837500
Honda,Fit,2011,63209,1500 cc,Manual,Petrol,Kisumu,Locally Used,1612500
BMW,X3,2012,63382,2000 cc,Automatic,Diesel,Nairobi,Foreign Used,4620000
Audi,A4,2013,63555,2000 cc,Automatic,Diesel,Mombasa,Foreign Used,4387500
Toyota,Premio,2014,63728,1800 cc,Automatic,Petrol,Nairobi,Foreign Used,2415000
Subaru,Outback,2015,63901,2500 cc,Automatic,Petrol,Nairobi,Locally Used,2820000
Mazda,CX-5,2016,64074,2200 cc,Automatic,Diesel,Mombasa,Foreign Used,3420000
Mercedes-Benz,C200,2017,64247,2000 cc,Automatic,Petrol,Nairobi,Foreign Used,4287500
Nissan,X-Trail,2018,64420,2000 cc,Automatic,Petrol,Nakuru,Locally Used,1312500
Honda,Fit,2019,64593,1500 cc,Manual,Petrol,Kisumu,Locally Used,1162500
BMW,X3,2020,64766,2000 cc,Automatic,Diesel,Nairobi,Foreign Used,3360000
Audi,A4,2021,64939,2000 cc,Automatic,Diesel,Mombasa,Foreign Used,3217500
Toyota,Premio,2022,65112,1800 cc,Automatic,Petrol,Nairobi,Foreign Used,1785000
Subaru,Outback,2008,65285,2500 cc,Automatic,Petrol,Nairobi,Locally Used,2100000
Mazda,CX-5,2009,65458,2200 cc,Automatic,Diesel,Mombasa,Foreign Used,2565000
Mercedes-Benz,C200,2010,65631,2000 cc,Automatic,Petrol,Nairobi,Foreign Used,3237500
Nissan,X-Trail,2011,65804,2000 cc,Automatic,Petrol,Nakuru,Locally Used,1662500
Honda,Fit,2012,65977,1500 cc,Manual,Petrol,Kisumu,Locally Used,1462500
BMW,X3,2013,66150,2000 cc,Automatic,Diesel,Nairobi,Foreign Used,4200000
Audi,A4,2014,66323,2000 cc,Automatic,Diesel,Mombasa,Foreign Used,3997499
Toyota,Premio,2015,66496,1800 cc,Automatic,Petrol,Nairobi,Foreign Used,2205000
Subaru,Outback,2016,66669,2500 cc,Automatic,Petrol,Nairobi,Locally Used,2580000
Mazda,CX-5,2017,66842,2200 cc,Automatic,Diesel,Mombasa,Foreign Used,3135000
Mercedes-Benz,C200,2018,67015,2000 cc,Automatic,Petrol,Nairobi,Foreign Used,3937500
Nissan,X-Trail,2019,67188,2000 cc,Automatic,Petrol,Nakuru,Locally Used,2012499
Honda,Fit,2020,67361,1500 cc,Manual,Petrol,Kisumu,Locally Used,1762500
BMW,X3,2021,67534,2000 cc,Automatic,Diesel,Nairobi,Foreign Used,5040000
Audi,A4,2022,67707,2000 cc,Automatic,Diesel,Mombasa,Foreign Used,4777500
Toyota,Premio,2008,67880,1800 cc,Automatic,Petrol,Nairobi,Foreign Used,1575000
Subaru,Outback,2009,68053,2500 cc,Automatic,Petrol,Nairobi,Locally Used,1860000
Mazda,CX-5,2010,68226,2200 cc,Automatic,Diesel,Mombasa,Foreign Used,2280000
Mercedes-Benz,C200,2011,68399,2000 cc,Automatic,Petrol,Nairobi,Foreign Used,2887500
Nissan,X-Trail,2012,68572,2000 cc,Automatic,Petrol,Nakuru,Locally Used,1487500
Honda,Fit,2013,68745,1500 cc,Manual,Petrol,Kisumu,Locally Used,1312500
BMW,X3,2014,68918,2000 cc,Automatic,Diesel,Nairobi,Foreign Used,3780000
Audi,A4,2015,69091,2000 cc,Automatic,Diesel,Mombasa,Foreign Used,3607500
Toyota,Premio,2016,69264,1800 cc,Automatic,Petrol,Nairobi,Foreign Used,1995000
Subaru,Outback,2017,69437,2500 cc,Automatic,Petrol,Nairobi,Locally Used,2340000
Mazda,CX-5,2018,69610,2200 cc,Automatic,Diesel,Mombasa,Foreign Used,2850000
Mercedes-Benz,C200,2019,69783,2000 cc,Automatic,Petrol,Nairobi,Foreign Used,3587499
Nissan,X-Trail,2020,69956,2000 cc,Automatic,Petrol,Nakuru,Locally Used,1837500
Honda,Fit,2021,70129,1500 cc,Manual,Petrol,Kisumu,Locally Used,1612500
BMW,X3,2022,70302,2000 cc,Automatic,Diesel,Nairobi,Foreign Used,4620000
Audi,A4,2008,70475,2000 cc,Automatic,Diesel,Mombasa,Foreign Used,4387500
Toyota,Premio,2009,70648,1800 cc,Automatic,Petrol,Nairobi,Foreign Used,2415000
Subaru,Outback,2010,70821,2500 cc,Automatic,Petrol,Nairobi,Locally Used,2820000
Mazda,CX-5,2011,70994,2200 cc,Automatic,Diesel,Mombasa,Foreign Used,3420000
Mercedes-Benz,C200,2012,71167,2000 cc,Automatic,Petrol,Nairobi,Foreign Used,4287500
Nissan,X-Trail,2013,71340,2000 cc,Automatic,Petrol,Nakuru,Locally Used,1312500
Honda,Fit,2014,71513,1500 cc,Manual,Petrol,Kisumu,Locally Used,1162500
BMW,X3,2015,71686,2000 cc,Automatic,Diesel,Nairobi,Foreign Used,3360000
Audi,A4,2016,71859,2000 cc,Automatic,Diesel,Mombasa,Foreign Used,3217500
Toyota,Premio,2017,72032,1800 cc,Automatic,Petrol,Nairobi,Foreign Used,1785000
Subaru,Outback,2018,72205,2500 cc,Automatic,Petrol,Nairobi,Locally Used,2100000
Mazda,CX-5,2019,72378,2200 cc,Automatic,Diesel,Mombasa,Foreign Used,2565000
Mercedes-Benz,C200,2020,72551,2000 cc,Automatic,Petrol,Nairobi,Foreign Used,3237500
Nissan,X-Trail,2021,72724,2000 cc,Automatic,Petrol,Nakuru,Locally Used,1662500
Honda,Fit,2022,72897,1500 cc,Manual,Petrol,Kisumu,Locally Used,1462500
BMW,X3,2008,73070,2000 cc,Automatic,Diesel,Nairobi,Foreign Used,4200000
Audi,A4,2009,73243,2000 cc,Automatic,Diesel,Mombasa,Foreign Used,3997499
Toyota,Premio,2010,73416,1800 cc,Automatic,Petrol,Nairobi,Foreign Used,2205000
Subaru,Outback,2011,73589,2500 cc,Automatic,Petrol,Nairobi,Locally Used,2580000
Mazda,CX-5,2012,73762,2200 cc,Automatic,Diesel,Mombasa,Foreign Used,3135000
Mercedes-Benz,C200,2013,73935,2000 cc,Automatic,Petrol,Nairobi,Foreign Used,3937500
Nissan,X-Trail,2014,74108,2000 cc,Automatic,Petrol,Nakuru,Locally Used,2012499
Honda,Fit,2015,74281,1500 cc,Manual,Petrol,Kisumu,Locally Used,1762500
BMW,X3,2016,74454,2000 cc,Automatic,Diesel,Nairobi,Foreign Used,5040000
Audi,A4,2017,74627,2000 cc,Automatic,Diesel,Mombasa,Foreign Used,4777500
Toyota,Premio,2018,74800,1800 cc,Automatic,Petrol,Nairobi,Foreign Used,1575000
Subaru,Outback,2019,74973,2500 cc,Automatic,Petrol,Nairobi,Locally Used,1860000
Mazda,CX-5,2020,75146,2200 cc,Automatic,Diesel,Mombasa,Foreign Used,2280000
Mercedes-Benz,C200,2021,75319,2000 cc,Automatic,Petrol,Nairobi,Foreign Used,2887500
Nissan,X-Trail,2022,75492,2000 cc,Automatic,Petrol,Nakuru,Locally Used,1487500
Honda,Fit,2008,75665,1500 cc,Manual,Petrol,Kisumu,Locally Used,1312500
BMW,X3,2009,75838,2000 cc,Automatic,Diesel,Nairobi,Foreign Used,3780000
Audi,A4,2010,76011,2000 cc,Automatic,Diesel,Mombasa,Foreign Used,3607500
Toyota,Premio,2011,76184,1800 cc,Automatic,Petrol,Nairobi,Foreign Used,1995000
Subaru,Outback,2012,76357,2500 cc,Automatic,Petrol,Nairobi,Locally Used,2340000
Mazda,CX-5,2013,76530,2200 cc,Automatic,Diesel,Mombasa,Foreign Used,2850000
Mercedes-Benz,C200,2014,76703,2000 cc,Automatic,Petrol,Nairobi,Foreign Used,3587499
Nissan,X-Trail,2015,76876,2000 cc,Automatic,Petrol,Nakuru,Locally Used,1837500
Honda,Fit,2016,77049,1500 cc,Manual,Petrol,Kisumu,Locally Used,1612500
BMW,X3,2017,77222,2000 cc,Automatic,Diesel,Nairobi,Foreign Used,4620000
Audi,A4,2018,77395,2000 cc,Automatic,Diesel,Mombasa,Foreign Used,4387500
Toyota,Premio,2019,77568,1800 cc,Automatic,Petrol,Nairobi,Foreign Used,2415000
Subaru,Outback,2020,77741,2500 cc,Automatic,Petrol,Nairobi,Locally Used,2820000
Mazda,CX-5,2021,77914,2200 cc,Automatic,Diesel,Mombasa,Foreign Used,3420000
Mercedes-Benz,C200,2022,78087,2000 cc,Automatic,Petrol,Nairobi,Foreign Used,4287500
Nissan,X-Trail,2008,78260,2000 cc,Automatic,Petrol,Nakuru,Locally Used,1312500
Honda,Fit,2009,78433,1500 cc,Manual,Petrol,Kisumu,Locally Used,1162500
BMW,X3,2010,78606,2000 cc,Automatic,Diesel,Nairobi,Foreign Used,3360000
Audi,A4,2011,78779,2000 cc,Automatic,Diesel,Mombasa,Foreign Used,3217500
Toyota,Premio,2012,78952,1800 cc,Automatic,Petrol,Nairobi,Foreign Used,1785000
Subaru,Outback,2013,79125,2500 cc,Automatic,Petrol,Nairobi,Locally Used,2100000
Mazda,CX-5,2014,79298,2200 cc,Automatic,Diesel,Mombasa,Foreign Used,2565000
Mercedes-Benz,C200,2015,79471,2000 cc,Automatic,Petrol,Nairobi,Foreign Used,3237500
Nissan,X-Trail,2016,79644,2000 cc,Automatic,Petrol,Nakuru,Locally Used,1662500
Honda,Fit,2017,79817,1500 cc,Manual,Petrol,Kisumu,Locally Used,1462500
BMW,X3,2018,79990,2000 cc,Automatic,Diesel,Nairobi,Foreign Used,4200000
Audi,A4,2019,80163,2000 cc,Automatic,Diesel,Mombasa,Foreign Used,3997499
Toyota,Premio,2020,80336,1800 cc,Automatic,Petrol,Nairobi,Foreign Used,2205000
Subaru,Outback,2021,80509,2500 cc,Automatic,Petrol,Nairobi,Locally Used,2580000
Mazda,CX-5,2022,80682,2200 cc,Automatic,Diesel,Mombasa,Foreign Used,3135000
Mercedes-Benz,C200,2008,80855,2000 cc,Automatic,Petrol,Nairobi,Foreign Used,3937500
Nissan,X-Trail,2009,81028,2000 cc,Automatic,Petrol,Nakuru,Locally Used,2012499
Honda,Fit,2010,81201,1500 cc,Manual,Petrol,Kisumu,Locally Used,1762500
BMW,X3,2011,81374,2000 cc,Automatic,Diesel,Nairobi,Foreign Used,5040000
Audi,A4,2012,81547,2000 cc,Automatic,Diesel,Mombasa,Foreign Used,4777500
Toyota,Premio,2013,81720,1800 cc,Automatic,Petrol,Nairobi,Foreign Used,1575000
Subaru,Outback,2014,81893,2500 cc,Automatic,Petrol,Nairobi,Locally Used,1860000
Mazda,CX-5,2015,82066,2200 cc,Automatic,Diesel,Mombasa,Foreign Used,2280000
Mercedes-Benz,C200,2016,82239,2000 cc,Automatic,Petrol,Nairobi,Foreign Used,2887500
Nissan,X-Trail,2017,82412,2000 cc,Automatic,Petrol,Nakuru,Locally Used,1487500
Honda,Fit,2018,82585,1500 cc,Manual,Petrol,Kisumu,Locally Used,1312500
BMW,X3,2019,82758,2000 cc,Automatic,Diesel,Nairobi,Foreign Used,3780000
Audi,A4,2020,82931,2000 cc,Automatic,Diesel,Mombasa,Foreign Used,3607500
Toyota,Premio,2021,83104,1800 cc,Automatic,Petrol,Nairobi,Foreign Used,1995000
Subaru,Outback,2022,83277,2500 cc,Automatic,Petrol,Nairobi,Locally Used,2340000
Mazda,CX-5,2008,83450,2200 cc,Automatic,Diesel,Mombasa,Foreign Used,2850000
Mercedes-Benz,C200,2009,83623,2000 cc,Automatic,Petrol,Nairobi,Foreign Used,3587499
Nissan,X-Trail,2010,83796,2000 cc,Automatic,Petrol,Nakuru,Locally Used,1837500
Honda,Fit,2011,83969,1500 cc,Manual,Petrol,Kisumu,Locally Used,1612500
BMW,X3,2012,84142,2000 cc,Automatic,Diesel,Nairobi,Foreign Used,4620000
Audi,A4,2013,84315,2000 cc,Automatic,Diesel,Mombasa,Foreign Used,4387500
Toyota,Premio,2014,84488,1800 cc,Automatic,Petrol,Nairobi,Foreign Used,2415000
Subaru,Outback,2015,84661,2500 cc,Automatic,Petrol,Nairobi,Locally Used,2820000
Mazda,CX-5,2016,84834,2200 cc,Automatic,Diesel,Mombasa,Foreign Used,3420000
Mercedes-Benz,C200,2017,85007,2000 cc,Automatic,Petrol,Nairobi,Foreign Used,4287500
Nissan,X-Trail,2018,85180,2000 cc,Automatic,Petrol,Nakuru,Locally Used,1312500
Honda,Fit,2019,85353,1500 cc,Manual,Petrol,Kisumu,Locally Used,1162500
BMW,X3,2020,85526,2000 cc,Automatic,Diesel,Nairobi,Foreign Used,3360000
Audi,A4,2021,85699,2000 cc,Automatic,Diesel,Mombasa,Foreign Used,3217500
Toyota,Premio,2022,85872,1800 cc,Automatic,Petrol,Nairobi,Foreign Used,1785000
Subaru,Outback,2008,86045,2500 cc,Automatic,Petrol,Nairobi,Locally Used,2100000
Mazda,CX-5,2009,86218,2200 cc,Automatic,Diesel,Mombasa,Foreign Used,2565000
Mercedes-Benz,C200,2010,86391,2000 cc,Automatic,Petrol,Nairobi,Foreign Used,3237500
Nissan,X-Trail,2011,86564,2000 cc,Automatic,Petrol,Nakuru,Locally Used,1662500
Honda,Fit,2012,86737,1500 cc,Manual,Petrol,Kisumu,Locally Used,1462500
BMW,X3,2013,86910,2000 cc,Automatic,Diesel,Nairobi,Foreign Used,4200000
Audi,A4,2014,87083,2000 cc,Automatic,Diesel,Mombasa,Foreign Used,3997499
Toyota,Premio,2015,87256,1800 cc,Automatic,Petrol,Nairobi,Foreign Used,2205000
Subaru,Outback,2016,87429,2500 cc,Automatic,Petrol,Nairobi,Locally Used,2580000
Mazda,CX-5,2017,87602,2200 cc,Automatic,Diesel,Mombasa,Foreign Used,3135000
Mercedes-Benz,C200,2018,87775,2000 cc,Automatic,Petrol,Nairobi,Foreign Used,3937500
Nissan,X-Trail,2019,87948,2000 cc,Automatic,Petrol,Nakuru,Locally Used,2012499
Honda,Fit,2020,88121,1500 cc,Manual,Petrol,Kisumu,Locally Used,1762500
BMW,X3,2021,88294,2000 cc,Automatic,Diesel,Nairobi,Foreign Used,5040000
Audi,A4,2022,88467,2000 cc,Automatic,Diesel,Mombasa,Foreign Used,4777500
Toyota,Premio,2008,88640,1800 cc,Automatic,Petrol,Nairobi,Foreign Used,1575000
Subaru,Outback,2009,88813,2500 cc,Automatic,Petrol,Nairobi,Locally Used,1860000
Mazda,CX-5,2010,88986,2200 cc,Automatic,Diesel,Mombasa,Foreign Used,2280000
Mercedes-Benz,C200,2011,89159,2000 cc,Automatic,Petrol,Nairobi,Foreign Used,2887500
Nissan,X-Trail,2012,89332,2000 cc,Automatic,Petrol,Nakuru,Locally Used,1487500
Honda,Fit,2013,89505,1500 cc,Manual,Petrol,Kisumu,Locally Used,1312500
BMW,X3,2014,89678,2000 cc,Automatic,Diesel,Nairobi,Foreign Used,3780000
Audi,A4,2015,89851,2000 cc,Automatic,Diesel,Mombasa,Foreign Used,3607500
Toyota,Premio,2016,90024,1800 cc,Automatic,Petrol,Nairobi,Foreign Used,1995000
Subaru,Outback,2017,90197,2500 cc,Automatic,Petrol,Nairobi,Locally Used,2340000
Mazda,CX-5,2018,90370,2200 cc,Automatic,Diesel,Mombasa,Foreign Used,2850000
Mercedes-Benz,C200,2019,90543,2000 cc,Automatic,Petrol,Nairobi,Foreign Used,3587499
Nissan,X-Trail,2020,90716,2000 cc,Automatic,Petrol,Nakuru,Locally Used,1837500
Honda,Fit,2021,90889,1500 cc,Manual,Petrol,Kisumu,Locally Used,1612500
BMW,X3,2022,91062,2000 cc,Automatic,Diesel,Nairobi,Foreign Used,4620000
Audi,A4,2008,91235,2000 cc,Automatic,Diesel,Mombasa,Foreign Used,4387500
Toyota,Premio,2009,91408,1800 cc,Automatic,Petrol,Nairobi,Foreign Used,2415000
Subaru,Outback,2010,91581,2500 cc,Automatic,Petrol,Nairobi,Locally Used,2820000
Mazda,CX-5,2011,91754,2200 cc,Automatic,Diesel,Mombasa,Foreign Used,3420000
Mercedes-Benz,C200,2012,91927,2000 cc,Automatic,Petrol,Nairobi,Foreign Used,4287500
Nissan,X-Trail,2013,92100,2000 cc,Automatic,Petrol,Nakuru,Locally Used,1312500
Honda,Fit,2014,92273,1500 cc,Manual,Petrol,Kisumu,Locally Used,1162500
BMW,X3,2015,92446,2000 cc,Automatic,Diesel,Nairobi,Foreign Used,3360000
Audi,A4,2016,92619,2000 cc,Automatic,Diesel,Mombasa,Foreign Used,3217500
Toyota,Premio,2017,92792,1800 cc,Automatic,Petrol,Nairobi,Foreign Used,1785000
Subaru,Outback,2018,92965,2500 cc,Automatic,Petrol,Nairobi,Locally Used,2100000
Mazda,CX-5,2019,93138,2200 cc,Automatic,Diesel,Mombasa,Foreign Used,2565000
Mercedes-Benz,C200,2020,93311,2000 cc,Automatic,Petrol,Nairobi,Foreign Used,3237500
Nissan,X-Trail,2021,93484,2000 cc,Automatic,Petrol,Nakuru,Locally Used,1662500
Honda,Fit,2022,93657,1500 cc,Manual,Petrol,Kisumu,Locally Used,1462500
BMW,X3,2008,93830,2000 cc,Automatic,Diesel,Nairobi,Foreign Used,4200000
Audi,A4,2009,94003,2000 cc,Automatic,Diesel,Mombasa,Foreign Used,3997499
Toyota,Premio,2010,94176,1800 cc,Automatic,Petrol,Nairobi,Foreign Used,2205000
Subaru,Outback,2011,94349,2500 cc,Automatic,Petrol,Nairobi,Locally Used,2580000
Mazda,CX-5,2012,94522,2200 cc,Automatic,Diesel,Mombasa,Foreign Used,3135000
Mercedes-Benz,C200,2013,94695,2000 cc,Automatic,Petrol,Nairobi,Foreign Used,3937500
Nissan,X-Trail,2014,94868,2000 cc,Automatic,Petrol,Nakuru,Locally Used,2012499
Honda,Fit,2015,95041,1500 cc,Manual,Petrol,Kisumu,Locally Used,1762500
BMW,X3,2016,95214,2000 cc,Automatic,Diesel,Nairobi,Foreign Used,5040000
Audi,A4,2017,95387,2000 cc,Automatic,Diesel,Mombasa,Foreign Used,4777500
Toyota,Premio,2018,95560,1800 cc,Automatic,Petrol,Nairobi,Foreign Used,1575000
Subaru,Outback,2019,95733,2500 cc,Automatic,Petrol,Nairobi,Locally Used,1860000
Mazda,CX-5,2020,95906,2200 cc,Automatic,Diesel,Mombasa,Foreign Used,2280000
Mercedes-Benz,C200,2021,96079,2000 cc,Automatic,Petrol,Nairobi,Foreign Used,2887500
Nissan,X-Trail,2022,96252,2000 cc,Automatic,Petrol,Nakuru,Locally Used,1487500
Honda,Fit,2008,96425,1500 cc,Manual,Petrol,Kisumu,Locally Used,1312500
BMW,X3,2009,96598,2000 cc,Automatic,Diesel,Nairobi,Foreign Used,3780000
Audi,A4,2010,96771,2000 cc,Automatic,Diesel,Mombasa,Foreign Used,3607500
Toyota,Premio,2011,96944,1800 cc,Automatic,Petrol,Nairobi,Foreign Used,1995000
Subaru,Outback,2012,97117,2500 cc,Automatic,Petrol,Nairobi,Locally Used,2340000
Mazda,CX-5,2013,97290,2200 cc,Automatic,Diesel,Mombasa,Foreign Used,2850000
Mercedes-Benz,C200,2014,97463,2000 cc,Automatic,Petrol,Nairobi,Foreign Used,3587499
Nissan,X-Trail,2015,97636,2000 cc,Automatic,Petrol,Nakuru,Locally Used,1837500
Honda,Fit,2016,97809,1500 cc,Manual,Petrol,Kisumu,Locally Used,1612500
BMW,X3,2017,97982,2000 cc,Automatic,Diesel,Nairobi,Foreign Used,4620000
Audi,A4,2018,98155,2000 cc,Automatic,Diesel,Mombasa,Foreign Used,4387500
Toyota,Premio,2019,98328,1800 cc,Automatic,Petrol,Nairobi,Foreign Used,2415000
Subaru,Outback,2020,98501,2500 cc,Automatic,Petrol,Nairobi,Locally Used,2820000
Mazda,CX-5,2021,98674,2200 cc,Automatic,Diesel,Mombasa,Foreign Used,3420000
Mercedes-Benz,C200,2022,98847,2000 cc,Automatic,Petrol,Nairobi,Foreign Used,4287500
Nissan,X-Trail,2008,99020,2000 cc,Automatic,Petrol,Nakuru,Locally Used,1312500
Honda,Fit,2009,99193,1500 cc,Manual,Petrol,Kisumu,Locally Used,1162500
BMW,X3,2010,99366,2000 cc,Automatic,Diesel,Nairobi,Foreign Used,3360000
Audi,A4,2011,99539,2000 cc,Automatic,Diesel,Mombasa,Foreign Used,3217500
Toyota,Premio,2012,99712,1800 cc,Automatic,Petrol,Nairobi,Foreign Used,1785000
Subaru,Outback,2013,99885,2500 cc,Automatic,Petrol,Nairobi,Locally Used,2100000
Mazda,CX-5,2014,100058,2200 cc,Automatic,Diesel,Mombasa,Foreign Used,2565000
Mercedes-Benz,C200,2015,100231,2000 cc,Automatic,Petrol,Nairobi,Foreign Used,3237500
Nissan,X-Trail,2016,100404,2000 cc,Automatic,Petrol,Nakuru,Locally Used,1662500
Honda,Fit,2017,100577,1500 cc,Manual,Petrol,Kisumu,Locally Used,1462500
BMW,X3,2018,100750,2000 cc,Automatic,Diesel,Nairobi,Foreign Used,4200000
Audi,A4,2019,100923,2000 cc,Automatic,Diesel,Mombasa,Foreign Used,3997499
Toyota,Premio,2020,101096,1800 cc,Automatic,Petrol,Nairobi,Foreign Used,2205000
Subaru,Outback,2021,101269,2500 cc,Automatic,Petrol,Nairobi,Locally Used,2580000
Mazda,CX-5,2022,101442,2200 cc,Automatic,Diesel,Mombasa,Foreign Used,3135000
Mercedes-Benz,C200,2008,101615,2000 cc,Automatic,Petrol,Nairobi,Foreign Used,3937500
Nissan,X-Trail,2009,101788,2000 cc,Automatic,Petrol,Nakuru,Locally Used,2012499
Honda,Fit,2010,101961,1500 cc,Manual,Petrol,Kisumu,Locally Used,1762500
BMW,X3,2011,102134,2000 cc,Automatic,Diesel,Nairobi,Foreign Used,5040000
Audi,A4,2012,102307,2000 cc,Automatic,Diesel,Mombasa,Foreign Used,4777500
Toyota,Premio,2013,102480,1800 cc,Automatic,Petrol,Nairobi,Foreign Used,1575000
Subaru,Outback,2014,102653,2500 cc,Automatic,Petrol,Nairobi,Locally Used,1860000
Mazda,CX-5,2015,102826,2200 cc,Automatic,Diesel,Mombasa,Foreign Used,2280000
Mercedes-Benz,C200,2016,102999,2000 cc,Automatic,Petrol,Nairobi,Foreign Used,2887500
Nissan,X-Trail,2017,103172,2000 cc,Automatic,Petrol,Nakuru,Locally Used,1487500
Honda,Fit,2018,103345,1500 cc,Manual,Petrol,Kisumu,Locally Used,1312500
BMW,X3,2019,103518,2000 cc,Automatic,Diesel,Nairobi,Foreign Used,3780000
Audi,A4,2020,103691,2000 cc,Automatic,Diesel,Mombasa,Foreign Used,3607500
Toyota,Premio,2021,103864,1800 cc,Automatic,Petrol,Nairobi,Foreign Used,1995000
Subaru,Outback,2022,104037,2500 cc,Automatic,Petrol,Nairobi,Locally Used,2340000
Mazda,CX-5,2008,104210,2200 cc,Automatic,Diesel,Mombasa,Foreign Used,2850000
Mercedes-Benz,C200,2009,104383,2000 cc,Automatic,Petrol,Nairobi,Foreign Used,3587499
Nissan,X-Trail,2010,104556,2000 cc,Automatic,Petrol,Nakuru,Locally Used,1837500
Honda,Fit,2011,104729,1500 cc,Manual,Petrol,Kisumu,Locally Used,1612500
BMW,X3,2012,104902,2000 cc,Automatic,Diesel,Nairobi,Foreign Used,4620000
Audi,A4,2013,105075,2000 cc,Automatic,Diesel,Mombasa,Foreign Used,4387500
Toyota,Premio,2014,105248,1800 cc,Automatic,Petrol,Nairobi,Foreign Used,2415000
Subaru,Outback,2015,105421,2500 cc,Automatic,Petrol,Nairobi,Locally Used,2820000
Mazda,CX-5,2016,105594,2200 cc,Automatic,Diesel,Mombasa,Foreign Used,3420000
Mercedes-Benz,C200,2017,105767,2000 cc,Automatic,Petrol,Nairobi,Foreign Used,4287500
Nissan,X-Trail,2018,105940,2000 cc,Automatic,Petrol,Nakuru,Locally Used,1312500
Honda,Fit,2019,106113,1500 cc,Manual,Petrol,Kisumu,Locally Used,1162500
BMW,X3,2020,106286,2000 cc,Automatic,Diesel,Nairobi,Foreign Used,3360000
Audi,A4,2021,106459,2000 cc,Automatic,Diesel,Mombasa,Foreign Used,3217500
Toyota,Premio,2022,106632,1800 cc,Automatic,Petrol,Nairobi,Foreign Used,1785000
Subaru,Outback,2008,106805,2500 cc,Automatic,Petrol,Nairobi,Locally Used,2100000
Mazda,CX-5,2009,106978,2200 cc,Automatic,Diesel,Mombasa,Foreign Used,2565000
Mercedes-Benz,C200,2010,107151,2000 cc,Automatic,Petrol,Nairobi,Foreign Used,3237500
Nissan,X-Trail,2011,107324,2000 cc,Automatic,Petrol,Nakuru,Locally Used,1662500
Honda,Fit,2012,107497,1500 cc,Manual,Petrol,Kisumu,Locally Used,1462500
BMW,X3,2013,107670,2000 cc,Automatic,Diesel,Nairobi,Foreign Used,4200000
Audi,A4,2014,107843,2000 cc,Automatic,Diesel,Mombasa,Foreign Used,3997499
Toyota,Premio,2015,108016,1800 cc,Automatic,Petrol,Nairobi,Foreign Used,2205000
Subaru,Outback,2016,108189,2500 cc,Automatic,Petrol,Nairobi,Locally Used,2580000
Mazda,CX-5,2017,108362,2200 cc,Automatic,Diesel,Mombasa,Foreign Used,3135000
Mercedes-Benz,C200,2018,108535,2000 cc,Automatic,Petrol,Nairobi,Foreign Used,3937500
Nissan,X-Trail,2019,108708,2000 cc,Automatic,Petrol,Nakuru,Locally Used,2012499
Honda,Fit,2020,108881,1500 cc,Manual,Petrol,Kisumu,Locally Used,1762500
BMW,X3,2021,109054,2000 cc,Automatic,Diesel,Nairobi,Foreign Used,5040000
Audi,A4,2022,109227,2000 cc,Automatic,Diesel,Mombasa,Foreign Used,4777500
Toyota,Premio,2008,109400,1800 cc,Automatic,Petrol,Nairobi,Foreign Used,1575000
Subaru,Outback,2009,109573,2500 cc,Automatic,Petrol,Nairobi,Locally Used,1860000
Mazda,CX-5,2010,109746,2200 cc,Automatic,Diesel,Mombasa,Foreign Used,2280000
Mercedes-Benz,C200,2011,109919,2000 cc,Automatic,Petrol,Nairobi,Foreign Used,2887500
Nissan,X-Trail,2012,110092,2000 cc,Automatic,Petrol,Nakuru,Locally Used,1487500
Honda,Fit,2013,110265,1500 cc,Manual,Petrol,Kisumu,Locally Used,1312500
BMW,X3,2014,110438,2000 cc,Automatic,Diesel,Nairobi,Foreign Used,3780000
Audi,A4,2015,110611,2000 cc,Automatic,Diesel,Mombasa,Foreign Used,3607500
Toyota,Premio,2016,110784,1800 cc,Automatic,Petrol,Nairobi,Foreign Used,1995000
Subaru,Outback,2017,110957,2500 cc,Automatic,Petrol,Nairobi,Locally Used,2340000
Mazda,CX-5,2018,111130,2200 cc,Automatic,Diesel,Mombasa,Foreign Used,2850000
Mercedes-Benz,C200,2019,111303,2000 cc,Automatic,Petrol,Nairobi,Foreign Used,3587499
Nissan,X-Trail,2020,111476,2000 cc,Automatic,Petrol,Nakuru,Locally Used,1837500
Honda,Fit,2021,111649,1500 cc,Manual,Petrol,Kisumu,Locally Used,1612500
BMW,X3,2022,111822,2000 cc,Automatic,Diesel,Nairobi,Foreign Used,4620000
Audi,A4,2008,111995,2000 cc,Automatic,Diesel,Mombasa,Foreign Used,4387500
Toyota,Premio,2009,112168,1800 cc,Automatic,Petrol,Nairobi,Foreign Used,2415000
Subaru,Outback,2010,112341,2500 cc,Automatic,Petrol,Nairobi,Locally Used,2820000
Mazda,CX-5,2011,112514,2200 cc,Automatic,Diesel,Mombasa,Foreign Used,3420000
Mercedes-Benz,C200,2012,112687,2000 cc,Automatic,Petrol,Nairobi,Foreign Used,4287500
Nissan,X-Trail,2013,112860,2000 cc,Automatic,Petrol,Nakuru,Locally Used,1312500
Honda,Fit,2014,113033,1500 cc,Manual,Petrol,Kisumu,Locally Used,1162500
BMW,X3,2015,113206,2000 cc,Automatic,Diesel,Nairobi,Foreign Used,3360000
Audi,A4,2016,113379,2000 cc,Automatic,Diesel,Mombasa,Foreign Used,3217500
Toyota,Premio,2017,113552,1800 cc,Automatic,Petrol,Nairobi,Foreign Used,1785000
Subaru,Outback,2018,113725,2500 cc,Automatic,Petrol,Nairobi,Locally Used,2100000
Mazda,CX-5,2019,113898,2200 cc,Automatic,Diesel,Mombasa,Foreign Used,2565000
Mercedes-Benz,C200,2020,114071,2000 cc,Automatic,Petrol,Nairobi,Foreign Used,3237500
Nissan,X-Trail,2021,114244,2000 cc,Automatic,Petrol,Nakuru,Locally Used,1662500
Honda,Fit,2022,114417,1500 cc,Manual,Petrol,Kisumu,Locally Used,1462500
BMW,X3,2008,114590,2000 cc,Automatic,Diesel,Nairobi,Foreign Used,4200000
Audi,A4,2009,114763,2000 cc,Automatic,Diesel,Mombasa,Foreign Used,3997499
Toyota,Premio,2010,114936,1800 cc,Automatic,Petrol,Nairobi,Foreign Used,2205000
Subaru,Outback,2011,115109,2500 cc,Automatic,Petrol,Nairobi,Locally Used,2580000
Mazda,CX-5,2012,115282,2200 cc,Automatic,Diesel,Mombasa,Foreign Used,3135000
Mercedes-Benz,C200,2013,115455,2000 cc,Automatic,Petrol,Nairobi,Foreign Used,3937500
Nissan,X-Trail,2014,115628,2000 cc,Automatic,Petrol,Nakuru,Locally Used,2012499
Honda,Fit,2015,115801,1500 cc,Manual,Petrol,Kisumu,Locally Used,1762500
BMW,X3,2016,115974,2000 cc,Automatic,Diesel,Nairobi,Foreign Used,5040000
Audi,A4,2017,116147,2000 cc,Automatic,Diesel,Mombasa,Foreign Used,4777500
Toyota,Premio,2018,116320,1800 cc,Automatic,Petrol,Nairobi,Foreign Used,1575000
Subaru,Outback,2019,116493,2500 cc,Automatic,Petrol,Nairobi,Locally Used,1860000
Mazda,CX-5,2020,116666,2200 cc,Automatic,Diesel,Mombasa,Foreign Used,2280000
Mercedes-Benz,C200,2021,116839,2000 cc,Automatic,Petrol,Nairobi,Foreign Used,2887500
Nissan,X-Trail,2022,117012,2000 cc,Automatic,Petrol,Nakuru,Locally Used,1487500
Honda,Fit,2008,117185,1500 cc,Manual,Petrol,Kisumu,Locally Used,1312500
BMW,X3,2009,117358,2000 cc,Automatic,Diesel,Nairobi,Foreign Used,3780000
Audi,A4,2010,117531,2000 cc,Automatic,Diesel,Mombasa,Foreign Used,3607500
Toyota,Premio,2011,117704,1800 cc,Automatic,Petrol,Nairobi,Foreign Used,1995000
Subaru,Outback,2012,117877,2500 cc,Automatic,Petrol,Nairobi,Locally Used,2340000
Mazda,CX-5,2013,118050,2200 cc,Automatic,Diesel,Mombasa,Foreign Used,2850000
Mercedes-Benz,C200,2014,118223,2000 cc,Automatic,Petrol,Nairobi,Foreign Used,3587499
Nissan,X-Trail,2015,118396,2000 cc,Automatic,Petrol,Nakuru,Locally Used,1837500
Honda,Fit,2016,118569,1500 cc,Manual,Petrol,Kisumu,Locally Used,1612500
BMW,X3,2017,118742,2000 cc,Automatic,Diesel,Nairobi,Foreign Used,4620000
Audi,A4,2018,118915,2000 cc,Automatic,Diesel,Mombasa,Foreign Used,4387500
Toyota,Premio,2019,119088,1800 cc,Automatic,Petrol,Nairobi,Foreign Used,2415000
Subaru,Outback,2020,119261,2500 cc,Automatic,Petrol,Nairobi,Locally Used,2820000
Mazda,CX-5,2021,119434,2200 cc,Automatic,Diesel,Mombasa,Foreign Used,3420000
Mercedes-Benz,C200,2022,119607,2000 cc,Automatic,Petrol,Nairobi,Foreign Used,4287500
Nissan,X-Trail,2008,119780,2000 cc,Automatic,Petrol,Nakuru,Locally Used,1312500
Honda,Fit,2009,119953,1500 cc,Manual,Petrol,Kisumu,Locally Used,1162500
BMW,X3,2010,120126,2000 cc,Automatic,Diesel,Nairobi,Foreign Used,3360000
Audi,A4,2011,120299,2000 cc,Automatic,Diesel,Mombasa,Foreign Used,3217500
Toyota,Premio,2012,120472,1800 cc,Automatic,Petrol,Nairobi,Foreign Used,1785000
Subaru,Outback,2013,120645,2500 cc,Automatic,Petrol,Nairobi,Locally Used,2100000
Mazda,CX-5,2014,120818,2200 cc,Automatic,Diesel,Mombasa,Foreign Used,2565000
Mercedes-Benz,C200,2015,120991,2000 cc,Automatic,Petrol,Nairobi,Foreign Used,3237500
Nissan,X-Trail,2016,121164,2000 cc,Automatic,Petrol,Nakuru,Locally Used,1662500
Honda,Fit,2017,121337,1500 cc,Manual,Petrol,Kisumu,Locally Used,1462500
BMW,X3,2018,121510,2000 cc,Automatic,Diesel,Nairobi,Foreign Used,4200000
Audi,A4,2019,121683,2000 cc,Automatic,Diesel,Mombasa,Foreign Used,3997499
Toyota,Premio,2020,121856,1800 cc,Automatic,Petrol,Nairobi,Foreign Used,2205000
Subaru,Outback,2021,122029,2500 cc,Automatic,Petrol,Nairobi,Locally Used,2580000
Mazda,CX-5,2022,122202,2200 cc,Automatic,Diesel,Mombasa,Foreign Used,3135000
Mercedes-Benz,C200,2008,122375,2000 cc,Automatic,Petrol,Nairobi,Foreign Used,3937500
Nissan,X-Trail,2009,122548,2000 cc,Automatic,Petrol,Nakuru,Locally Used,2012499
Honda,Fit,2010,122721,1500 cc,Manual,Petrol,Kisumu,Locally Used,1762500
BMW,X3,2011,122894,2000 cc,Automatic,Diesel,Nairobi,Foreign Used,5040000
Audi,A4,2012,123067,2000 cc,Automatic,Diesel,Mombasa,Foreign Used,4777500
Toyota,Premio,2013,123240,1800 cc,Automatic,Petrol,Nairobi,Foreign Used,1575000
Subaru,Outback,2014,123413,2500 cc,Automatic,Petrol,Nairobi,Locally Used,1860000
Mazda,CX-5,2015,123586,2200 cc,Automatic,Diesel,Mombasa,Foreign Used,2280000
Mercedes-Benz,C200,2016,123759,2000 cc,Automatic,Petrol,Nairobi,Foreign Used,2887500
Nissan,X-Trail,2017,123932,2000 cc,Automatic,Petrol,Nakuru,Locally Used,1487500
Honda,Fit,2018,124105,1500 cc,Manual,Petrol,Kisumu,Locally Used,1312500
BMW,X3,2019,124278,2000 cc,Automatic,Diesel,Nairobi,Foreign Used,3780000
Audi,A4,2020,124451,2000 cc,Automatic,Diesel,Mombasa,Foreign Used,3607500
Toyota,Premio,2021,124624,1800 cc,Automatic,Petrol,Nairobi,Foreign Used,1995000
Subaru,Outback,2022,124797,2500 cc,Automatic,Petrol,Nairobi,Locally Used,2340000
Mazda,CX-5,2008,124970,2200 cc,Automatic,Diesel,Mombasa,Foreign Used,2850000
Mercedes-Benz,C200,2009,125143,2000 cc,Automatic,Petrol,Nairobi,Foreign Used,3587499
Nissan,X-Trail,2010,125316,2000 cc,Automatic,Petrol,Nakuru,Locally Used,1837500
Honda,Fit,2011,125489,1500 cc,Manual,Petrol,Kisumu,Locally Used,1612500
BMW,X3,2012,125662,2000 cc,Automatic,Diesel,Nairobi,Foreign Used,4620000
Audi,A4,2013,125835,2000 cc,Automatic,Diesel,Mombasa,Foreign Used,4387500
Toyota,Premio,2014,126008,1800 cc,Automatic,Petrol,Nairobi,Foreign Used,2415000
Subaru,Outback,2015,126181,2500 cc,Automatic,Petrol,Nairobi,Locally Used,2820000
Mazda,CX-5,2016,126354,2200 cc,Automatic,Diesel,Mombasa,Foreign Used,3420000
Mercedes-Benz,C200,2017,126527,2000 cc,Automatic,Petrol,Nairobi,Foreign Used,4287500
Nissan,X-Trail,2018,126700,2000 cc,Automatic,Petrol,Nakuru,Locally Used,1312500
Honda,Fit,2019,126873,1500 cc,Manual,Petrol,Kisumu,Locally Used,1162500
BMW,X3,2020,127046,2000 cc,Automatic,Diesel,Nairobi,Foreign Used,3360000
Audi,A4,2021,127219,2000 cc,Automatic,Diesel,Mombasa,Foreign Used,3217500
Toyota,Premio,2022,127392,1800 cc,Automatic,Petrol,Nairobi,Foreign Used,1785000
Subaru,Outback,2008,127565,2500 cc,Automatic,Petrol,Nairobi,Locally Used,2100000
Mazda,CX-5,2009,127738,2200 cc,Automatic,Diesel,Mombasa,Foreign Used,2565000
Mercedes-Benz,C200,2010,127911,2000 cc,Automatic,Petrol,Nairobi,Foreign Used,3237500
Nissan,X-Trail,2011,128084,2000 cc,Automatic,Petrol,Nakuru,Locally Used,1662500
Honda,Fit,2012,128257,1500 cc,Manual,Petrol,Kisumu,Locally Used,1462500
BMW,X3,2013,128430,2000 cc,Automatic,Diesel,Nairobi,Foreign Used,4200000
Audi,A4,2014,128603,2000 cc,Automatic,Diesel,Mombasa,Foreign Used,3997499
Toyota,Premio,2015,128776,1800 cc,Automatic,Petrol,Nairobi,Foreign Used,2205000
Subaru,Outback,2016,128949,2500 cc,Automatic,Petrol,Nairobi,Locally Used,2580000
Mazda,CX-5,2017,129122,2200 cc,Automatic,Diesel,Mombasa,Foreign Used,3135000
Mercedes-Benz,C200,2018,129295,2000 cc,Automatic,Petrol,Nairobi,Foreign Used,3937500
Nissan,X-Trail,2019,129468,2000 cc,Automatic,Petrol,Nakuru,Locally Used,2012499
Honda,Fit,2020,129641,1500 cc,Manual,Petrol,Kisumu,Locally Used,1762500
BMW,X3,2021,129814,2000 cc,Automatic,Diesel,Nairobi,Foreign Used,5040000
Audi,A4,2022,129987,2000 cc,Automatic,Diesel,Mombasa,Foreign Used,4777500
Toyota,Premio,2008,130160,1800 cc,Automatic,Petrol,Nairobi,Foreign Used,1575000
Subaru,Outback,2009,130333,2500 cc,Automatic,Petrol,Nairobi,Locally Used,1860000
Mazda,CX-5,2010,130506,2200 cc,Automatic,Diesel,Mombasa,Foreign Used,2280000
Mercedes-Benz,C200,2011,130679,2000 cc,Automatic,Petrol,Nairobi,Foreign Used,2887500
Nissan,X-Trail,2012,130852,2000 cc,Automatic,Petrol,Nakuru,Locally Used,1487500
Honda,Fit,2013,131025,1500 cc,Manual,Petrol,Kisumu,Locally Used,1312500
BMW,X3,2014,131198,2000 cc,Automatic,Diesel,Nairobi,Foreign Used,3780000
Audi,A4,2015,131371,2000 cc,Automatic,Diesel,Mombasa,Foreign Used,3607500
Toyota,Premio,2016,131544,1800 cc,Automatic,Petrol,Nairobi,Foreign Used,1995000
Subaru,Outback,2017,131717,2500 cc,Automatic,Petrol,Nairobi,Locally Used,2340000
Mazda,CX-5,2018,131890,2200 cc,Automatic,Diesel,Mombasa,Foreign Used,2850000
Mercedes-Benz,C200,2019,132063,2000 cc,Automatic,Petrol,Nairobi,Foreign Used,3587499
Nissan,X-Trail,2020,132236,2000 cc,Automatic,Petrol,Nakuru,Locally Used,1837500
Honda,Fit,2021,132409,1500 cc,Manual,Petrol,Kisumu,Locally Used,1612500
BMW,X3,2022,132582,2000 cc,Automatic,Diesel,Nairobi,Foreign Used,4620000
Audi,A4,2008,132755,2000 cc,Automatic,Diesel,Mombasa,Foreign Used,4387500
Toyota,Premio,2009,132928,1800 cc,Automatic,Petrol,Nairobi,Foreign Used,2415000
Subaru,Outback,2010,133101,2500 cc,Automatic,Petrol,Nairobi,Locally Used,2820000
Mazda,CX-5,2011,133274,2200 cc,Automatic,Diesel,Mombasa,Foreign Used,3420000
Mercedes-Benz,C200,2012,133447,2000 cc,Automatic,Petrol,Nairobi,Foreign Used,4287500
Nissan,X-Trail,2013,133620,2000 cc,Automatic,Petrol,Nakuru,Locally Used,1312500
Honda,Fit,2014,133793,1500 cc,Manual,Petrol,Kisumu,Locally Used,1162500
BMW,X3,2015,133966,2000 cc,Automatic,Diesel,Nairobi,Foreign Used,3360000
Audi,A4,2016,134139,2000 cc,Automatic,Diesel,Mombasa,Foreign Used,3217500
Toyota,Premio,2017,134312,1800 cc,Automatic,Petrol,Nairobi,Foreign Used,1785000
Subaru,Outback,2018,134485,2500 cc,Automatic,Petrol,Nairobi,Locally Used,2100000
Mazda,CX-5,2019,134658,2200 cc,Automatic,Diesel,Mombasa,Foreign Used,2565000
Mercedes-Benz,C200,2020,134831,2000 cc,Automatic,Petrol,Nairobi,Foreign Used,3237500
Nissan,X-Trail,2021,135004,2000 cc,Automatic,Petrol,Nakuru,Locally Used,1662500
Honda,Fit,2022,135177,1500 cc,Manual,Petrol,Kisumu,Locally Used,1462500
BMW,X3,2008,135350,2000 cc,Automatic,Diesel,Nairobi,Foreign Used,4200000
Audi,A4,2009,135523,2000 cc,Automatic,Diesel,Mombasa,Foreign Used,3997499
Toyota,Premio,2010,135696,1800 cc,Automatic,Petrol,Nairobi,Foreign Used,2205000
Subaru,Outback,2011,135869,2500 cc,Automatic,Petrol,Nairobi,Locally Used,2580000
Mazda,CX-5,2012,136042,2200 cc,Automatic,Diesel,Mombasa,Foreign Used,3135000
Mercedes-Benz,C200,2013,136215,2000 cc,Automatic,Petrol,Nairobi,Foreign Used,3937500
Nissan,X-Trail,2014,136388,2000 cc,Automatic,Petrol,Nakuru,Locally Used,2012499
Honda,Fit,2015,136561,1500 cc,Manual,Petrol,Kisumu,Locally Used,1762500
BMW,X3,2016,136734,2000 cc,Automatic,Diesel,Nairobi,Foreign Used,5040000
Audi,A4,2017,136907,2000 cc,Automatic,Diesel,Mombasa,Foreign Used,4777500
Toyota,Premio,2018,137080,1800 cc,Automatic,Petrol,Nairobi,Foreign Used,1575000
Subaru,Outback,2019,137253,2500 cc,Automatic,Petrol,Nairobi,Locally Used,1860000
Mazda,CX-5,2020,137426,2200 cc,Automatic,Diesel,Mombasa,Foreign Used,2280000
Mercedes-Benz,C200,2021,137599,2000 cc,Automatic,Petrol,Nairobi,Foreign Used,2887500
Nissan,X-Trail,2022,137772,2000 cc,Automatic,Petrol,Nakuru,Locally Used,1487500
Honda,Fit,2008,137945,1500 cc,Manual,Petrol,Kisumu,Locally Used,1312500
BMW,X3,2009,138118,2000 cc,Automatic,Diesel,Nairobi,Foreign Used,3780000
Audi,A4,2010,138291,2000 cc,Automatic,Diesel,Mombasa,Foreign Used,3607500
Toyota,Premio,2011,138464,1800 cc,Automatic,Petrol,Nairobi,Foreign Used,1995000
Subaru,Outback,2012,138637,2500 cc,Automatic,Petrol,Nairobi,Locally Used,2340000
Mazda,CX-5,2013,138810,2200 cc,Automatic,Diesel,Mombasa,Foreign Used,2850000
Mercedes-Benz,C200,2014,138983,2000 cc,Automatic,Petrol,Nairobi,Foreign Used,3587499
Nissan,X-Trail,2015,139156,2000 cc,Automatic,Petrol,Nakuru,Locally Used,1837500
Honda,Fit,2016,139329,1500 cc,Manual,Petrol,Kisumu,Locally Used,1612500
BMW,X3,2017,139502,2000 cc,Automatic,Diesel,Nairobi,Foreign Used,4620000
Audi,A4,2018,139675,2000 cc,Automatic,Diesel,Mombasa,Foreign Used,4387500
Toyota,Premio,2019,139848,1800 cc,Automatic,Petrol,Nairobi,Foreign Used,2415000
Subaru,Outback,2020,140021,2500 cc,Automatic,Petrol,Nairobi,Locally Used,2820000
Mazda,CX-5,2021,140194,2200 cc,Automatic,Diesel,Mombasa,Foreign Used,3420000
Mercedes-Benz,C200,2022,140367,2000 cc,Automatic,Petrol,Nairobi,Foreign Used,4287500
Nissan,X-Trail,2008,140540,2000 cc,Automatic,Petrol,Nakuru,Locally Used,1312500
Honda,Fit,2009,140713,1500 cc,Manual,Petrol,Kisumu,Locally Used,1162500
BMW,X3,2010,140886,2000 cc,Automatic,Diesel,Nairobi,Foreign Used,3360000
Audi,A4,2011,141059,2000 cc,Automatic,Diesel,Mombasa,Foreign Used,3217500
Toyota,Premio,2012,141232,1800 cc,Automatic,Petrol,Nairobi,Foreign Used,1785000
Subaru,Outback,2013,141405,2500 cc,Automatic,Petrol,Nairobi,Locally Used,2100000
Mazda,CX-5,2014,141578,2200 cc,Automatic,Diesel,Mombasa,Foreign Used,2565000
Mercedes-Benz,C200,2015,141751,2000 cc,Automatic,Petrol,Nairobi,Foreign Used,3237500
Nissan,X-Trail,2016,141924,2000 cc,Automatic,Petrol,Nakuru,Locally Used,1662500
Honda,Fit,2017,142097,1500 cc,Manual,Petrol,Kisumu,Locally Used,1462500
BMW,X3,2018,142270,2000 cc,Automatic,Diesel,Nairobi,Foreign Used,4200000
Audi,A4,2019,142443,2000 cc,Automatic,Diesel,Mombasa,Foreign Used,3997499
Toyota,Premio,2020,142616,1800 cc,Automatic,Petrol,Nairobi,Foreign Used,2205000
Subaru,Outback,2021,142789,2500 cc,Automatic,Petrol,Nairobi,Locally Used,2580000
Mazda,CX-5,2022,142962,2200 cc,Automatic,Diesel,Mombasa,Foreign Used,3135000
Mercedes-Benz,C200,2008,143135,2000 cc,Automatic,Petrol,Nairobi,Foreign Used,3937500
Nissan,X-Trail,2009,143308,2000 cc,Automatic,Petrol,Nakuru,Locally Used,2012499
Honda,Fit,2010,143481,1500 cc,Manual,Petrol,Kisumu,Locally Used,1762500
BMW,X3,2011,143654,2000 cc,Automatic,Diesel,Nairobi,Foreign Used,5040000
Audi,A4,2012,143827,2000 cc,Automatic,Diesel,Mombasa,Foreign Used,4777500
Toyota,Premio,2013,144000,1800 cc,Automatic,Petrol,Nairobi,Foreign Used,1575000
Subaru,Outback,2014,144173,2500 cc,Automatic,Petrol,Nairobi,Locally Used,1860000
Mazda,CX-5,2015,144346,2200 cc,Automatic,Diesel,Mombasa,Foreign Used,2280000
Mercedes-Benz,C200,2016,144519,2000 cc,Automatic,Petrol,Nairobi,Foreign Used,2887500
Nissan,X-Trail,2017,144692,2000 cc,Automatic,Petrol,Nakuru,Locally Used,1487500
Honda,Fit,2018,144865,1500 cc,Manual,Petrol,Kisumu,Locally Used,1312500
BMW,X3,2019,145038,2000 cc,Automatic,Diesel,Nairobi,Foreign Used,3780000
Audi,A4,2020,145211,2000 cc,Automatic,Diesel,Mombasa,Foreign Used,3607500
Toyota,Premio,2021,145384,1800 cc,Automatic,Petrol,Nairobi,Foreign Used,1995000
Subaru,Outback,2022,145557,2500 cc,Automatic,Petrol,Nairobi,Locally Used,2340000
Mazda,CX-5,2008,145730,2200 cc,Automatic,Diesel,Mombasa,Foreign Used,2850000
Mercedes-Benz,C200,2009,145903,2000 cc,Automatic,Petrol,Nairobi,Foreign Used,3587499
Nissan,X-Trail,2010,146076,2000 cc,Automatic,Petrol,Nakuru,Locally Used,1837500
Honda,Fit,2011,146249,1500 cc,Manual,Petrol,Kisumu,Locally Used,1612500
BMW,X3,2012,146422,2000 cc,Automatic,Diesel,Nairobi,Foreign Used,4620000
Audi,A4,2013,146595,2000 cc,Automatic,Diesel,Mombasa,Foreign Used,4387500
Toyota,Premio,2014,146768,1800 cc,Automatic,Petrol,Nairobi,Foreign Used,2415000
Subaru,Outback,2015,146941,2500 cc,Automatic,Petrol,Nairobi,Locally Used,2820000
Mazda,CX-5,2016,147114,2200 cc,Automatic,Diesel,Mombasa,Foreign Used,3420000
Mercedes-Benz,C200,2017,147287,2000 cc,Automatic,Petrol,Nairobi,Foreign Used,4287500
Nissan,X-Trail,2018,147460,2000 cc,Automatic,Petrol,Nakuru,Locally Used,1312500
Honda,Fit,2019,147633,1500 cc,Manual,Petrol,Kisumu,Locally Used,1162500
BMW,X3,2020,147806,2000 cc,Automatic,Diesel,Nairobi,Foreign Used,3360000
Audi,A4,2021,147979,2000 cc,Automatic,Diesel,Mombasa,Foreign Used,3217500
Toyota,Premio,2022,148152,1800 cc,Automatic,Petrol,Nairobi,Foreign Used,1785000
Subaru,Outback,2008,148325,2500 cc,Automatic,Petrol,Nairobi,Locally Used,2100000
Mazda,CX-5,2009,148498,2200 cc,Automatic,Diesel,Mombasa,Foreign Used,2565000
Mercedes-Benz,C200,2010,148671,2000 cc,Automatic,Petrol,Nairobi,Foreign Used,3237500
Nissan,X-Trail,2011,148844,2000 cc,Automatic,Petrol,Nakuru,Locally Used,1662500
Honda,Fit,2012,149017,1500 cc,Manual,Petrol,Kisumu,Locally Used,1462500
BMW,X3,2013,149190,2000 cc,Automatic,Diesel,Nairobi,Foreign Used,4200000
Audi,A4,2014,149363,2000 cc,Automatic,Diesel,Mombasa,Foreign Used,3997499
Toyota,Premio,2015,149536,1800 cc,Automatic,Petrol,Nairobi,Foreign Used,2205000
Subaru,Outback,2016,149709,2500 cc,Automatic,Petrol,Nairobi,Locally Used,2580000
Mazda,CX-5,2017,149882,2200 cc,Automatic,Diesel,Mombasa,Foreign Used,3135000
Mercedes-Benz,C200,2018,150055,2000 cc,Automatic,Petrol,Nairobi,Foreign Used,3937500
Nissan,X-Trail,2019,150228,2000 cc,Automatic,Petrol,Nakuru,Locally Used,2012499
Honda,Fit,2020,150401,1500 cc,Manual,Petrol,Kisumu,Locally Used,1762500
BMW,X3,2021,150574,2000 cc,Automatic,Diesel,Nairobi,Foreign Used,5040000
Audi,A4,2022,150747,2000 cc,Automatic,Diesel,Mombasa,Foreign Used,4777500
Toyota,Premio,2008,150920,1800 cc,Automatic,Petrol,Nairobi,Foreign Used,1575000
Subaru,Outback,2009,151093,2500 cc,Automatic,Petrol,Nairobi,Locally Used,1860000
Mazda,CX-5,2010,151266,2200 cc,Automatic,Diesel,Mombasa,Foreign Used,2280000
Mercedes-Benz,C200,2011,151439,2000 cc,Automatic,Petrol,Nairobi,Foreign Used,2887500
Nissan,X-Trail,2012,151612,2000 cc,Automatic,Petrol,Nakuru,Locally Used,1487500
Honda,Fit,2013,151785,1500 cc,Manual,Petrol,Kisumu,Locally Used,1312500
BMW,X3,2014,151958,2000 cc,Automatic,Diesel,Nairobi,Foreign Used,3780000
Audi,A4,2015,152131,2000 cc,Automatic,Diesel,Mombasa,Foreign Used,3607500
Toyota,Premio,2016,152304,1800 cc,Automatic,Petrol,Nairobi,Foreign Used,1995000
Subaru,Outback,2017,152477,2500 cc,Automatic,Petrol,Nairobi,Locally Used,2340000
Mazda,CX-5,2018,152650,2200 cc,Automatic,Diesel,Mombasa,Foreign Used,2850000
Mercedes-Benz,C200,2019,152823,2000 cc,Automatic,Petrol,Nairobi,Foreign Used,3587499
Nissan,X-Trail,2020,152996,2000 cc,Automatic,Petrol,Nakuru,Locally Used,1837500
Honda,Fit,2021,153169,1500 cc,Manual,Petrol,Kisumu,Locally Used,1612500
BMW,X3,2022,153342,2000 cc,Automatic,Diesel,Nairobi,Foreign Used,4620000
Audi,A4,2008,153515,2000 cc,Automatic,Diesel,Mombasa,Foreign Used,4387500
Toyota,Premio,2009,153688,1800 cc,Automatic,Petrol,Nairobi,Foreign Used,2415000
Subaru,Outback,2010,153861,2500 cc,Automatic,Petrol,Nairobi,Locally Used,2820000
Mazda,CX-5,2011,154034,2200 cc,Automatic,Diesel,Mombasa,Foreign Used,3420000
Mercedes-Benz,C200,2012,154207,2000 cc,Automatic,Petrol,Nairobi,Foreign Used,4287500
Nissan,X-Trail,2013,154380,2000 cc,Automatic,Petrol,Nakuru,Locally Used,1312500
Honda,Fit,2014,154553,1500 cc,Manual,Petrol,Kisumu,Locally Used,1162500
BMW,X3,2015,154726,2000 cc,Automatic,Diesel,Nairobi,Foreign Used,3360000
Audi,A4,2016,154899,2000 cc,Automatic,Diesel,Mombasa,Foreign Used,3217500
Toyota,Premio,2017,155072,1800 cc,Automatic,Petrol,Nairobi,Foreign Used,1785000
Subaru,Outback,2018,155245,2500 cc,Automatic,Petrol,Nairobi,Locally Used,2100000
Mazda,CX-5,2019,155418,2200 cc,Automatic,Diesel,Mombasa,Foreign Used,2565000
Mercedes-Benz,C200,2020,155591,2000 cc,Automatic,Petrol,Nairobi,Foreign Used,3237500
Nissan,X-Trail,2021,155764,2000 cc,Automatic,Petrol,Nakuru,Locally Used,1662500
Honda,Fit,2022,155937,1500 cc,Manual,Petrol,Kisumu,Locally Used,1462500
BMW,X3,2008,156110,2000 cc,Automatic,Diesel,Nairobi,Foreign Used,4200000
Audi,A4,2009,156283,2000 cc,Automatic,Diesel,Mombasa,Foreign Used,3997499
Toyota,Premio,2010,156456,1800 cc,Automatic,Petrol,Nairobi,Foreign Used,2205000
Subaru,Outback,2011,156629,2500 cc,Automatic,Petrol,Nairobi,Locally Used,2580000
Mazda,CX-5,2012,156802,2200 cc,Automatic,Diesel,Mombasa,Foreign Used,3135000
Mercedes-Benz,C200,2013,156975,2000 cc,Automatic,Petrol,Nairobi,Foreign Used,3937500
Nissan,X-Trail,2014,157148,2000 cc,Automatic,Petrol,Nakuru,Locally Used,2012499
Honda,Fit,2015,157321,1500 cc,Manual,Petrol,Kisumu,Locally Used,1762500
BMW,X3,2016,157494,2000 cc,Automatic,Diesel,Nairobi,Foreign Used,5040000
Audi,A4,2017,157667,2000 cc,Automatic,Diesel,Mombasa,Foreign Used,4777500
Toyota,Premio,2018,157840,1800 cc,Automatic,Petrol,Nairobi,Foreign Used,1575000
Subaru,Outback,2019,158013,2500 cc,Automatic,Petrol,Nairobi,Locally Used,1860000
Mazda,CX-5,2020,158186,2200 cc,Automatic,Diesel,Mombasa,Foreign Used,2280000
Mercedes-Benz,C200,2021,158359,2000 cc,Automatic,Petrol,Nairobi,Foreign Used,2887500
Nissan,X-Trail,2022,158532,2000 cc,Automatic,Petrol,Nakuru,Locally Used,1487500
Honda,Fit,2008,158705,1500 cc,Manual,Petrol,Kisumu,Locally Used,1312500
BMW,X3,2009,158878,2000 cc,Automatic,Diesel,Nairobi,Foreign Used,3780000
Audi,A4,2010,159051,2000 cc,Automatic,Diesel,Mombasa,Foreign Used,3607500
Toyota,Premio,2011,159224,1800 cc,Automatic,Petrol,Nairobi,Foreign Used,1995000
Subaru,Outback,2012,159397,2500 cc,Automatic,Petrol,Nairobi,Locally Used,2340000
Mazda,CX-5,2013,159570,2200 cc,Automatic,Diesel,Mombasa,Foreign Used,2850000
Mercedes-Benz,C200,2014,159743,2000 cc,Automatic,Petrol,Nairobi,Foreign Used,3587499
Nissan,X-Trail,2015,159916,2000 cc,Automatic,Petrol,Nakuru,Locally Used,1837500
Honda,Fit,2016,160089,1500 cc,Manual,Petrol,Kisumu,Locally Used,1612500
BMW,X3,2017,160262,2000 cc,Automatic,Diesel,Nairobi,Foreign Used,4620000
Audi,A4,2018,160435,2000 cc,Automatic,Diesel,Mombasa,Foreign Used,4387500
Toyota,Premio,2019,160608,1800 cc,Automatic,Petrol,Nairobi,Foreign Used,2415000
Subaru,Outback,2020,160781,2500 cc,Automatic,Petrol,Nairobi,Locally Used,2820000
Mazda,CX-5,2021,160954,2200 cc,Automatic,Diesel,Mombasa,Foreign Used,3420000
Mercedes-Benz,C200,2022,161127,2000 cc,Automatic,Petrol,Nairobi,Foreign Used,4287500
Nissan,X-Trail,2008,161300,2000 cc,Automatic,Petrol,Nakuru,Locally Used,1312500
Honda,Fit,2009,161473,1500 cc,Manual,Petrol,Kisumu,Locally Used,1162500
BMW,X3,2010,161646,2000 cc,Automatic,Diesel,Nairobi,Foreign Used,3360000
Audi,A4,2011,161819,2000 cc,Automatic,Diesel,Mombasa,Foreign Used,3217500
Toyota,Premio,2012,161992,1800 cc,Automatic,Petrol,Nairobi,Foreign Used,1785000
Subaru,Outback,2013,162165,2500 cc,Automatic,Petrol,Nairobi,Locally Used,2100000
Mazda,CX-5,2014,162338,2200 cc,Automatic,Diesel,Mombasa,Foreign Used,2565000
Mercedes-Benz,C200,2015,162511,2000 cc,Automatic,Petrol,Nairobi,Foreign Used,3237500
Nissan,X-Trail,2016,162684,2000 cc,Automatic,Petrol,Nakuru,Locally Used,1662500
Honda,Fit,2017,162857,1500 cc,Manual,Petrol,Kisumu,Locally Used,1462500
BMW,X3,2018,163030,2000 cc,Automatic,Diesel,Nairobi,Foreign Used,4200000
Audi,A4,2019,163203,2000 cc,Automatic,Diesel,Mombasa,Foreign Used,3997499
Toyota,Premio,2020,163376,1800 cc,Automatic,Petrol,Nairobi,Foreign Used,2205000
Subaru,Outback,2021,163549,2500 cc,Automatic,Petrol,Nairobi,Locally Used,2580000
Mazda,CX-5,2022,163722,2200 cc,Automatic,Diesel,Mombasa,Foreign Used,3135000
Mercedes-Benz,C200,2008,163895,2000 cc,Automatic,Petrol,Nairobi,Foreign Used,3937500
Nissan,X-Trail,2009,164068,2000 cc,Automatic,Petrol,Nakuru,Locally Used,2012499
Honda,Fit,2010,164241,1500 cc,Manual,Petrol,Kisumu,Locally Used,1762500
BMW,X3,2011,164414,2000 cc,Automatic,Diesel,Nairobi,Foreign Used,5040000
Audi,A4,2012,164587,2000 cc,Automatic,Diesel,Mombasa,Foreign Used,4777500
Toyota,Premio,2013,164760,1800 cc,Automatic,Petrol,Nairobi,Foreign Used,1575000
Subaru,Outback,2014,164933,2500 cc,Automatic,Petrol,Nairobi,Locally Used,1860000
Mazda,CX-5,2015,165106,2200 cc,Automatic,Diesel,Mombasa,Foreign Used,2280000
Mercedes-Benz,C200,2016,165279,2000 cc,Automatic,Petrol,Nairobi,Foreign Used,2887500
Nissan,X-Trail,2017,165452,2000 cc,Automatic,Petrol,Nakuru,Locally Used,1487500
Honda,Fit,2018,165625,1500 cc,Manual,Petrol,Kisumu,Locally Used,1312500
BMW,X3,2019,165798,2000 cc,Automatic,Diesel,Nairobi,Foreign Used,3780000
Audi,A4,2020,165971,2000 cc,Automatic,Diesel,Mombasa,Foreign Used,3607500
Toyota,Premio,2021,166144,1800 cc,Automatic,Petrol,Nairobi,Foreign Used,1995000
Subaru,Outback,2022,166317,2500 cc,Automatic,Petrol,Nairobi,Locally Used,2340000
Mazda,CX-5,2008,166490,2200 cc,Automatic,Diesel,Mombasa,Foreign Used,2850000
Mercedes-Benz,C200,2009,166663,2000 cc,Automatic,Petrol,Nairobi,Foreign Used,3587499
Nissan,X-Trail,2010,166836,2000 cc,Automatic,Petrol,Nakuru,Locally Used,1837500
Honda,Fit,2011,167009,1500 cc,Manual,Petrol,Kisumu,Locally Used,1612500
BMW,X3,2012,167182,2000 cc,Automatic,Diesel,Nairobi,Foreign Used,4620000
Audi,A4,2013,167355,2000 cc,Automatic,Diesel,Mombasa,Foreign Used,4387500
Toyota,Premio,2014,167528,1800 cc,Automatic,Petrol,Nairobi,Foreign Used,2415000
Subaru,Outback,2015,167701,2500 cc,Automatic,Petrol,Nairobi,Locally Used,2820000
Mazda,CX-5,2016,167874,2200 cc,Automatic,Diesel,Mombasa,Foreign Used,3420000
Mercedes-Benz,C200,2017,168047,2000 cc,Automatic,Petrol,Nairobi,Foreign Used,4287500
Nissan,X-Trail,2018,168220,2000 cc,Automatic,Petrol,Nakuru,Locally Used,1312500
Honda,Fit,2019,168393,1500 cc,Manual,Petrol,Kisumu,Locally Used,1162500
BMW,X3,2020,168566,2000 cc,Automatic,Diesel,Nairobi,Foreign Used,3360000
Audi,A4,2021,168739,2000 cc,Automatic,Diesel,Mombasa,Foreign Used,3217500
Toyota,Premio,2022,168912,1800 cc,Automatic,Petrol,Nairobi,Foreign Used,1785000
Subaru,Outback,2008,169085,2500 cc,Automatic,Petrol,Nairobi,Locally Used,2100000
Mazda,CX-5,2009,169258,2200 cc,Automatic,Diesel,Mombasa,Foreign Used,2565000
Mercedes-Benz,C200,2010,169431,2000 cc,Automatic,Petrol,Nairobi,Foreign Used,3237500
Nissan,X-Trail,2011,169604,2000 cc,Automatic,Petrol,Nakuru,Locally Used,1662500
Honda,Fit,2012,169777,1500 cc,Manual,Petrol,Kisumu,Locally Used,1462500
BMW,X3,2013,169950,2000 cc,Automatic,Diesel,Nairobi,Foreign Used,4200000
Audi,A4,2014,170123,2000 cc,Automatic,Diesel,Mombasa,Foreign Used,3997499
Toyota,Premio,2015,170296,1800 cc,Automatic,Petrol,Nairobi,Foreign Used,2205000
Subaru,Outback,2016,170469,2500 cc,Automatic,Petrol,Nairobi,Locally Used,2580000
Mazda,CX-5,2017,170642,2200 cc,Automatic,Diesel,Mombasa,Foreign Used,3135000
Mercedes-Benz,C200,2018,170815,2000 cc,Automatic,Petrol,Nairobi,Foreign Used,3937500
Nissan,X-Trail,2019,170988,2000 cc,Automatic,Petrol,Nakuru,Locally Used,2012499
Honda,Fit,2020,171161,1500 cc,Manual,Petrol,Kisumu,Locally Used,1762500
BMW,X3,2021,171334,2000 cc,Automatic,Diesel,Nairobi,Foreign Used,5040000
Audi,A4,2022,171507,2000 cc,Automatic,Diesel,Mombasa,Foreign Used,4777500
Toyota,Premio,2008,171680,1800 cc,Automatic,Petrol,Nairobi,Foreign Used,1575000
Subaru,Outback,2009,171853,2500 cc,Automatic,Petrol,Nairobi,Locally Used,1860000
Mazda,CX-5,2010,172026,2200 cc,Automatic,Diesel,Mombasa,Foreign Used,2280000
Mercedes-Benz,C200,2011,172199,2000 cc,Automatic,Petrol,Nairobi,Foreign Used,2887500
Nissan,X-Trail,2012,172372,2000 cc,Automatic,Petrol,Nakuru,Locally Used,1487500
Honda,Fit,2013,172545,1500 cc,Manual,Petrol,Kisumu,Locally Used,1312500
BMW,X3,2014,172718,2000 cc,Automatic,Diesel,Nairobi,Foreign Used,3780000
Audi,A4,2015,172891,2000 cc,Automatic,Diesel,Mombasa,Foreign Used,3607500
Toyota,Premio,2016,173064,1800 cc,Automatic,Petrol,Nairobi,Foreign Used,1995000
Subaru,Outback,2017,173237,2500 cc,Automatic,Petrol,Nairobi,Locally Used,2340000
Mazda,CX-5,2018,173410,2200 cc,Automatic,Diesel,Mombasa,Foreign Used,2850000
Mercedes-Benz,C200,2019,173583,2000 cc,Automatic,Petrol,Nairobi,Foreign Used,3587499
Nissan,X-Trail,2020,173756,2000 cc,Automatic,Petrol,Nakuru,Locally Used,1837500
Honda,Fit,2021,173929,1500 cc,Manual,Petrol,Kisumu,Locally Used,1612500
BMW,X3,2022,174102,2000 cc,Automatic,Diesel,Nairobi,Foreign Used,4620000
Audi,A4,2008,174275,2000 cc,Automatic,Diesel,Mombasa,Foreign Used,4387500
Toyota,Premio,2009,174448,1800 cc,Automatic,Petrol,Nairobi,Foreign Used,2415000
Subaru,Outback,2010,174621,2500 cc,Automatic,Petrol,Nairobi,Locally Used,2820000
Mazda,CX-5,2011,174794,2200 cc,Automatic,Diesel,Mombasa,Foreign Used,3420000
Mercedes-Benz,C200,2012,174967,2000 cc,Automatic,Petrol,Nairobi,Foreign Used,4287500
Nissan,X-Trail,2013,175140,2000 cc,Automatic,Petrol,Nakuru,Locally Used,1312500
Honda,Fit,2014,175313,1500 cc,Manual,Petrol,Kisumu,Locally Used,1162500
BMW,X3,2015,175486,2000 cc,Automatic,Diesel,Nairobi,Foreign Used,3360000
Audi,A4,2016,175659,2000 cc,Automatic,Diesel,Mombasa,Foreign Used,3217500
Toyota,Premio,2017,175832,1800 cc,Automatic,Petrol,Nairobi,Foreign Used,1785000
Subaru,Outback,2018,176005,2500 cc,Automatic,Petrol,Nairobi,Locally Used,2100000
Mazda,CX-5,2019,176178,2200 cc,Automatic,Diesel,Mombasa,Foreign Used,2565000
Mercedes-Benz,C200,2020,176351,2000 cc,Automatic,Petrol,Nairobi,Foreign Used,3237500
Nissan,X-Trail,2021,176524,2000 cc,Automatic,Petrol,Nakuru,Locally Used,1662500
Honda,Fit,2022,176697,1500 cc,Manual,Petrol,Kisumu,Locally Used,1462500
BMW,X3,2008,176870,2000 cc,Automatic,Diesel,Nairobi,Foreign Used,4200000
Audi,A4,2009,177043,2000 cc,Automatic,Diesel,Mombasa,Foreign Used,3997499
Toyota,Premio,2010,177216,1800 cc,Automatic,Petrol,Nairobi,Foreign Used,2205000
Subaru,Outback,2011,177389,2500 cc,Automatic,Petrol,Nairobi,Locally Used,2580000
Mazda,CX-5,2012,177562,2200 cc,Automatic,Diesel,Mombasa,Foreign Used,3135000
Mercedes-Benz,C200,2013,177735,2000 cc,Automatic,Petrol,Nairobi,Foreign Used,3937500
Nissan,X-Trail,2014,177908,2000 cc,Automatic,Petrol,Nakuru,Locally Used,2012499
Honda,Fit,2015,178081,1500 cc,Manual,Petrol,Kisumu,Locally Used,1762500
BMW,X3,2016,178254,2000 cc,Automatic,Diesel,Nairobi,Foreign Used,5040000
Audi,A4,2017,178427,2000 cc,Automatic,Diesel,Mombasa,Foreign Used,4777500
Toyota,Premio,2018,178600,1800 cc,Automatic,Petrol,Nairobi,Foreign Used,1575000
Subaru,Outback,2019,178773,2500 cc,Automatic,Petrol,Nairobi,Locally Used,1860000
Mazda,CX-5,2020,178946,2200 cc,Automatic,Diesel,Mombasa,Foreign Used,2280000
Mercedes-Benz,C200,2021,179119,2000 cc,Automatic,Petrol,Nairobi,Foreign Used,2887500
Nissan,X-Trail,2022,179292,2000 cc,Automatic,Petrol,Nakuru,Locally Used,1487500
Honda,Fit,2008,179465,1500 cc,Manual,Petrol,Kisumu,Locally Used,1312500
BMW,X3,2009,179638,2000 cc,Automatic,Diesel,Nairobi,Foreign Used,3780000
Audi,A4,2010,179811,2000 cc,Automatic,Diesel,Mombasa,Foreign Used,3607500
Toyota,Premio,2011,179984,1800 cc,Automatic,Petrol,Nairobi,Foreign Used,1995000
Subaru,Outback,2012,180157,2500 cc,Automatic,Petrol,Nairobi,Locally Used,2340000
Mazda,CX-5,2013,180330,2200 cc,Automatic,Diesel,Mombasa,Foreign Used,2850000
Mercedes-Benz,C200,2014,180503,2000 cc,Automatic,Petrol,Nairobi,Foreign Used,3587499
Nissan,X-Trail,2015,180676,2000 cc,Automatic,Petrol,Nakuru,Locally Used,1837500
Honda,Fit,2016,180849,1500 cc,Manual,Petrol,Kisumu,Locally Used,1612500
BMW,X3,2017,181022,2000 cc,Automatic,Diesel,Nairobi,Foreign Used,4620000
Audi,A4,2018,181195,2000 cc,Automatic,Diesel,Mombasa,Foreign Used,4387500
Toyota,Premio,2019,181368,1800 cc,Automatic,Petrol,Nairobi,Foreign Used,2415000
Subaru,Outback,2020,181541,2500 cc,Automatic,Petrol,Nairobi,Locally Used,2820000
Mazda,CX-5,2021,181714,2200 cc,Automatic,Diesel,Mombasa,Foreign Used,3420000
Mercedes-Benz,C200,2022,181887,2000 cc,Automatic,Petrol,Nairobi,Foreign Used,4287500
Nissan,X-Trail,2008,182060,2000 cc,Automatic,Petrol,Nakuru,Locally Used,1312500
Honda,Fit,2009,182233,1500 cc,Manual,Petrol,Kisumu,Locally Used,1162500
BMW,X3,2010,182406,2000 cc,Automatic,Diesel,Nairobi,Foreign Used,3360000
Audi,A4,2011,182579,2000 cc,Automatic,Diesel,Mombasa,Foreign Used,3217500
Toyota,Premio,2012,182752,1800 cc,Automatic,Petrol,Nairobi,Foreign Used,1785000
Subaru,Outback,2013,182925,2500 cc,Automatic,Petrol,Nairobi,Locally Used,2100000
Mazda,CX-5,2014,183098,2200 cc,Automatic,Diesel,Mombasa,Foreign Used,2565000
Mercedes-Benz,C200,2015,183271,2000 cc,Automatic,Petrol,Nairobi,Foreign Used,3237500
Nissan,X-Trail,2016,183444,2000 cc,Automatic,Petrol,Nakuru,Locally Used,1662500
Honda,Fit,2017,183617,1500 cc,Manual,Petrol,Kisumu,Locally Used,1462500
BMW,X3,2018,183790,2000 cc,Automatic,Diesel,Nairobi,Foreign Used,4200000
Audi,A4,2019,183963,2000 cc,Automatic,Diesel,Mombasa,Foreign Used,3997499
Toyota,Premio,2020,184136,1800 cc,Automatic,Petrol,Nairobi,Foreign Used,2205000
Subaru,Outback,2021,184309,2500 cc,Automatic,Petrol,Nairobi,Locally Used,2580000
Mazda,CX-5,2022,184482,2200 cc,Automatic,Diesel,Mombasa,Foreign Used,3135000
Mercedes-Benz,C200,2008,184655,2000 cc,Automatic,Petrol,Nairobi,Foreign Used,3937500
Nissan,X-Trail,2009,184828,2000 cc,Automatic,Petrol,Nakuru,Locally Used,2012499
Honda,Fit,2010,185001,1500 cc,Manual,Petrol,Kisumu,Locally Used,1762500
BMW,X3,2011,185174,2000 cc,Automatic,Diesel,Nairobi,Foreign Used,5040000
Audi,A4,2012,185347,2000 cc,Automatic,Diesel,Mombasa,Foreign Used,4777500
Toyota,Premio,2013,185520,1800 cc,Automatic,Petrol,Nairobi,Foreign Used,1575000
Subaru,Outback,2014,185693,2500 cc,Automatic,Petrol,Nairobi,Locally Used,1860000
Mazda,CX-5,2015,185866,2200 cc,Automatic,Diesel,Mombasa,Foreign Used,2280000
Mercedes-Benz,C200,2016,186039,2000 cc,Automatic,Petrol,Nairobi,Foreign Used,2887500
Nissan,X-Trail,2017,186212,2000 cc,Automatic,Petrol,Nakuru,Locally Used,1487500
Honda,Fit,2018,186385,1500 cc,Manual,Petrol,Kisumu,Locally Used,1312500
BMW,X3,2019,186558,2000 cc,Automatic,Diesel,Nairobi,Foreign Used,3780000
Audi,A4,2020,186731,2000 cc,Automatic,Diesel,Mombasa,Foreign Used,3607500
Toyota,Premio,2021,186904,1800 cc,Automatic,Petrol,Nairobi,Foreign Used,1995000
Subaru,Outback,2022,187077,2500 cc,Automatic,Petrol,Nairobi,Locally Used,2340000
Mazda,CX-5,2008,187250,2200 cc,Automatic,Diesel,Mombasa,Foreign Used,2850000
Mercedes-Benz,C200,2009,187423,2000 cc,Automatic,Petrol,Nairobi,Foreign Used,3587499
Nissan,X-Trail,2010,187596,2000 cc,Automatic,Petrol,Nakuru,Locally Used,1837500
Honda,Fit,2011,187769,1500 cc,Manual,Petrol,Kisumu,Locally Used,1612500
BMW,X3,2012,187942,2000 cc,Automatic,Diesel,Nairobi,Foreign Used,4620000
Audi,A4,2013,188115,2000 cc,Automatic,Diesel,Mombasa,Foreign Used,4387500
Toyota,Premio,2014,188288,1800 cc,Automatic,Petrol,Nairobi,Foreign Used,2415000
Subaru,Outback,2015,188461,2500 cc,Automatic,Petrol,Nairobi,Locally Used,2820000
Mazda,CX-5,2016,188634,2200 cc,Automatic,Diesel,Mombasa,Foreign Used,3420000
Mercedes-Benz,C200,2017,188807,2000 cc,Automatic,Petrol,Nairobi,Foreign Used,4287500
Nissan,X-Trail,2018,188980,2000 cc,Automatic,Petrol,Nakuru,Locally Used,1312500
Honda,Fit,2019,189153,1500 cc,Manual,Petrol,Kisumu,Locally Used,1162500
BMW,X3,2020,189326,2000 cc,Automatic,Diesel,Nairobi,Foreign Used,3360000
Audi,A4,2021,189499,2000 cc,Automatic,Diesel,Mombasa,Foreign Used,3217500
Toyota,Premio,2022,189672,1800 cc,Automatic,Petrol,Nairobi,Foreign Used,1785000
Subaru,Outback,2008,189845,2500 cc,Automatic,Petrol,Nairobi,Locally Used,2100000
Mazda,CX-5,2009,190018,2200 cc,Automatic,Diesel,Mombasa,Foreign Used,2565000
Mercedes-Benz,C200,2010,190191,2000 cc,Automatic,Petrol,Nairobi,Foreign Used,3237500
Nissan,X-Trail,2011,190364,2000 cc,Automatic,Petrol,Nakuru,Locally Used,1662500
Honda,Fit,2012,190537,1500 cc,Manual,Petrol,Kisumu,Locally Used,1462500
BMW,X3,2013,190710,2000 cc,Automatic,Diesel,Nairobi,Foreign Used,4200000
Audi,A4,2014,190883,2000 cc,Automatic,Diesel,Mombasa,Foreign Used,3997499
Toyota,Premio,2015,191056,1800 cc,Automatic,Petrol,Nairobi,Foreign Used,2205000
Subaru,Outback,2016,191229,2500 cc,Automatic,Petrol,Nairobi,Locally Used,2580000
Mazda,CX-5,2017,191402,2200 cc,Automatic,Diesel,Mombasa,Foreign Used,3135000
Mercedes-Benz,C200,2018,191575,2000 cc,Automatic,Petrol,Nairobi,Foreign Used,3937500
Nissan,X-Trail,2019,191748,2000 cc,Automatic,Petrol,Nakuru,Locally Used,2012499
Honda,Fit,2020,191921,1500 cc,Manual,Petrol,Kisumu,Locally Used,1762500
BMW,X3,2021,192094,2000 cc,Automatic,Diesel,Nairobi,Foreign Used,5040000
Audi,A4,2022,192267,2000 cc,Automatic,Diesel,Mombasa,Foreign Used,4777500
Toyota,Premio,2008,192440,1800 cc,Automatic,Petrol,Nairobi,Foreign Used,1575000
Subaru,Outback,2009,192613,2500 cc,Automatic,Petrol,Nairobi,Locally Used,1860000
Mazda,CX-5,2010,192786,2200 cc,Automatic,Diesel,Mombasa,Foreign Used,2280000
Mercedes-Benz,C200,2011,192959,2000 cc,Automatic,Petrol,Nairobi,Foreign Used,2887500
Nissan,X-Trail,2012,193132,2000 cc,Automatic,Petrol,Nakuru,Locally Used,1487500
Honda,Fit,2013,193305,1500 cc,Manual,Petrol,Kisumu,Locally Used,1312500
BMW,X3,2014,193478,2000 cc,Automatic,Diesel,Nairobi,Foreign Used,3780000
Audi,A4,2015,193651,2000 cc,Automatic,Diesel,Mombasa,Foreign Used,3607500
Toyota,Premio,2016,193824,1800 cc,Automatic,Petrol,Nairobi,Foreign Used,1995000
Subaru,Outback,2017,193997,2500 cc,Automatic,Petrol,Nairobi,Locally Used,2340000
Mazda,CX-5,2018,194170,2200 cc,Automatic,Diesel,Mombasa,Foreign Used,2850000
Mercedes-Benz,C200,2019,194343,2000 cc,Automatic,Petrol,Nairobi,Foreign Used,3587499
Nissan,X-Trail,2020,194516,2000 cc,Automatic,Petrol,Nakuru,Locally Used,1837500
Honda,Fit,2021,194689,1500 cc,Manual,Petrol,Kisumu,Locally Used,1612500
BMW,X3,2022,194862,2000 cc,Automatic,Diesel,Nairobi,Foreign Used,4620000
Audi,A4,2008,195035,2000 cc,Automatic,Diesel,Mombasa,Foreign Used,4387500
Toyota,Premio,2009,195208,1800 cc,Automatic,Petrol,Nairobi,Foreign Used,2415000
Subaru,Outback,2010,195381,2500 cc,Automatic,Petrol,Nairobi,Locally Used,2820000
Mazda,CX-5,2011,195554,2200 cc,Automatic,Diesel,Mombasa,Foreign Used,3420000
Mercedes-Benz,C200,2012,195727,2000 cc,Automatic,Petrol,Nairobi,Foreign Used,4287500
Nissan,X-Trail,2013,195900,2000 cc,Automatic,Petrol,Nakuru,Locally Used,1312500
Honda,Fit,2014,196073,1500 cc,Manual,Petrol,Kisumu,Locally Used,1162500
BMW,X3,2015,196246,2000 cc,Automatic,Diesel,Nairobi,Foreign Used,3360000
Audi,A4,2016,196419,2000 cc,Automatic,Diesel,Mombasa,Foreign Used,3217500
Toyota,Premio,2017,196592,1800 cc,Automatic,Petrol,Nairobi,Foreign Used,1785000
Subaru,Outback,2018,196765,2500 cc,Automatic,Petrol,Nairobi,Locally Used,2100000
Mazda,CX-5,2019,196938,2200 cc,Automatic,Diesel,Mombasa,Foreign Used,2565000
Mercedes-Benz,C200,2020,197111,2000 cc,Automatic,Petrol,Nairobi,Foreign Used,3237500
Nissan,X-Trail,2021,197284,2000 cc,Automatic,Petrol,Nakuru,Locally Used,1662500
Honda,Fit,2022,197457,1500 cc,Manual,Petrol,Kisumu,Locally Used,1462500
BMW,X3,2008,197630,2000 cc,Automatic,Diesel,Nairobi,Foreign Used,4200000
Audi,A4,2009,197803,2000 cc,Automatic,Diesel,Mombasa,Foreign Used,3997499
Toyota,Premio,2010,197976,1800 cc,Automatic,Petrol,Nairobi,Foreign Used,2205000
Subaru,Outback,2011,198149,2500 cc,Automatic,Petrol,Nairobi,Locally Used,2580000
Mazda,CX-5,2012,198322,2200 cc,Automatic,Diesel,Mombasa,Foreign Used,3135000
Mercedes-Benz,C200,2013,198495,2000 cc,Automatic,Petrol,Nairobi,Foreign Used,3937500
Nissan,X-Trail,2014,198668,2000 cc,Automatic,Petrol,Nakuru,Locally Used,2012499
Honda,Fit,2015,198841,1500 cc,Manual,Petrol,Kisumu,Locally Used,1762500
BMW,X3,2016,199014,2000 cc,Automatic,Diesel,Nairobi,Foreign Used,5040000
Audi,A4,2017,199187,2000 cc,Automatic,Diesel,Mombasa,Foreign Used,4777500
Toyota,Premio,2018,199360,1800 cc,Automatic,Petrol,Nairobi,Foreign Used,1575000
Subaru,Outback,2019,199533,2500 cc,Automatic,Petrol,Nairobi,Locally Used,1860000
Mazda,CX-5,2020,199706,2200 cc,Automatic,Diesel,Mombasa,Foreign Used,2280000
Mercedes-Benz,C200,2021,199879,2000 cc,Automatic,Petrol,Nairobi,Foreign Used,2887500
Nissan,X-Trail,2022,20052,2000 cc,Automatic,Petrol,Nakuru,Locally Used,1487500
Honda,Fit,2008,20225,1500 cc,Manual,Petrol,Kisumu,Locally Used,1312500
BMW,X3,2009,20398,2000 cc,Automatic,Diesel,Nairobi,Foreign Used,3780000
Audi,A4,2010,20571,2000 cc,Automatic,Diesel,Mombasa,Foreign Used,3607500
Toyota,Premio,2011,20744,1800 cc,Automatic,Petrol,Nairobi,Foreign Used,1995000
Subaru,Outback,2012,20917,2500 cc,Automatic,Petrol,Nairobi,Locally Used,2340000
Mazda,CX-5,2013,21090,2200 cc,Automatic,Diesel,Mombasa,Foreign Used,2850000
Mercedes-Benz,C200,2014,21263,2000 cc,Automatic,Petrol,Nairobi,Foreign Used,3587499
Nissan,X-Trail,2015,21436,2000 cc,Automatic,Petrol,Nakuru,Locally Used,1837500
Honda,Fit,2016,21609,1500 cc,Manual,Petrol,Kisumu,Locally Used,1612500
BMW,X3,2017,21782,2000 cc,Automatic,Diesel,Nairobi,Foreign Used,4620000
Audi,A4,2018,21955,2000 cc,Automatic,Diesel,Mombasa,Foreign Used,4387500
Toyota,Premio,2019,22128,1800 cc,Automatic,Petrol,Nairobi,Foreign Used,2415000
Subaru,Outback,2020,22301,2500 cc,Automatic,Petrol,Nairobi,Locally Used,2820000
Mazda,CX-5,2021,22474,2200 cc,Automatic,Diesel,Mombasa,Foreign Used,3420000
Mercedes-Benz,C200,2022,22647,2000 cc,Automatic,Petrol,Nairobi,Foreign Used,4287500
Nissan,X-Trail,2008,22820,2000 cc,Automatic,Petrol,Nakuru,Locally Used,1312500
Honda,Fit,2009,22993,1500 cc,Manual,Petrol,Kisumu,Locally Used,1162500
BMW,X3,2010,23166,2000 cc,Automatic,Diesel,Nairobi,Foreign Used,3360000
Audi,A4,2011,23339,2000 cc,Automatic,Diesel,Mombasa,Foreign Used,3217500
Toyota,Premio,2012,23512,1800 cc,Automatic,Petrol,Nairobi,Foreign Used,1785000
Subaru,Outback,2013,23685,2500 cc,Automatic,Petrol,Nairobi,Locally Used,2100000
Mazda,CX-5,2014,23858,2200 cc,Automatic,Diesel,Mombasa,Foreign Used,2565000
Mercedes-Benz,C200,2015,24031,2000 cc,Automatic,Petrol,Nairobi,Foreign Used,3237500
Nissan,X-Trail,2016,24204,2000 cc,Automatic,Petrol,Nakuru,Locally Used,1662500
Honda,Fit,2017,24377,1500 cc,Manual,Petrol,Kisumu,Locally Used,1462500
BMW,X3,2018,24550,2000 cc,Automatic,Diesel,Nairobi,Foreign Used,4200000
Audi,A4,2019,24723,2000 cc,Automatic,Diesel,Mombasa,Foreign Used,3997499
Toyota,Premio,2020,24896,1800 cc,Automatic,Petrol,Nairobi,Foreign Used,2205000
Subaru,Outback,2021,25069,2500 cc,Automatic,Petrol,Nairobi,Locally Used,2580000
Mazda,CX-5,2022,25242,2200 cc,Automatic,Diesel,Mombasa,Foreign Used,3135000
Mercedes-Benz,C200,2008,25415,2000 cc,Automatic,Petrol,Nairobi,Foreign Used,3937500
Nissan,X-Trail,2009,25588,2000 cc,Automatic,Petrol,Nakuru,Locally Used,2012499
Honda,Fit,2010,25761,1500 cc,Manual,Petrol,Kisumu,Locally Used,1762500
BMW,X3,2011,25934,2000 cc,Automatic,Diesel,Nairobi,Foreign Used,5040000
Audi,A4,2012,26107,2000 cc,Automatic,Diesel,Mombasa,Foreign Used,4777500
Toyota,Premio,2013,26280,1800 cc,Automatic,Petrol,Nairobi,Foreign Used,1575000
Subaru,Outback,2014,26453,2500 cc,Automatic,Petrol,Nairobi,Locally Used,1860000
Mazda,CX-5,2015,26626,2200 cc,Automatic,Diesel,Mombasa,Foreign Used,2280000
Mercedes-Benz,C200,2016,26799,2000 cc,Automatic,Petrol,Nairobi,Foreign Used,2887500
Nissan,X-Trail,2017,26972,2000 cc,Automatic,Petrol,Nakuru,Locally Used,1487500
Honda,Fit,2018,27145,1500 cc,Manual,Petrol,Kisumu,Locally Used,1312500
BMW,X3,2019,27318,2000 cc,Automatic,Diesel,Nairobi,Foreign Used,3780000
Audi,A4,2020,27491,2000 cc,Automatic,Diesel,Mombasa,Foreign Used,3607500
Toyota,Premio,2021,27664,1800 cc,Automatic,Petrol,Nairobi,Foreign Used,1995000
Subaru,Outback,2022,27837,2500 cc,Automatic,Petrol,Nairobi,Locally Used,2340000
Mazda,CX-5,2008,28010,2200 cc,Automatic,Diesel,Mombasa,Foreign Used,2850000
Mercedes-Benz,C200,2009,28183,2000 cc,Automatic,Petrol,Nairobi,Foreign Used,3587499
Nissan,X-Trail,2010,28356,2000 cc,Automatic,Petrol,Nakuru,Locally Used,1837500
Honda,Fit,2011,28529,1500 cc,Manual,Petrol,Kisumu,Locally Used,1612500
BMW,X3,2012,28702,2000 cc,Automatic,Diesel,Nairobi,Foreign Used,4620000
Audi,A4,2013,28875,2000 cc,Automatic,Diesel,Mombasa,Foreign Used,4387500
Toyota,Premio,2014,29048,1800 cc,Automatic,Petrol,Nairobi,Foreign Used,2415000
Subaru,Outback,2015,29221,2500 cc,Automatic,Petrol,Nairobi,Locally Used,2820000
Mazda,CX-5,2016,29394,2200 cc,Automatic,Diesel,Mombasa,Foreign Used,3420000
Mercedes-Benz,C200,2017,29567,2000 cc,Automatic,Petrol,Nairobi,Foreign Used,4287500
Nissan,X-Trail,2018,29740,2000 cc,Automatic,Petrol,Nakuru,Locally Used,1312500
Honda,Fit,2019,29913,1500 cc,Manual,Petrol,Kisumu,Locally Used,1162500
BMW,X3,2020,30086,2000 cc,Automatic,Diesel,Nairobi,Foreign Used,3360000
Audi,A4,2021,30259,2000 cc,Automatic,Diesel,Mombasa,Foreign Used,3217500
Toyota,Premio,2022,30432,1800 cc,Automatic,Petrol,Nairobi,Foreign Used,1785000
Subaru,Outback,2008,30605,2500 cc,Automatic,Petrol,Nairobi,Locally Used,2100000
Mazda,CX-5,2009,30778,2200 cc,Automatic,Diesel,Mombasa,Foreign Used,2565000
Mercedes-Benz,C200,2010,30951,2000 cc,Automatic,Petrol,Nairobi,Foreign Used,3237500
Nissan,X-Trail,2011,31124,2000 cc,Automatic,Petrol,Nakuru,Locally Used,1662500
Honda,Fit,2012,31297,1500 cc,Manual,Petrol,Kisumu,Locally Used,1462500
BMW,X3,2013,31470,2000 cc,Automatic,Diesel,Nairobi,Foreign Used,4200000
Audi,A4,2014,31643,2000 cc,Automatic,Diesel,Mombasa,Foreign Used,3997499
Toyota,Premio,2015,31816,1800 cc,Automatic,Petrol,Nairobi,Foreign Used,2205000
Subaru,Outback,2016,31989,2500 cc,Automatic,Petrol,Nairobi,Locally Used,2580000
Mazda,CX-5,2017,32162,2200 cc,Automatic,Diesel,Mombasa,Foreign Used,3135000
Mercedes-Benz,C200,2018,32335,2000 cc,Automatic,Petrol,Nairobi,Foreign Used,3937500
Nissan,X-Trail,2019,32508,2000 cc,Automatic,Petrol,Nakuru,Locally Used,2012499
Honda,Fit,2020,32681,1500 cc,Manual,Petrol,Kisumu,Locally Used,1762500
BMW,X3,2021,32854,2000 cc,Automatic,Diesel,Nairobi,Foreign Used,5040000
Audi,A4,2022,33027,2000 cc,Automatic,Diesel,Mombasa,Foreign Used,4777500
Toyota,Premio,2008,33200,1800 cc,Automatic,Petrol,Nairobi,Foreign Used,1575000
Subaru,Outback,2009,33373,2500 cc,Automatic,Petrol,Nairobi,Locally Used,1860000
Mazda,CX-5,2010,33546,2200 cc,Automatic,Diesel,Mombasa,Foreign Used,2280000
Mercedes-Benz,C200,2011,33719,2000 cc,Automatic,Petrol,Nairobi,Foreign Used,2887500
Nissan,X-Trail,2012,33892,2000 cc,Automatic,Petrol,Nakuru,Locally Used,1487500
Honda,Fit,2013,34065,1500 cc,Manual,Petrol,Kisumu,Locally Used,1312500
BMW,X3,2014,34238,2000 cc,Automatic,Diesel,Nairobi,Foreign Used,3780000
Audi,A4,2015,34411,2000 cc,Automatic,Diesel,Mombasa,Foreign Used,3607500
Toyota,Premio,2016,34584,1800 cc,Automatic,Petrol,Nairobi,Foreign Used,1995000
Subaru,Outback,2017,34757,2500 cc,Automatic,Petrol,Nairobi,Locally Used,2340000
Mazda,CX-5,2018,34930,2200 cc,Automatic,Diesel,Mombasa,Foreign Used,2850000
Mercedes-Benz,C200,2019,35103,2000 cc,Automatic,Petrol,Nairobi,Foreign Used,3587499
Nissan,X-Trail,2020,35276,2000 cc,Automatic,Petrol,Nakuru,Locally Used,1837500
Honda,Fit,2021,35449,1500 cc,Manual,Petrol,Kisumu,Locally Used,1612500
BMW,X3,2022,35622,2000 cc,Automatic,Diesel,Nairobi,Foreign Used,4620000
Audi,A4,2008,35795,2000 cc,Automatic,Diesel,Mombasa,Foreign Used,4387500
Toyota,Premio,2009,35968,1800 cc,Automatic,Petrol,Nairobi,Foreign Used,2415000
Subaru,Outback,2010,36141,2500 cc,Automatic,Petrol,Nairobi,Locally Used,2820000
Mazda,CX-5,2011,36314,2200 cc,Automatic,Diesel,Mombasa,Foreign Used,3420000
Mercedes-Benz,C200,2012,36487,2000 cc,Automatic,Petrol,Nairobi,Foreign Used,4287500
Nissan,X-Trail,2013,36660,2000 cc,Automatic,Petrol,Nakuru,Locally Used,1312500
Honda,Fit,2014,36833,1500 cc,Manual,Petrol,Kisumu,Locally Used,1162500
BMW,X3,2015,37006,2000 cc,Automatic,Diesel,Nairobi,Foreign Used,3360000
Audi,A4,2016,37179,2000 cc,Automatic,Diesel,Mombasa,Foreign Used,3217500
Toyota,Premio,2017,37352,1800 cc,Automatic,Petrol,Nairobi,Foreign Used,1785000
Subaru,Outback,2018,37525,2500 cc,Automatic,Petrol,Nairobi,Locally Used,2100000
Mazda,CX-5,2019,37698,2200 cc,Automatic,Diesel,Mombasa,Foreign Used,2565000
Mercedes-Benz,C200,2020,37871,2000 cc,Automatic,Petrol,Nairobi,Foreign Used,3237500
Nissan,X-Trail,2021,38044,2000 cc,Automatic,Petrol,Nakuru,Locally Used,1662500
Honda,Fit,2022,38217,1500 cc,Manual,Petrol,Kisumu,Locally Used,1462500
BMW,X3,2008,38390,2000 cc,Automatic,Diesel,Nairobi,Foreign Used,4200000
Audi,A4,2009,38563,2000 cc,Automatic,Diesel,Mombasa,Foreign Used,3997499
Toyota,Premio,2010,38736,1800 cc,Automatic,Petrol,Nairobi,Foreign Used,2205000
Subaru,Outback,2011,38909,2500 cc,Automatic,Petrol,Nairobi,Locally Used,2580000
Mazda,CX-5,2012,39082,2200 cc,Automatic,Diesel,Mombasa,Foreign Used,3135000
Mercedes-Benz,C200,2013,39255,2000 cc,Automatic,Petrol,Nairobi,Foreign Used,3937500
Nissan,X-Trail,2014,39428,2000 cc,Automatic,Petrol,Nakuru,Locally Used,2012499
Honda,Fit,2015,39601,1500 cc,Manual,Petrol,Kisumu,Locally Used,1762500
BMW,X3,2016,39774,2000 cc,Automatic,Diesel,Nairobi,Foreign Used,5040000
Audi,A4,2017,39947,2000 cc,Automatic,Diesel,Mombasa,Foreign Used,4777500
Toyota,Premio,2018,40120,1800 cc,Automatic,Petrol,Nairobi,Foreign Used,1575000
Subaru,Outback,2019,40293,2500 cc,Automatic,Petrol,Nairobi,Locally Used,1860000
Mazda,CX-5,2020,40466,2200 cc,Automatic,Diesel,Mombasa,Foreign Used,2280000
Mercedes-Benz,C200,2021,40639,2000 cc,Automatic,Petrol,Nairobi,Foreign Used,2887500
Nissan,X-Trail,2022,40812,2000 cc,Automatic,Petrol,Nakuru,Locally Used,1487500
Honda,Fit,2008,40985,1500 cc,Manual,Petrol,Kisumu,Locally Used,1312500
BMW,X3,2009,41158,2000 cc,Automatic,Diesel,Nairobi,Foreign Used,3780000
Audi,A4,2010,41331,2000 cc,Automatic,Diesel,Mombasa,Foreign Used,3607500
Toyota,Premio,2011,41504,1800 cc,Automatic,Petrol,Nairobi,Foreign Used,1995000
Subaru,Outback,2012,41677,2500 cc,Automatic,Petrol,Nairobi,Locally Used,2340000
Mazda,CX-5,2013,41850,2200 cc,Automatic,Diesel,Mombasa,Foreign Used,2850000
Mercedes-Benz,C200,2014,42023,2000 cc,Automatic,Petrol,Nairobi,Foreign Used,3587499
Nissan,X-Trail,2015,42196,2000 cc,Automatic,Petrol,Nakuru,Locally Used,1837500
Honda,Fit,2016,42369,1500 cc,Manual,Petrol,Kisumu,Locally Used,1612500
BMW,X3,2017,42542,2000 cc,Automatic,Diesel,Nairobi,Foreign Used,4620000
Audi,A4,2018,42715,2000 cc,Automatic,Diesel,Mombasa,Foreign Used,4387500
Toyota,Premio,2019,42888,1800 cc,Automatic,Petrol,Nairobi,Foreign Used,2415000
Subaru,Outback,2020,43061,2500 cc,Automatic,Petrol,Nairobi,Locally Used,2820000
Mazda,CX-5,2021,43234,2200 cc,Automatic,Diesel,Mombasa,Foreign Used,3420000
Mercedes-Benz,C200,2022,43407,2000 cc,Automatic,Petrol,Nairobi,Foreign Used,4287500
Nissan,X-Trail,2008,43580,2000 cc,Automatic,Petrol,Nakuru,Locally Used,1312500
Honda,Fit,2009,43753,1500 cc,Manual,Petrol,Kisumu,Locally Used,1162500
BMW,X3,2010,43926,2000 cc,Automatic,Diesel,Nairobi,Foreign Used,3360000
Audi,A4,2011,44099,2000 cc,Automatic,Diesel,Mombasa,Foreign Used,3217500
Toyota,Premio,2012,44272,1800 cc,Automatic,Petrol,Nairobi,Foreign Used,1785000
Subaru,Outback,2013,44445,2500 cc,Automatic,Petrol,Nairobi,Locally Used,2100000
Mazda,CX-5,2014,44618,2200 cc,Automatic,Diesel,Mombasa,Foreign Used,2565000
Mercedes-Benz,C200,2015,44791,2000 cc,Automatic,Petrol,Nairobi,Foreign Used,3237500
Nissan,X-Trail,2016,44964,2000 cc,Automatic,Petrol,Nakuru,Locally Used,1662500
Honda,Fit,2017,45137,1500 cc,Manual,Petrol,Kisumu,Locally Used,1462500
BMW,X3,2018,45310,2000 cc,Automatic,Diesel,Nairobi,Foreign Used,4200000
Audi,A4,2019,45483,2000 cc,Automatic,Diesel,Mombasa,Foreign Used,3997499
Toyota,Premio,2020,45656,1800 cc,Automatic,Petrol,Nairobi,Foreign Used,2205000
Subaru,Outback,2021,45829,2500 cc,Automatic,Petrol,Nairobi,Locally Used,2580000
Mazda,CX-5,2022,46002,2200 cc,Automatic,Diesel,Mombasa,Foreign Used,3135000
Mercedes-Benz,C200,2008,46175,2000 cc,Automatic,Petrol,Nairobi,Foreign Used,3937500
Nissan,X-Trail,2009,46348,2000 cc,Automatic,Petrol,Nakuru,Locally Used,2012499
Honda,Fit,2010,46521,1500 cc,Manual,Petrol,Kisumu,Locally Used,1762500
BMW,X3,2011,46694,2000 cc,Automatic,Diesel,Nairobi,Foreign Used,5040000
Audi,A4,2012,46867,2000 cc,Automatic,Diesel,Mombasa,Foreign Used,4777500
Toyota,Premio,2013,47040,1800 cc,Automatic,Petrol,Nairobi,Foreign Used,1575000
Subaru,Outback,2014,47213,2500 cc,Automatic,Petrol,Nairobi,Locally Used,1860000
Mazda,CX-5,2015,47386,2200 cc,Automatic,Diesel,Mombasa,Foreign Used,2280000
Mercedes-Benz,C200,2016,47559,2000 cc,Automatic,Petrol,Nairobi,Foreign Used,2887500
Nissan,X-Trail,2017,47732,2000 cc,Automatic,Petrol,Nakuru,Locally Used,1487500
Honda,Fit,2018,47905,1500 cc,Manual,Petrol,Kisumu,Locally Used,1312500
BMW,X3,2019,48078,2000 cc,Automatic,Diesel,Nairobi,Foreign Used,3780000
Audi,A4,2020,48251,2000 cc,Automatic,Diesel,Mombasa,Foreign Used,3607500
Toyota,Premio,2021,48424,1800 cc,Automatic,Petrol,Nairobi,Foreign Used,1995000
Subaru,Outback,2022,48597,2500 cc,Automatic,Petrol,Nairobi,Locally Used,2340000
Mazda,CX-5,2008,48770,2200 cc,Automatic,Diesel,Mombasa,Foreign Used,2850000
Mercedes-Benz,C200,2009,48943,2000 cc,Automatic,Petrol,Nairobi,Foreign Used,3587499
Nissan,X-Trail,2010,49116,2000 cc,Automatic,Petrol,Nakuru,Locally Used,1837500
Honda,Fit,2011,49289,1500 cc,Manual,Petrol,Kisumu,Locally Used,1612500
BMW,X3,2012,49462,2000 cc,Automatic,Diesel,Nairobi,Foreign Used,4620000
Audi,A4,2013,49635,2000 cc,Automatic,Diesel,Mombasa,Foreign Used,4387500
Toyota,Premio,2014,49808,1800 cc,Automatic,Petrol,Nairobi,Foreign Used,2415000
Subaru,Outback,2015,49981,2500 cc,Automatic,Petrol,Nairobi,Locally Used,2820000
Mazda,CX-5,2016,50154,2200 cc,Automatic,Diesel,Mombasa,Foreign Used,3420000
Mercedes-Benz,C200,2017,50327,2000 cc,Automatic,Petrol,Nairobi,Foreign Used,4287500
Nissan,X-Trail,2018,50500,2000 cc,Automatic,Petrol,Nakuru,Locally Used,1312500
Honda,Fit,2019,50673,1500 cc,Manual,Petrol,Kisumu,Locally Used,1162500
BMW,X3,2020,50846,2000 cc,Automatic,Diesel,Nairobi,Foreign Used,3360000
Audi,A4,2021,51019,2000 cc,Automatic,Diesel,Mombasa,Foreign Used,3217500
Toyota,Premio,2022,51192,1800 cc,Automatic,Petrol,Nairobi,Foreign Used,1785000
Subaru,Outback,2008,51365,2500 cc,Automatic,Petrol,Nairobi,Locally Used,2100000
Mazda,CX-5,2009,51538,2200 cc,Automatic,Diesel,Mombasa,Foreign Used,2565000
Mercedes-Benz,C200,2010,51711,2000 cc,Automatic,Petrol,Nairobi,Foreign Used,3237500
Nissan,X-Trail,2011,51884,2000 cc,Automatic,Petrol,Nakuru,Locally Used,1662500
Honda,Fit,2012,52057,1500 cc,Manual,Petrol,Kisumu,Locally Used,1462500
BMW,X3,2013,52230,2000 cc,Automatic,Diesel,Nairobi,Foreign Used,4200000
Audi,A4,2014,52403,2000 cc,Automatic,Diesel,Mombasa,Foreign Used,3997499
Toyota,Premio,2015,52576,1800 cc,Automatic,Petrol,Nairobi,Foreign Used,2205000
Subaru,Outback,2016,52749,2500 cc,Automatic,Petrol,Nairobi,Locally Used,2580000
Mazda,CX-5,2017,52922,2200 cc,Automatic,Diesel,Mombasa,Foreign Used,3135000
Mercedes-Benz,C200,2018,53095,2000 cc,Automatic,Petrol,Nairobi,Foreign Used,3937500
Nissan,X-Trail,2019,53268,2000 cc,Automatic,Petrol,Nakuru,Locally Used,2012499
Honda,Fit,2020,53441,1500 cc,Manual,Petrol,Kisumu,Locally Used,1762500
BMW,X3,2021,53614,2000 cc,Automatic,Diesel,Nairobi,Foreign Used,5040000
Audi,A4,2022,53787,2000 cc,Automatic,Diesel,Mombasa,Foreign Used,4777500
Toyota,Premio,2008,53960,1800 cc,Automatic,Petrol,Nairobi,Foreign Used,1575000
Subaru,Outback,2009,54133,2500 cc,Automatic,Petrol,Nairobi,Locally Used,1860000
Mazda,CX-5,2010,54306,2200 cc,Automatic,Diesel,Mombasa,Foreign Used,2280000
Mercedes-Benz,C200,2011,54479,2000 cc,Automatic,Petrol,Nairobi,Foreign Used,2887500
Nissan,X-Trail,2012,54652,2000 cc,Automatic,Petrol,Nakuru,Locally Used,1487500
Honda,Fit,2013,54825,1500 cc,Manual,Petrol,Kisumu,Locally Used,1312500
BMW,X3,2014,54998,2000 cc,Automatic,Diesel,Nairobi,Foreign Used,3780000
Audi,A4,2015,55171,2000 cc,Automatic,Diesel,Mombasa,Foreign Used,3607500
Toyota,Premio,2016,55344,1800 cc,Automatic,Petrol,Nairobi,Foreign Used,1995000
Subaru,Outback,2017,55517,2500 cc,Automatic,Petrol,Nairobi,Locally Used,2340000
Mazda,CX-5,2018,55690,2200 cc,Automatic,Diesel,Mombasa,Foreign Used,2850000
Mercedes-Benz,C200,2019,55863,2000 cc,Automatic,Petrol,Nairobi,Foreign Used,3587499
Nissan,X-Trail,2020,56036,2000 cc,Automatic,Petrol,Nakuru,Locally Used,1837500
Honda,Fit,2021,56209,1500 cc,Manual,Petrol,Kisumu,Locally Used,1612500
BMW,X3,2022,56382,2000 cc,Automatic,Diesel,Nairobi,Foreign Used,4620000
Audi,A4,2008,56555,2000 cc,Automatic,Diesel,Mombasa,Foreign Used,4387500
Toyota,Premio,2009,56728,1800 cc,Automatic,Petrol,Nairobi,Foreign Used,2415000
Subaru,Outback,2010,56901,2500 cc,Automatic,Petrol,Nairobi,Locally Used,2820000
Mazda,CX-5,2011,57074,2200 cc,Automatic,Diesel,Mombasa,Foreign Used,3420000
Mercedes-Benz,C200,2012,57247,2000 cc,Automatic,Petrol,Nairobi,Foreign Used,4287500
Nissan,X-Trail,2013,57420,2000 cc,Automatic,Petrol,Nakuru,Locally Used,1312500
Honda,Fit,2014,57593,1500 cc,Manual,Petrol,Kisumu,Locally Used,1162500
BMW,X3,2015,57766,2000 cc,Automatic,Diesel,Nairobi,Foreign Used,3360000
Audi,A4,2016,57939,2000 cc,Automatic,Diesel,Mombasa,Foreign Used,3217500
Toyota,Premio,2017,58112,1800 cc,Automatic,Petrol,Nairobi,Foreign Used,1785000
Subaru,Outback,2018,58285,2500 cc,Automatic,Petrol,Nairobi,Locally Used,2100000
Mazda,CX-5,2019,58458,2200 cc,Automatic,Diesel,Mombasa,Foreign Used,2565000
Mercedes-Benz,C200,2020,58631,2000 cc,Automatic,Petrol,Nairobi,Foreign Used,3237500
Nissan,X-Trail,2021,58804,2000 cc,Automatic,Petrol,Nakuru,Locally Used,1662500
Honda,Fit,2022,58977,1500 cc,Manual,Petrol,Kisumu,Locally Used,1462500
BMW,X3,2008,59150,2000 cc,Automatic,Diesel,Nairobi,Foreign Used,4200000
Audi,A4,2009,59323,2000 cc,Automatic,Diesel,Mombasa,Foreign Used,3997499
Toyota,Premio,2010,59496,1800 cc,Automatic,Petrol,Nairobi,Foreign Used,2205000
Subaru,Outback,2011,59669,2500 cc,Automatic,Petrol,Nairobi,Locally Used,2580000
Mazda,CX-5,2012,59842,2200 cc,Automatic,Diesel,Mombasa,Foreign Used,3135000
Mercedes-Benz,C200,2013,60015,2000 cc,Automatic,Petrol,Nairobi,Foreign Used,3937500
Nissan,X-Trail,2014,60188,2000 cc,Automatic,Petrol,Nakuru,Locally Used,2012499
Honda,Fit,2015,60361,1500 cc,Manual,Petrol,Kisumu,Locally Used,1762500
BMW,X3,2016,60534,2000 cc,Automatic,Diesel,Nairobi,Foreign Used,5040000
Audi,A4,2017,60707,2000 cc,Automatic,Diesel,Mombasa,Foreign Used,4777500
Toyota,Premio,2018,60880,1800 cc,Automatic,Petrol,Nairobi,Foreign Used,1575000
Subaru,Outback,2019,61053,2500 cc,Automatic,Petrol,Nairobi,Locally Used,1860000
Mazda,CX-5,2020,61226,2200 cc,Automatic,Diesel,Mombasa,Foreign Used,2280000
Mercedes-Benz,C200,2021,61399,2000 cc,Automatic,Petrol,Nairobi,Foreign Used,2887500
Nissan,X-Trail,2022,61572,2000 cc,Automatic,Petrol,Nakuru,Locally Used,1487500
Honda,Fit,2008,61745,1500 cc,Manual,Petrol,Kisumu,Locally Used,1312500
BMW,X3,2009,61918,2000 cc,Automatic,Diesel,Nairobi,Foreign Used,3780000
Audi,A4,2010,62091,2000 cc,Automatic,Diesel,Mombasa,Foreign Used,3607500
Toyota,Premio,2011,62264,1800 cc,Automatic,Petrol,Nairobi,Foreign Used,1995000
Subaru,Outback,2012,62437,2500 cc,Automatic,Petrol,Nairobi,Locally Used,2340000
Mazda,CX-5,2013,62610,2200 cc,Automatic,Diesel,Mombasa,Foreign Used,2850000
Mercedes-Benz,C200,2014,62783,2000 cc,Automatic,Petrol,Nairobi,Foreign Used,3587499
Nissan,X-Trail,2015,62956,2000 cc,Automatic,Petrol,Nakuru,Locally Used,1837500
Honda,Fit,2016,63129,1500 cc,Manual,Petrol,Kisumu,Locally Used,1612500
BMW,X3,2017,63302,2000 cc,Automatic,Diesel,Nairobi,Foreign Used,4620000
Audi,A4,2018,63475,2000 cc,Automatic,Diesel,Mombasa,Foreign Used,4387500
Toyota,Premio,2019,63648,1800 cc,Automatic,Petrol,Nairobi,Foreign Used,2415000
Subaru,Outback,2020,63821,2500 cc,Automatic,Petrol,Nairobi,Locally Used,2820000
Mazda,CX-5,2021,63994,2200 cc,Automatic,Diesel,Mombasa,Foreign Used,3420000
Mercedes-Benz,C200,2022,64167,2000 cc,Automatic,Petrol,Nairobi,Foreign Used,4287500
Nissan,X-Trail,2008,64340,2000 cc,Automatic,Petrol,Nakuru,Locally Used,1312500
Honda,Fit,2009,64513,1500 cc,Manual,Petrol,Kisumu,Locally Used,1162500
BMW,X3,2010,64686,2000 cc,Automatic,Diesel,Nairobi,Foreign Used,3360000
Audi,A4,2011,64859,2000 cc,Automatic,Diesel,Mombasa,Foreign Used,3217500
Toyota,Premio,2012,65032,1800 cc,Automatic,Petrol,Nairobi,Foreign Used,1785000
Subaru,Outback,2013,65205,2500 cc,Automatic,Petrol,Nairobi,Locally Used,2100000
Mazda,CX-5,2014,65378,2200 cc,Automatic,Diesel,Mombasa,Foreign Used,2565000
Mercedes-Benz,C200,2015,65551,2000 cc,Automatic,Petrol,Nairobi,Foreign Used,3237500
Nissan,X-Trail,2016,65724,2000 cc,Automatic,Petrol,Nakuru,Locally Used,1662500
Honda,Fit,2017,65897,1500 cc,Manual,Petrol,Kisumu,Locally Used,1462500
BMW,X3,2018,66070,2000 cc,Automatic,Diesel,Nairobi,Foreign Used,4200000
Audi,A4,2019,66243,2000 cc,Automatic,Diesel,Mombasa,Foreign Used,3997499
Toyota,Premio,2020,66416,1800 cc,Automatic,Petrol,Nairobi,Foreign Used,2205000
Subaru,Outback,2021,66589,2500 cc,Automatic,Petrol,Nairobi,Locally Used,2580000
Mazda,CX-5,2022,66762,2200 cc,Automatic,Diesel,Mombasa,Foreign Used,3135000
Mercedes-Benz,C200,2008,66935,2000 cc,Automatic,Petrol,Nairobi,Foreign Used,3937500
Nissan,X-Trail,2009,67108,2000 cc,Automatic,Petrol,Nakuru,Locally Used,2012499
Honda,Fit,2010,67281,1500 cc,Manual,Petrol,Kisumu,Locally Used,1762500
BMW,X3,2011,67454,2000 cc,Automatic,Diesel,Nairobi,Foreign Used,5040000
Audi,A4,2012,67627,2000 cc,Automatic,Diesel,Mombasa,Foreign Used,4777500
Toyota,Premio,2013,67800,1800 cc,Automatic,Petrol,Nairobi,Foreign Used,1575000
Subaru,Outback,2014,67973,2500 cc,Automatic,Petrol,Nairobi,Locally Used,1860000
Mazda,CX-5,2015,68146,2200 cc,Automatic,Diesel,Mombasa,Foreign Used,2280000
Mercedes-Benz,C200,2016,68319,2000 cc,Automatic,Petrol,Nairobi,Foreign Used,2887500
Nissan,X-Trail,2017,68492,2000 cc,Automatic,Petrol,Nakuru,Locally Used,1487500
Honda,Fit,2018,68665,1500 cc,Manual,Petrol,Kisumu,Locally Used,1312500
BMW,X3,2019,68838,2000 cc,Automatic,Diesel,Nairobi,Foreign Used,3780000
Audi,A4,2020,69011,2000 cc,Automatic,Diesel,Mombasa,Foreign Used,3607500
Toyota,Premio,2021,69184,1800 cc,Automatic,Petrol,Nairobi,Foreign Used,1995000
Subaru,Outback,2022,69357,2500 cc,Automatic,Petrol,Nairobi,Locally Used,2340000
Mazda,CX-5,2008,69530,2200 cc,Automatic,Diesel,Mombasa,Foreign Used,2850000
Mercedes-Benz,C200,2009,69703,2000 cc,Automatic,Petrol,Nairobi,Foreign Used,3587499
Nissan,X-Trail,2010,69876,2000 cc,Automatic,Petrol,Nakuru,Locally Used,1837500
Honda,Fit,2011,70049,1500 cc,Manual,Petrol,Kisumu,Locally Used,1612500
BMW,X3,2012,70222,2000 cc,Automatic,Diesel,Nairobi,Foreign Used,4620000
Audi,A4,2013,70395,2000 cc,Automatic,Diesel,Mombasa,Foreign Used,4387500
Toyota,Premio,2014,70568,1800 cc,Automatic,Petrol,Nairobi,Foreign Used,2415000
Subaru,Outback,2015,70741,2500 cc,Automatic,Petrol,Nairobi,Locally Used,2820000
Mazda,CX-5,2016,70914,2200 cc,Automatic,Diesel,Mombasa,Foreign Used,3420000
Mercedes-Benz,C200,2017,71087,2000 cc,Automatic,Petrol,Nairobi,Foreign Used,4287500
Nissan,X-Trail,2018,71260,2000 cc,Automatic,Petrol,Nakuru,Locally Used,1312500
Honda,Fit,2019,71433,1500 cc,Manual,Petrol,Kisumu,Locally Used,1162500
BMW,X3,2020,71606,2000 cc,Automatic,Diesel,Nairobi,Foreign Used,3360000
Audi,A4,2021,71779,2000 cc,Automatic,Diesel,Mombasa,Foreign Used,3217500
Toyota,Premio,2022,71952,1800 cc,Automatic,Petrol,Nairobi,Foreign Used,1785000
Subaru,Outback,2008,72125,2500 cc,Automatic,Petrol,Nairobi,Locally Used,2100000
Mazda,CX-5,2009,72298,2200 cc,Automatic,Diesel,Mombasa,Foreign Used,2565000
Mercedes-Benz,C200,2010,72471,2000 cc,Automatic,Petrol,Nairobi,Foreign Used,3237500
Nissan,X-Trail,2011,72644,2000 cc,Automatic,Petrol,Nakuru,Locally Used,1662500
Honda,Fit,2012,72817,1500 cc,Manual,Petrol,Kisumu,Locally Used,1462500
BMW,X3,2013,72990,2000 cc,Automatic,Diesel,Nairobi,Foreign Used,4200000
Audi,A4,2014,73163,2000 cc,Automatic,Diesel,Mombasa,Foreign Used,3997499
Toyota,Premio,2015,73336,1800 cc,Automatic,Petrol,Nairobi,Foreign Used,2205000
Subaru,Outback,2016,73509,2500 cc,Automatic,Petrol,Nairobi,Locally Used,2580000
Mazda,CX-5,2017,73682,2200 cc,Automatic,Diesel,Mombasa,Foreign Used,3135000
Mercedes-Benz,C200,2018,73855,2000 cc,Automatic,Petrol,Nairobi,Foreign Used,3937500
Nissan,X-Trail,2019,74028,2000 cc,Automatic,Petrol,Nakuru,Locally Used,2012499
Honda,Fit,2020,74201,1500 cc,Manual,Petrol,Kisumu,Locally Used,1762500
BMW,X3,2021,74374,2000 cc,Automatic,Diesel,Nairobi,Foreign Used,5040000
Audi,A4,2022,74547,2000 cc,Automatic,Diesel,Mombasa,Foreign Used,4777500
Toyota,Premio,2008,74720,1800 cc,Automatic,Petrol,Nairobi,Foreign Used,1575000
Subaru,Outback,2009,74893,2500 cc,Automatic,Petrol,Nairobi,Locally Used,1860000
Mazda,CX-5,2010,75066,2200 cc,Automatic,Diesel,Mombasa,Foreign Used,2280000
Mercedes-Benz,C200,2011,75239,2000 cc,Automatic,Petrol,Nairobi,Foreign Used,2887500
Nissan,X-Trail,2012,75412,2000 cc,Automatic,Petrol,Nakuru,Locally Used,1487500
Honda,Fit,2013,75585,1500 cc,Manual,Petrol,Kisumu,Locally Used,1312500
BMW,X3,2014,75758,2000 cc,Automatic,Diesel,Nairobi,Foreign Used,3780000
Audi,A4,2015,75931,2000 cc,Automatic,Diesel,Mombasa,Foreign Used,3607500
Toyota,Premio,2016,76104,1800 cc,Automatic,Petrol,Nairobi,Foreign Used,1995000
Subaru,Outback,2017,76277,2500 cc,Automatic,Petrol,Nairobi,Locally Used,2340000
Mazda,CX-5,2018,76450,2200 cc,Automatic,Diesel,Mombasa,Foreign Used,2850000
Mercedes-Benz,C200,2019,76623,2000 cc,Automatic,Petrol,Nairobi,Foreign Used,3587499
Nissan,X-Trail,2020,76796,2000 cc,Automatic,Petrol,Nakuru,Locally Used,1837500
Honda,Fit,2021,76969,1500 cc,Manual,Petrol,Kisumu,Locally Used,1612500
BMW,X3,2022,77142,2000 cc,Automatic,Diesel,Nairobi,Foreign Used,4620000
Audi,A4,2008,77315,2000 cc,Automatic,Diesel,Mombasa,Foreign Used,4387500
Toyota,Premio,2009,77488,1800 cc,Automatic,Petrol,Nairobi,Foreign Used,2415000
Subaru,Outback,2010,77661,2500 cc,Automatic,Petrol,Nairobi,Locally Used,2820000
Mazda,CX-5,2011,77834,2200 cc,Automatic,Diesel,Mombasa,Foreign Used,3420000
Mercedes-Benz,C200,2012,78007,2000 cc,Automatic,Petrol,Nairobi,Foreign Used,4287500
Nissan,X-Trail,2013,78180,2000 cc,Automatic,Petrol,Nakuru,Locally Used,1312500
Honda,Fit,2014,78353,1500 cc,Manual,Petrol,Kisumu,Locally Used,1162500
BMW,X3,2015,78526,2000 cc,Automatic,Diesel,Nairobi,Foreign Used,3360000
Audi,A4,2016,78699,2000 cc,Automatic,Diesel,Mombasa,Foreign Used,3217500
Toyota,Premio,2017,78872,1800 cc,Automatic,Petrol,Nairobi,Foreign Used,1785000
Subaru,Outback,2018,79045,2500 cc,Automatic,Petrol,Nairobi,Locally Used,2100000
Mazda,CX-5,2019,79218,2200 cc,Automatic,Diesel,Mombasa,Foreign Used,2565000
Mercedes-Benz,C200,2020,79391,2000 cc,Automatic,Petrol,Nairobi,Foreign Used,3237500
Nissan,X-Trail,2021,79564,2000 cc,Automatic,Petrol,Nakuru,Locally Used,1662500
Honda,Fit,2022,79737,1500 cc,Manual,Petrol,Kisumu,Locally Used,1462500
BMW,X3,2008,79910,2000 cc,Automatic,Diesel,Nairobi,Foreign Used,4200000
Audi,A4,2009,80083,2000 cc,Automatic,Diesel,Mombasa,Foreign Used,3997499
Toyota,Premio,2010,80256,1800 cc,Automatic,Petrol,Nairobi,Foreign Used,2205000
Subaru,Outback,2011,80429,2500 cc,Automatic,Petrol,Nairobi,Locally Used,2580000
Mazda,CX-5,2012,80602,2200 cc,Automatic,Diesel,Mombasa,Foreign Used,3135000
Mercedes-Benz,C200,2013,80775,2000 cc,Automatic,Petrol,Nairobi,Foreign Used,3937500
Nissan,X-Trail,2014,80948,2000 cc,Automatic,Petrol,Nakuru,Locally Used,2012499
Honda,Fit,2015,81121,1500 cc,Manual,Petrol,Kisumu,Locally Used,1762500
BMW,X3,2016,81294,2000 cc,Automatic,Diesel,Nairobi,Foreign Used,5040000
Audi,A4,2017,81467,2000 cc,Automatic,Diesel,Mombasa,Foreign Used,4777500
Toyota,Premio,2018,81640,1800 cc,Automatic,Petrol,Nairobi,Foreign Used,1575000
Subaru,Outback,2019,81813,2500 cc,Automatic,Petrol,Nairobi,Locally Used,1860000
Mazda,CX-5,2020,81986,2200 cc,Automatic,Diesel,Mombasa,Foreign Used,2280000
Mercedes-Benz,C200,2021,82159,2000 cc,Automatic,Petrol,Nairobi,Foreign Used,2887500
Nissan,X-Trail,2022,82332,2000 cc,Automatic,Petrol,Nakuru,Locally Used,1487500
Honda,Fit,2008,82505,1500 cc,Manual,Petrol,Kisumu,Locally Used,1312500
BMW,X3,2009,82678,2000 cc,Automatic,Diesel,Nairobi,Foreign Used,3780000
Audi,A4,2010,82851,2000 cc,Automatic,Diesel,Mombasa,Foreign Used,3607500
Toyota,Premio,2011,83024,1800 cc,Automatic,Petrol,Nairobi,Foreign Used,1995000
Subaru,Outback,2012,83197,2500 cc,Automatic,Petrol,Nairobi,Locally Used,2340000
Mazda,CX-5,2013,83370,2200 cc,Automatic,Diesel,Mombasa,Foreign Used,2850000
Mercedes-Benz,C200,2014,83543,2000 cc,Automatic,Petrol,Nairobi,Foreign Used,3587499
Nissan,X-Trail,2015,83716,2000 cc,Automatic,Petrol,Nakuru,Locally Used,1837500
Honda,Fit,2016,83889,1500 cc,Manual,Petrol,Kisumu,Locally Used,1612500
BMW,X3,2017,84062,2000 cc,Automatic,Diesel,Nairobi,Foreign Used,4620000
Audi,A4,2018,84235,2000 cc,Automatic,Diesel,Mombasa,Foreign Used,4387500
Toyota,Premio,2019,84408,1800 cc,Automatic,Petrol,Nairobi,Foreign Used,2415000
Subaru,Outback,2020,84581,2500 cc,Automatic,Petrol,Nairobi,Locally Used,2820000
Mazda,CX-5,2021,84754,2200 cc,Automatic,Diesel,Mombasa,Foreign Used,3420000
Mercedes-Benz,C200,2022,84927,2000 cc,Automatic,Petrol,Nairobi,Foreign Used,4287500
Nissan,X-Trail,2008,85100,2000 cc,Automatic,Petrol,Nakuru,Locally Used,1312500
Honda,Fit,2009,85273,1500 cc,Manual,Petrol,Kisumu,Locally Used,1162500
BMW,X3,2010,85446,2000 cc,Automatic,Diesel,Nairobi,Foreign Used,3360000
Audi,A4,2011,85619,2000 cc,Automatic,Diesel,Mombasa,Foreign Used,3217500
Toyota,Premio,2012,85792,1800 cc,Automatic,Petrol,Nairobi,Foreign Used,1785000
Subaru,Outback,2013,85965,2500 cc,Automatic,Petrol,Nairobi,Locally Used,2100000
Mazda,CX-5,2014,86138,2200 cc,Automatic,Diesel,Mombasa,Foreign Used,2565000
Mercedes-Benz,C200,2015,86311,2000 cc,Automatic,Petrol,Nairobi,Foreign Used,3237500
Nissan,X-Trail,2016,86484,2000 cc,Automatic,Petrol,Nakuru,Locally Used,1662500
Honda,Fit,2017,86657,1500 cc,Manual,Petrol,Kisumu,Locally Used,1462500
BMW,X3,2018,86830,2000 cc,Automatic,Diesel,Nairobi,Foreign Used,4200000
Audi,A4,2019,87003,2000 cc,Automatic,Diesel,Mombasa,Foreign Used,3997499
Toyota,Premio,2020,87176,1800 cc,Automatic,Petrol,Nairobi,Foreign Used,2205000
Subaru,Outback,2021,87349,2500 cc,Automatic,Petrol,Nairobi,Locally Used,2580000
Mazda,CX-5,2022,87522,2200 cc,Automatic,Diesel,Mombasa,Foreign Used,3135000
Mercedes-Benz,C200,2008,87695,2000 cc,Automatic,Petrol,Nairobi,Foreign Used,3937500
Nissan,X-Trail,2009,87868,2000 cc,Automatic,Petrol,Nakuru,Locally Used,2012499
Honda,Fit,2010,88041,1500 cc,Manual,Petrol,Kisumu,Locally Used,1762500
BMW,X3,2011,88214,2000 cc,Automatic,Diesel,Nairobi,Foreign Used,5040000
Audi,A4,2012,88387,2000 cc,Automatic,Diesel,Mombasa,Foreign Used,4777500
Toyota,Premio,2013,88560,1800 cc,Automatic,Petrol,Nairobi,Foreign Used,1575000
Subaru,Outback,2014,88733,2500 cc,Automatic,Petrol,Nairobi,Locally Used,1860000
Mazda,CX-5,2015,88906,2200 cc,Automatic,Diesel,Mombasa,Foreign Used,2280000
Mercedes-Benz,C200,2016,89079,2000 cc,Automatic,Petrol,Nairobi,Foreign Used,2887500
Nissan,X-Trail,2017,89252,2000 cc,Automatic,Petrol,Nakuru,Locally Used,1487500
Honda,Fit,2018,89425,1500 cc,Manual,Petrol,Kisumu,Locally Used,1312500
BMW,X3,2019,89598,2000 cc,Automatic,Diesel,Nairobi,Foreign Used,3780000
Audi,A4,2020,89771,2000 cc,Automatic,Diesel,Mombasa,Foreign Used,3607500
Toyota,Premio,2021,89944,1800 cc,Automatic,Petrol,Nairobi,Foreign Used,1995000
Subaru,Outback,2022,90117,2500 cc,Automatic,Petrol,Nairobi,Locally Used,2340000
Mazda,CX-5,2008,90290,2200 cc,Automatic,Diesel,Mombasa,Foreign Used,2850000
Mercedes-Benz,C200,2009,90463,2000 cc,Automatic,Petrol,Nairobi,Foreign Used,3587499
Nissan,X-Trail,2010,90636,2000 cc,Automatic,Petrol,Nakuru,Locally Used,1837500
Honda,Fit,2011,90809,1500 cc,Manual,Petrol,Kisumu,Locally Used,1612500
BMW,X3,2012,90982,2000 cc,Automatic,Diesel,Nairobi,Foreign Used,4620000
Audi,A4,2013,91155,2000 cc,Automatic,Diesel,Mombasa,Foreign Used,4387500
Toyota,Premio,2014,91328,1800 cc,Automatic,Petrol,Nairobi,Foreign Used,2415000
Subaru,Outback,2015,91501,2500 cc,Automatic,Petrol,Nairobi,Locally Used,2820000
Mazda,CX-5,2016,91674,2200 cc,Automatic,Diesel,Mombasa,Foreign Used,3420000
Mercedes-Benz,C200,2017,91847,2000 cc,Automatic,Petrol,Nairobi,Foreign Used,4287500
Nissan,X-Trail,2018,92020,2000 cc,Automatic,Petrol,Nakuru,Locally Used,1312500
Honda,Fit,2019,92193,1500 cc,Manual,Petrol,Kisumu,Locally Used,1162500
BMW,X3,2020,92366,2000 cc,Automatic,Diesel,Nairobi,Foreign Used,3360000
Audi,A4,2021,92539,2000 cc,Automatic,Diesel,Mombasa,Foreign Used,3217500
Toyota,Premio,2022,92712,1800 cc,Automatic,Petrol,Nairobi,Foreign Used,1785000
Subaru,Outback,2008,92885,2500 cc,Automatic,Petrol,Nairobi,Locally Used,2100000
Mazda,CX-5,2009,93058,2200 cc,Automatic,Diesel,Mombasa,Foreign Used,2565000
Mercedes-Benz,C200,2010,93231,2000 cc,Automatic,Petrol,Nairobi,Foreign Used,3237500
Nissan,X-Trail,2011,93404,2000 cc,Automatic,Petrol,Nakuru,Locally Used,1662500
Honda,Fit,2012,93577,1500 cc,Manual,Petrol,Kisumu,Locally Used,1462500
BMW,X3,2013,93750,2000 cc,Automatic,Diesel,Nairobi,Foreign Used,4200000
Audi,A4,2014,93923,2000 cc,Automatic,Diesel,Mombasa,Foreign Used,3997499
Toyota,Premio,2015,94096,1800 cc,Automatic,Petrol,Nairobi,Foreign Used,2205000
Subaru,Outback,2016,94269,2500 cc,Automatic,Petrol,Nairobi,Locally Used,2580000
Mazda,CX-5,2017,94442,2200 cc,Automatic,Diesel,Mombasa,Foreign Used,3135000
Mercedes-Benz,C200,2018,94615,2000 cc,Automatic,Petrol,Nairobi,Foreign Used,3937500
Nissan,X-Trail,2019,94788,2000 cc,Automatic,Petrol,Nakuru,Locally Used,2012499
Honda,Fit,2020,94961,1500 cc,Manual,Petrol,Kisumu,Locally Used,1762500
BMW,X3,2021,95134,2000 cc,Automatic,Diesel,Nairobi,Foreign Used,5040000
Audi,A4,2022,95307,2000 cc,Automatic,Diesel,Mombasa,Foreign Used,4777500
Toyota,Premio,2008,95480,1800 cc,Automatic,Petrol,Nairobi,Foreign Used,1575000
Subaru,Outback,2009,95653,2500 cc,Automatic,Petrol,Nairobi,Locally Used,1860000
Mazda,CX-5,2010,95826,2200 cc,Automatic,Diesel,Mombasa,Foreign Used,2280000
Mercedes-Benz,C200,2011,95999,2000 cc,Automatic,Petrol,Nairobi,Foreign Used,2887500
Nissan,X-Trail,2012,96172,2000 cc,Automatic,Petrol,Nakuru,Locally Used,1487500
Honda,Fit,2013,96345,1500 cc,Manual,Petrol,Kisumu,Locally Used,1312500
BMW,X3,2014,96518,2000 cc,Automatic,Diesel,Nairobi,Foreign Used,3780000
Audi,A4,2015,96691,2000 cc,Automatic,Diesel,Mombasa,Foreign Used,3607500
Toyota,Premio,2016,96864,1800 cc,Automatic,Petrol,Nairobi,Foreign Used,1995000
Subaru,Outback,2017,97037,2500 cc,Automatic,Petrol,Nairobi,Locally Used,2340000
Mazda,CX-5,2018,97210,2200 cc,Automatic,Diesel,Mombasa,Foreign Used,2850000
Mercedes-Benz,C200,2019,97383,2000 cc,Automatic,Petrol,Nairobi,Foreign Used,3587499
Nissan,X-Trail,2020,97556,2000 cc,Automatic,Petrol,Nakuru,Locally Used,1837500
Honda,Fit,2021,97729,1500 cc,Manual,Petrol,Kisumu,Locally Used,1612500
BMW,X3,2022,97902,2000 cc,Automatic,Diesel,Nairobi,Foreign Used,4620000
Audi,A4,2008,98075,2000 cc,Automatic,Diesel,Mombasa,Foreign Used,4387500
Toyota,Premio,2009,98248,1800 cc,Automatic,Petrol,Nairobi,Foreign Used,2415000
Subaru,Outback,2010,98421,2500 cc,Automatic,Petrol,Nairobi,Locally Used,2820000
Mazda,CX-5,2011,98594,2200 cc,Automatic,Diesel,Mombasa,Foreign Used,3420000
Mercedes-Benz,C200,2012,98767,2000 cc,Automatic,Petrol,Nairobi,Foreign Used,4287500
Nissan,X-Trail,2013,98940,2000 cc,Automatic,Petrol,Nakuru,Locally Used,1312500
Honda,Fit,2014,99113,1500 cc,Manual,Petrol,Kisumu,Locally Used,1162500
BMW,X3,2015,99286,2000 cc,Automatic,Diesel,Nairobi,Foreign Used,3360000
Audi,A4,2016,99459,2000 cc,Automatic,Diesel,Mombasa,Foreign Used,3217500
Toyota,Premio,2017,99632,1800 cc,Automatic,Petrol,Nairobi,Foreign Used,1785000
Subaru,Outback,2018,99805,2500 cc,Automatic,Petrol,Nairobi,Locally Used,2100000
Mazda,CX-5,2019,99978,2200 cc,Automatic,Diesel,Mombasa,Foreign Used,2565000
Mercedes-Benz,C200,2020,100151,2000 cc,Automatic,Petrol,Nairobi,Foreign Used,3237500
Nissan,X-Trail,2021,100324,2000 cc,Automatic,Petrol,Nakuru,Locally Used,1662500
Honda,Fit,2022,100497,1500 cc,Manual,Petrol,Kisumu,Locally Used,1462500
BMW,X3,2008,100670,2000 cc,Automatic,Diesel,Nairobi,Foreign Used,4200000
Audi,A4,2009,100843,2000 cc,Automatic,Diesel,Mombasa,Foreign Used,3997499
Toyota,Premio,2010,101016,1800 cc,Automatic,Petrol,Nairobi,Foreign Used,2205000
Subaru,Outback,2011,101189,2500 cc,Automatic,Petrol,Nairobi,Locally Used,2580000
Mazda,CX-5,2012,101362,2200 cc,Automatic,Diesel,Mombasa,Foreign Used,3135000
Mercedes-Benz,C200,2013,101535,2000 cc,Automatic,Petrol,Nairobi,Foreign Used,3937500
Nissan,X-Trail,2014,101708,2000 cc,Automatic,Petrol,Nakuru,Locally Used,2012499
Honda,Fit,2015,101881,1500 cc,Manual,Petrol,Kisumu,Locally Used,1762500
BMW,X3,2016,102054,2000 cc,Automatic,Diesel,Nairobi,Foreign Used,5040000
Audi,A4,2017,102227,2000 cc,Automatic,Diesel,Mombasa,Foreign Used,4777500
Toyota,Premio,2018,102400,1800 cc,Automatic,Petrol,Nairobi,Foreign Used,1575000
Subaru,Outback,2019,102573,2500 cc,Automatic,Petrol,Nairobi,Locally Used,1860000
Mazda,CX-5,2020,102746,2200 cc,Automatic,Diesel,Mombasa,Foreign Used,2280000
Mercedes-Benz,C200,2021,102919,2000 cc,Automatic,Petrol,Nairobi,Foreign Used,2887500
Nissan,X-Trail,2022,103092,2000 cc,Automatic,Petrol,Nakuru,Locally Used,1487500
Honda,Fit,2008,103265,1500 cc,Manual,Petrol,Kisumu,Locally Used,1312500
BMW,X3,2009,103438,2000 cc,Automatic,Diesel,Nairobi,Foreign Used,3780000
Audi,A4,2010,103611,2000 cc,Automatic,Diesel,Mombasa,Foreign Used,3607500
Toyota,Premio,2011,103784,1800 cc,Automatic,Petrol,Nairobi,Foreign Used,1995000
Subaru,Outback,2012,103957,2500 cc,Automatic,Petrol,Nairobi,Locally Used,2340000
Mazda,CX-5,2013,104130,2200 cc,Automatic,Diesel,Mombasa,Foreign Used,2850000
Mercedes-Benz,C200,2014,104303,2000 cc,Automatic,Petrol,Nairobi,Foreign Used,3587499
Nissan,X-Trail,2015,104476,2000 cc,Automatic,Petrol,Nakuru,Locally Used,1837500
Honda,Fit,2016,104649,1500 cc,Manual,Petrol,Kisumu,Locally Used,1612500
BMW,X3,2017,104822,2000 cc,Automatic,Diesel,Nairobi,Foreign Used,4620000
Audi,A4,2018,104995,2000 cc,Automatic,Diesel,Mombasa,Foreign Used,4387500
Toyota,Premio,2019,105168,1800 cc,Automatic,Petrol,Nairobi,Foreign Used,2415000
Subaru,Outback,2020,105341,2500 cc,Automatic,Petrol,Nairobi,Locally Used,2820000
Mazda,CX-5,2021,105514,2200 cc,Automatic,Diesel,Mombasa,Foreign Used,3420000
Mercedes-Benz,C200,2022,105687,2000 cc,Automatic,Petrol,Nairobi,Foreign Used,4287500
Nissan,X-Trail,2008,105860,2000 cc,Automatic,Petrol,Nakuru,Locally Used,1312500
Honda,Fit,2009,106033,1500 cc,Manual,Petrol,Kisumu,Locally Used,1162500
BMW,X3,2010,106206,2000 cc,Automatic,Diesel,Nairobi,Foreign Used,3360000
Audi,A4,2011,106379,2000 cc,Automatic,Diesel,Mombasa,Foreign Used,3217500
Toyota,Premio,2012,106552,1800 cc,Automatic,Petrol,Nairobi,Foreign Used,1785000
Subaru,Outback,2013,106725,2500 cc,Automatic,Petrol,Nairobi,Locally Used,2100000
Mazda,CX-5,2014,106898,2200 cc,Automatic,Diesel,Mombasa,Foreign Used,2565000
Mercedes-Benz,C200,2015,107071,2000 cc,Automatic,Petrol,Nairobi,Foreign Used,3237500
Nissan,X-Trail,2016,107244,2000 cc,Automatic,Petrol,Nakuru,Locally Used,1662500
Honda,Fit,2017,107417,1500 cc,Manual,Petrol,Kisumu,Locally Used,1462500
BMW,X3,2018,107590,2000 cc,Automatic,Diesel,Nairobi,Foreign Used,4200000
Audi,A4,2019,107763,2000 cc,Automatic,Diesel,Mombasa,Foreign Used,3997499
Toyota,Premio,2020,107936,1800 cc,Automatic,Petrol,Nairobi,Foreign Used,2205000
Subaru,Outback,2021,108109,2500 cc,Automatic,Petrol,Nairobi,Locally Used,2580000
Mazda,CX-5,2022,108282,2200 cc,Automatic,Diesel,Mombasa,Foreign Used,3135000
Mercedes-Benz,C200,2008,108455,2000 cc,Automatic,Petrol,Nairobi,Foreign Used,3937500
Nissan,X-Trail,2009,108628,2000 cc,Automatic,Petrol,Nakuru,Locally Used,2012499
Honda,Fit,2010,108801,1500 cc,Manual,Petrol,Kisumu,Locally Used,1762500
BMW,X3,2011,108974,2000 cc,Automatic,Diesel,Nairobi,Foreign Used,5040000
Audi,A4,2012,109147,2000 cc,Automatic,Diesel,Mombasa,Foreign Used,4777500
Toyota,Premio,2013,109320,1800 cc,Automatic,Petrol,Nairobi,Foreign Used,1575000
Subaru,Outback,2014,109493,2500 cc,Automatic,Petrol,Nairobi,Locally Used,1860000
Mazda,CX-5,2015,109666,2200 cc,Automatic,Diesel,Mombasa,Foreign Used,2280000
Mercedes-Benz,C200,2016,109839,2000 cc,Automatic,Petrol,Nairobi,Foreign Used,2887500
Nissan,X-Trail,2017,110012,2000 cc,Automatic,Petrol,Nakuru,Locally Used,1487500
Honda,Fit,2018,110185,1500 cc,Manual,Petrol,Kisumu,Locally Used,1312500
BMW,X3,2019,110358,2000 cc,Automatic,Diesel,Nairobi,Foreign Used,3780000
Audi,A4,2020,110531,2000 cc,Automatic,Diesel,Mombasa,Foreign Used,3607500
Toyota,Premio,2021,110704,1800 cc,Automatic,Petrol,Nairobi,Foreign Used,1995000
Subaru,Outback,2022,110877,2500 cc,Automatic,Petrol,Nairobi,Locally Used,2340000
Mazda,CX-5,2008,111050,2200 cc,Automatic,Diesel,Mombasa,Foreign Used,2850000
Mercedes-Benz,C200,2009,111223,2000 cc,Automatic,Petrol,Nairobi,Foreign Used,3587499
Nissan,X-Trail,2010,111396,2000 cc,Automatic,Petrol,Nakuru,Locally Used,1837500
Honda,Fit,2011,111569,1500 cc,Manual,Petrol,Kisumu,Locally Used,1612500
BMW,X3,2012,111742,2000 cc,Automatic,Diesel,Nairobi,Foreign Used,4620000
Audi,A4,2013,111915,2000 cc,Automatic,Diesel,Mombasa,Foreign Used,4387500
Toyota,Premio,2014,112088,1800 cc,Automatic,Petrol,Nairobi,Foreign Used,2415000
Subaru,Outback,2015,112261,2500 cc,Automatic,Petrol,Nairobi,Locally Used,2820000
Mazda,CX-5,2016,112434,2200 cc,Automatic,Diesel,Mombasa,Foreign Used,3420000
Mercedes-Benz,C200,2017,112607,2000 cc,Automatic,Petrol,Nairobi,Foreign Used,4287500
Nissan,X-Trail,2018,112780,2000 cc,Automatic,Petrol,Nakuru,Locally Used,1312500
Honda,Fit,2019,112953,1500 cc,Manual,Petrol,Kisumu,Locally Used,1162500
BMW,X3,2020,113126,2000 cc,Automatic,Diesel,Nairobi,Foreign Used,3360000
Audi,A4,2021,113299,2000 cc,Automatic,Diesel,Mombasa,Foreign Used,3217500
Toyota,Premio,2022,113472,1800 cc,Automatic,Petrol,Nairobi,Foreign Used,1785000
Subaru,Outback,2008,113645,2500 cc,Automatic,Petrol,Nairobi,Locally Used,2100000
Mazda,CX-5,2009,113818,2200 cc,Automatic,Diesel,Mombasa,Foreign Used,2565000
Mercedes-Benz,C200,2010,113991,2000 cc,Automatic,Petrol,Nairobi,Foreign Used,3237500
Nissan,X-Trail,2011,114164,2000 cc,Automatic,Petrol,Nakuru,Locally Used,1662500
Honda,Fit,2012,114337,1500 cc,Manual,Petrol,Kisumu,Locally Used,1462500
BMW,X3,2013,114510,2000 cc,Automatic,Diesel,Nairobi,Foreign Used,4200000
Audi,A4,2014,114683,2000 cc,Automatic,Diesel,Mombasa,Foreign Used,3997499
Toyota,Premio,2015,114856,1800 cc,Automatic,Petrol,Nairobi,Foreign Used,2205000
Subaru,Outback,2016,115029,2500 cc,Automatic,Petrol,Nairobi,Locally Used,2580000
Mazda,CX-5,2017,115202,2200 cc,Automatic,Diesel,Mombasa,Foreign Used,3135000
Mercedes-Benz,C200,2018,115375,2000 cc,Automatic,Petrol,Nairobi,Foreign Used,3937500
Nissan,X-Trail,2019,115548,2000 cc,Automatic,Petrol,Nakuru,Locally Used,2012499
Honda,Fit,2020,115721,1500 cc,Manual,Petrol,Kisumu,Locally Used,1762500
BMW,X3,2021,115894,2000 cc,Automatic,Diesel,Nairobi,Foreign Used,5040000
Audi,A4,2022,116067,2000 cc,Automatic,Diesel,Mombasa,Foreign Used,4777500
Toyota,Premio,2008,116240,1800 cc,Automatic,Petrol,Nairobi,Foreign Used,1575000
Subaru,Outback,2009,116413,2500 cc,Automatic,Petrol,Nairobi,Locally Used,1860000
Mazda,CX-5,2010,116586,2200 cc,Automatic,Diesel,Mombasa,Foreign Used,2280000
Mercedes-Benz,C200,2011,116759,2000 cc,Automatic,Petrol,Nairobi,Foreign Used,2887500
Nissan,X-Trail,2012,116932,2000 cc,Automatic,Petrol,Nakuru,Locally Used,1487500
Honda,Fit,2013,117105,1500 cc,Manual,Petrol,Kisumu,Locally Used,1312500
BMW,X3,2014,117278,2000 cc,Automatic,Diesel,Nairobi,Foreign Used,3780000
Audi,A4,2015,117451,2000 cc,Automatic,Diesel,Mombasa,Foreign Used,3607500
Toyota,Premio,2016,117624,1800 cc,Automatic,Petrol,Nairobi,Foreign Used,1995000
Subaru,Outback,2017,117797,2500 cc,Automatic,Petrol,Nairobi,Locally Used,2340000
Mazda,CX-5,2018,117970,2200 cc,Automatic,Diesel,Mombasa,Foreign Used,2850000
Mercedes-Benz,C200,2019,118143,2000 cc,Automatic,Petrol,Nairobi,Foreign Used,3587499
Nissan,X-Trail,2020,118316,2000 cc,Automatic,Petrol,Nakuru,Locally Used,1837500
Honda,Fit,2021,118489,1500 cc,Manual,Petrol,Kisumu,Locally Used,1612500
BMW,X3,2022,118662,2000 cc,Automatic,Diesel,Nairobi,Foreign Used,4620000
Audi,A4,2008,118835,2000 cc,Automatic,Diesel,Mombasa,Foreign Used,4387500
Toyota,Premio,2009,119008,1800 cc,Automatic,Petrol,Nairobi,Foreign Used,2415000
Subaru,Outback,2010,119181,2500 cc,Automatic,Petrol,Nairobi,Locally Used,2820000
Mazda,CX-5,2011,119354,2200 cc,Automatic,Diesel,Mombasa,Foreign Used,3420000
Mercedes-Benz,C200,2012,119527,2000 cc,Automatic,Petrol,Nairobi,Foreign Used,4287500
Nissan,X-Trail,2013,119700,2000 cc,Automatic,Petrol,Nakuru,Locally Used,1312500
Honda,Fit,2014,119873,1500 cc,Manual,Petrol,Kisumu,Locally Used,1162500
BMW,X3,2015,120046,2000 cc,Automatic,Diesel,Nairobi,Foreign Used,3360000
Audi,A4,2016,120219,2000 cc,Automatic,Diesel,Mombasa,Foreign Used,3217500
Toyota,Premio,2017,120392,1800 cc,Automatic,Petrol,Nairobi,Foreign Used,1785000
Subaru,Outback,2018,120565,2500 cc,Automatic,Petrol,Nairobi,Locally Used,2100000
Mazda,CX-5,2019,120738,2200 cc,Automatic,Diesel,Mombasa,Foreign Used,2565000
Mercedes-Benz,C200,2020,120911,2000 cc,Automatic,Petrol,Nairobi,Foreign Used,3237500
Nissan,X-Trail,2021,121084,2000 cc,Automatic,Petrol,Nakuru,Locally Used,1662500
Honda,Fit,2022,121257,1500 cc,Manual,Petrol,Kisumu,Locally Used,1462500
BMW,X3,2008,121430,2000 cc,Automatic,Diesel,Nairobi,Foreign Used,4200000
Audi,A4,2009,121603,2000 cc,Automatic,Diesel,Mombasa,Foreign Used,3997499
Toyota,Premio,2010,121776,1800 cc,Automatic,Petrol,Nairobi,Foreign Used,2205000
Subaru,Outback,2011,121949,2500 cc,Automatic,Petrol,Nairobi,Locally Used,2580000
Mazda,CX-5,2012,122122,2200 cc,Automatic,Diesel,Mombasa,Foreign Used,3135000
Mercedes-Benz,C200,2013,122295,2000 cc,Automatic,Petrol,Nairobi,Foreign Used,3937500
Nissan,X-Trail,2014,122468,2000 cc,Automatic,Petrol,Nakuru,Locally Used,2012499
Honda,Fit,2015,122641,1500 cc,Manual,Petrol,Kisumu,Locally Used,1762500
BMW,X3,2016,122814,2000 cc,Automatic,Diesel,Nairobi,Foreign Used,5040000
Audi,A4,2017,122987,2000 cc,Automatic,Diesel,Mombasa,Foreign Used,4777500
Toyota,Premio,2018,123160,1800 cc,Automatic,Petrol,Nairobi,Foreign Used,1575000
Subaru,Outback,2019,123333,2500 cc,Automatic,Petrol,Nairobi,Locally Used,1860000
Mazda,CX-5,2020,123506,2200 cc,Automatic,Diesel,Mombasa,Foreign Used,2280000
Mercedes-Benz,C200,2021,123679,2000 cc,Automatic,Petrol,Nairobi,Foreign Used,2887500
Nissan,X-Trail,2022,123852,2000 cc,Automatic,Petrol,Nakuru,Locally Used,1487500
Honda,Fit,2008,124025,1500 cc,Manual,Petrol,Kisumu,Locally Used,1312500
BMW,X3,2009,124198,2000 cc,Automatic,Diesel,Nairobi,Foreign Used,3780000
Audi,A4,2010,124371,2000 cc,Automatic,Diesel,Mombasa,Foreign Used,3607500
Toyota,Premio,2011,124544,1800 cc,Automatic,Petrol,Nairobi,Foreign Used,1995000
Subaru,Outback,2012,124717,2500 cc,Automatic,Petrol,Nairobi,Locally Used,2340000
Mazda,CX-5,2013,124890,2200 cc,Automatic,Diesel,Mombasa,Foreign Used,2850000
Mercedes-Benz,C200,2014,125063,2000 cc,Automatic,Petrol,Nairobi,Foreign Used,3587499
Nissan,X-Trail,2015,125236,2000 cc,Automatic,Petrol,Nakuru,Locally Used,1837500
Honda,Fit,2016,125409,1500 cc,Manual,Petrol,Kisumu,Locally Used,1612500
BMW,X3,2017,125582,2000 cc,Automatic,Diesel,Nairobi,Foreign Used,4620000
Audi,A4,2018,125755,2000 cc,Automatic,Diesel,Mombasa,Foreign Used,4387500
Toyota,Premio,2019,125928,1800 cc,Automatic,Petrol,Nairobi,Foreign Used,2415000
Subaru,Outback,2020,126101,2500 cc,Automatic,Petrol,Nairobi,Locally Used,2820000
Mazda,CX-5,2021,126274,2200 cc,Automatic,Diesel,Mombasa,Foreign Used,3420000
Mercedes-Benz,C200,2022,126447,2000 cc,Automatic,Petrol,Nairobi,Foreign Used,4287500
Nissan,X-Trail,2008,126620,2000 cc,Automatic,Petrol,Nakuru,Locally Used,1312500
Honda,Fit,2009,126793,1500 cc,Manual,Petrol,Kisumu,Locally Used,1162500
BMW,X3,2010,126966,2000 cc,Automatic,Diesel,Nairobi,Foreign Used,3360000
Audi,A4,2011,127139,2000 cc,Automatic,Diesel,Mombasa,Foreign Used,3217500
Toyota,Premio,2012,127312,1800 cc,Automatic,Petrol,Nairobi,Foreign Used,1785000
Subaru,Outback,2013,127485,2500 cc,Automatic,Petrol,Nairobi,Locally Used,2100000
Mazda,CX-5,2014,127658,2200 cc,Automatic,Diesel,Mombasa,Foreign Used,2565000
Mercedes-Benz,C200,2015,127831,2000 cc,Automatic,Petrol,Nairobi,Foreign Used,3237500
Nissan,X-Trail,2016,128004,2000 cc,Automatic,Petrol,Nakuru,Locally Used,1662500
Honda,Fit,2017,128177,1500 cc,Manual,Petrol,Kisumu,Locally Used,1462500
BMW,X3,2018,128350,2000 cc,Automatic,Diesel,Nairobi,Foreign Used,4200000
Audi,A4,2019,128523,2000 cc,Automatic,Diesel,Mombasa,Foreign Used,3997499
Toyota,Premio,2020,128696,1800 cc,Automatic,Petrol,Nairobi,Foreign Used,2205000
Subaru,Outback,2021,128869,2500 cc,Automatic,Petrol,Nairobi,Locally Used,2580000
Mazda,CX-5,2022,129042,2200 cc,Automatic,Diesel,Mombasa,Foreign Used,3135000
Mercedes-Benz,C200,2008,129215,2000 cc,Automatic,Petrol,Nairobi,Foreign Used,3937500
Nissan,X-Trail,2009,129388,2000 cc,Automatic,Petrol,Nakuru,Locally Used,2012499
Honda,Fit,2010,129561,1500 cc,Manual,Petrol,Kisumu,Locally Used,1762500
BMW,X3,2011,129734,2000 cc,Automatic,Diesel,Nairobi,Foreign Used,5040000
Audi,A4,2012,129907,2000 cc,Automatic,Diesel,Mombasa,Foreign Used,4777500
Toyota,Premio,2013,130080,1800 cc,Automatic,Petrol,Nairobi,Foreign Used,1575000
Subaru,Outback,2014,130253,2500 cc,Automatic,Petrol,Nairobi,Locally Used,1860000
Mazda,CX-5,2015,130426,2200 cc,Automatic,Diesel,Mombasa,Foreign Used,2280000
Mercedes-Benz,C200,2016,130599,2000 cc,Automatic,Petrol,Nairobi,Foreign Used,2887500
Nissan,X-Trail,2017,130772,2000 cc,Automatic,Petrol,Nakuru,Locally Used,1487500
Honda,Fit,2018,130945,1500 cc,Manual,Petrol,Kisumu,Locally Used,1312500
BMW,X3,2019,131118,2000 cc,Automatic,Diesel,Nairobi,Foreign Used,3780000
Audi,A4,2020,131291,2000 cc,Automatic,Diesel,Mombasa,Foreign Used,3607500
Toyota,Premio,2021,131464,1800 cc,Automatic,Petrol,Nairobi,Foreign Used,1995000
Subaru,Outback,2022,131637,2500 cc,Automatic,Petrol,Nairobi,Locally Used,2340000
Mazda,CX-5,2008,131810,2200 cc,Automatic,Diesel,Mombasa,Foreign Used,2850000
Mercedes-Benz,C200,2009,131983,2000 cc,Automatic,Petrol,Nairobi,Foreign Used,3587499
Nissan,X-Trail,2010,132156,2000 cc,Automatic,Petrol,Nakuru,Locally Used,1837500
Honda,Fit,2011,132329,1500 cc,Manual,Petrol,Kisumu,Locally Used,1612500
BMW,X3,2012,132502,2000 cc,Automatic,Diesel,Nairobi,Foreign Used,4620000
Audi,A4,2013,132675,2000 cc,Automatic,Diesel,Mombasa,Foreign Used,4387500
Toyota,Premio,2014,132848,1800 cc,Automatic,Petrol,Nairobi,Foreign Used,2415000
Subaru,Outback,2015,133021,2500 cc,Automatic,Petrol,Nairobi,Locally Used,2820000
Mazda,CX-5,2016,133194,2200 cc,Automatic,Diesel,Mombasa,Foreign Used,3420000
Mercedes-Benz,C200,2017,133367,2000 cc,Automatic,Petrol,Nairobi,Foreign Used,4287500
Nissan,X-Trail,2018,133540,2000 cc,Automatic,Petrol,Nakuru,Locally Used,1312500
Honda,Fit,2019,133713,1500 cc,Manual,Petrol,Kisumu,Locally Used,1162500
BMW,X3,2020,133886,2000 cc,Automatic,Diesel,Nairobi,Foreign Used,3360000
Audi,A4,2021,134059,2000 cc,Automatic,Diesel,Mombasa,Foreign Used,3217500
Toyota,Premio,2022,134232,1800 cc,Automatic,Petrol,Nairobi,Foreign Used,1785000
Subaru,Outback,2008,134405,2500 cc,Automatic,Petrol,Nairobi,Locally Used,2100000
Mazda,CX-5,2009,134578,2200 cc,Automatic,Diesel,Mombasa,Foreign Used,2565000
Mercedes-Benz,C200,2010,134751,2000 cc,Automatic,Petrol,Nairobi,Foreign Used,3237500
Nissan,X-Trail,2011,134924,2000 cc,Automatic,Petrol,Nakuru,Locally Used,1662500
Honda,Fit,2012,135097,1500 cc,Manual,Petrol,Kisumu,Locally Used,1462500
BMW,X3,2013,135270,2000 cc,Automatic,Diesel,Nairobi,Foreign Used,4200000
Audi,A4,2014,135443,2000 cc,Automatic,Diesel,Mombasa,Foreign Used,3997499
Toyota,Premio,2015,135616,1800 cc,Automatic,Petrol,Nairobi,Foreign Used,2205000
Subaru,Outback,2016,135789,2500 cc,Automatic,Petrol,Nairobi,Locally Used,2580000
Mazda,CX-5,2017,135962,2200 cc,Automatic,Diesel,Mombasa,Foreign Used,3135000
Mercedes-Benz,C200,2018,136135,2000 cc,Automatic,Petrol,Nairobi,Foreign Used,3937500
Nissan,X-Trail,2019,136308,2000 cc,Automatic,Petrol,Nakuru,Locally Used,2012499
Honda,Fit,2020,136481,1500 cc,Manual,Petrol,Kisumu,Locally Used,1762500
BMW,X3,2021,136654,2000 cc,Automatic,Diesel,Nairobi,Foreign Used,5040000
Audi,A4,2022,136827,2000 cc,Automatic,Diesel,Mombasa,Foreign Used,4777500
Toyota,Premio,2008,137000,1800 cc,Automatic,Petrol,Nairobi,Foreign Used,1575000
Subaru,Outback,2009,137173,2500 cc,Automatic,Petrol,Nairobi,Locally Used,1860000
Mazda,CX-5,2010,137346,2200 cc,Automatic,Diesel,Mombasa,Foreign Used,2280000
Mercedes-Benz,C200,2011,137519,2000 cc,Automatic,Petrol,Nairobi,Foreign Used,2887500
Nissan,X-Trail,2012,137692,2000 cc,Automatic,Petrol,Nakuru,Locally Used,1487500
Honda,Fit,2013,137865,1500 cc,Manual,Petrol,Kisumu,Locally Used,1312500
BMW,X3,2014,138038,2000 cc,Automatic,Diesel,Nairobi,Foreign Used,3780000
Audi,A4,2015,138211,2000 cc,Automatic,Diesel,Mombasa,Foreign Used,3607500
Toyota,Premio,2016,138384,1800 cc,Automatic,Petrol,Nairobi,Foreign Used,1995000
Subaru,Outback,2017,138557,2500 cc,Automatic,Petrol,Nairobi,Locally Used,2340000
Mazda,CX-5,2018,138730,2200 cc,Automatic,Diesel,Mombasa,Foreign Used,2850000
Mercedes-Benz,C200,2019,138903,2000 cc,Automatic,Petrol,Nairobi,Foreign Used,3587499
Nissan,X-Trail,2020,139076,2000 cc,Automatic,Petrol,Nakuru,Locally Used,1837500
Honda,Fit,2021,139249,1500 cc,Manual,Petrol,Kisumu,Locally Used,1612500
BMW,X3,2022,139422,2000 cc,Automatic,Diesel,Nairobi,Foreign Used,4620000
Audi,A4,2008,139595,2000 cc,Automatic,Diesel,Mombasa,Foreign Used,4387500
Toyota,Premio,2009,139768,1800 cc,Automatic,Petrol,Nairobi,Foreign Used,2415000
Subaru,Outback,2010,139941,2500 cc,Automatic,Petrol,Nairobi,Locally Used,2820000
Mazda,CX-5,2011,140114,2200 cc,Automatic,Diesel,Mombasa,Foreign Used,3420000
Mercedes-Benz,C200,2012,140287,2000 cc,Automatic,Petrol,Nairobi,Foreign Used,4287500
Nissan,X-Trail,2013,140460,2000 cc,Automatic,Petrol,Nakuru,Locally Used,1312500
Honda,Fit,2014,140633,1500 cc,Manual,Petrol,Kisumu,Locally Used,1162500
BMW,X3,2015,140806,2000 cc,Automatic,Diesel,Nairobi,Foreign Used,3360000
Audi,A4,2016,140979,2000 cc,Automatic,Diesel,Mombasa,Foreign Used,3217500
Toyota,Premio,2017,141152,1800 cc,Automatic,Petrol,Nairobi,Foreign Used,1785000
Subaru,Outback,2018,141325,2500 cc,Automatic,Petrol,Nairobi,Locally Used,2100000
Mazda,CX-5,2019,141498,2200 cc,Automatic,Diesel,Mombasa,Foreign Used,2565000
Mercedes-Benz,C200,2020,141671,2000 cc,Automatic,Petrol,Nairobi,Foreign Used,3237500
Nissan,X-Trail,2021,141844,2000 cc,Automatic,Petrol,Nakuru,Locally Used,1662500
Honda,Fit,2022,142017,1500 cc,Manual,Petrol,Kisumu,Locally Used,1462500
BMW,X3,2008,142190,2000 cc,Automatic,Diesel,Nairobi,Foreign Used,4200000
Audi,A4,2009,142363,2000 cc,Automatic,Diesel,Mombasa,Foreign Used,3997499
Toyota,Premio,2010,142536,1800 cc,Automatic,Petrol,Nairobi,Foreign Used,2205000
Subaru,Outback,2011,142709,2500 cc,Automatic,Petrol,Nairobi,Locally Used,2580000
Mazda,CX-5,2012,142882,2200 cc,Automatic,Diesel,Mombasa,Foreign Used,3135000
Mercedes-Benz,C200,2013,143055,2000 cc,Automatic,Petrol,Nairobi,Foreign Used,3937500
Nissan,X-Trail,2014,143228,2000 cc,Automatic,Petrol,Nakuru,Locally Used,2012499
Honda,Fit,2015,143401,1500 cc,Manual,Petrol,Kisumu,Locally Used,1762500
BMW,X3,2016,143574,2000 cc,Automatic,Diesel,Nairobi,Foreign Used,5040000
Audi,A4,2017,143747,2000 cc,Automatic,Diesel,Mombasa,Foreign Used,4777500
Toyota,Premio,2018,143920,1800 cc,Automatic,Petrol,Nairobi,Foreign Used,1575000
Subaru,Outback,2019,144093,2500 cc,Automatic,Petrol,Nairobi,Locally Used,1860000
Mazda,CX-5,2020,144266,2200 cc,Automatic,Diesel,Mombasa,Foreign Used,2280000
Mercedes-Benz,C200,2021,144439,2000 cc,Automatic,Petrol,Nairobi,Foreign Used,2887500
Nissan,X-Trail,2022,144612,2000 cc,Automatic,Petrol,Nakuru,Locally Used,1487500
Honda,Fit,2008,144785,1500 cc,Manual,Petrol,Kisumu,Locally Used,1312500
BMW,X3,2009,144958,2000 cc,Automatic,Diesel,Nairobi,Foreign Used,3780000
Audi,A4,2010,145131,2000 cc,Automatic,Diesel,Mombasa,Foreign Used,3607500
Toyota,Premio,2011,145304,1800 cc,Automatic,Petrol,Nairobi,Foreign Used,1995000
Subaru,Outback,2012,145477,2500 cc,Automatic,Petrol,Nairobi,Locally Used,2340000
Mazda,CX-5,2013,145650,2200 cc,Automatic,Diesel,Mombasa,Foreign Used,2850000
Mercedes-Benz,C200,2014,145823,2000 cc,Automatic,Petrol,Nairobi,Foreign Used,3587499
Nissan,X-Trail,2015,145996,2000 cc,Automatic,Petrol,Nakuru,Locally Used,1837500
Honda,Fit,2016,146169,1500 cc,Manual,Petrol,Kisumu,Locally Used,1612500
BMW,X3,2017,146342,2000 cc,Automatic,Diesel,Nairobi,Foreign Used,4620000
Audi,A4,2018,146515,2000 cc,Automatic,Diesel,Mombasa,Foreign Used,4387500
Toyota,Premio,2019,146688,1800 cc,Automatic,Petrol,Nairobi,Foreign Used,2415000
Subaru,Outback,2020,146861,2500 cc,Automatic,Petrol,Nairobi,Locally Used,2820000
Mazda,CX-5,2021,147034,2200 cc,Automatic,Diesel,Mombasa,Foreign Used,3420000
Mercedes-Benz,C200,2022,147207,2000 cc,Automatic,Petrol,Nairobi,Foreign Used,4287500
Nissan,X-Trail,2008,147380,2000 cc,Automatic,Petrol,Nakuru,Locally Used,1312500
Honda,Fit,2009,147553,1500 cc,Manual,Petrol,Kisumu,Locally Used,1162500
BMW,X3,2010,147726,2000 cc,Automatic,Diesel,Nairobi,Foreign Used,3360000
Audi,A4,2011,147899,2000 cc,Automatic,Diesel,Mombasa,Foreign Used,3217500
Toyota,Premio,2012,148072,1800 cc,Automatic,Petrol,Nairobi,Foreign Used,1785000
Subaru,Outback,2013,148245,2500 cc,Automatic,Petrol,Nairobi,Locally Used,2100000
Mazda,CX-5,2014,148418,2200 cc,Automatic,Diesel,Mombasa,Foreign Used,2565000
Mercedes-Benz,C200,2015,148591,2000 cc,Automatic,Petrol,Nairobi,Foreign Used,3237500
Nissan,X-Trail,2016,148764,2000 cc,Automatic,Petrol,Nakuru,Locally Used,1662500
Honda,Fit,2017,148937,1500 cc,Manual,Petrol,Kisumu,Locally Used,1462500
BMW,X3,2018,149110,2000 cc,Automatic,Diesel,Nairobi,Foreign Used,4200000
Audi,A4,2019,149283,2000 cc,Automatic,Diesel,Mombasa,Foreign Used,3997499
Toyota,Premio,2020,149456,1800 cc,Automatic,Petrol,Nairobi,Foreign Used,2205000
Subaru,Outback,2021,149629,2500 cc,Automatic,Petrol,Nairobi,Locally Used,2580000
Mazda,CX-5,2022,149802,2200 cc,Automatic,Diesel,Mombasa,Foreign Used,3135000
Mercedes-Benz,C200,2008,149975,2000 cc,Automatic,Petrol,Nairobi,Foreign Used,3937500
Nissan,X-Trail,2009,150148,2000 cc,Automatic,Petrol,Nakuru,Locally Used,2012499
Honda,Fit,2010,150321,1500 cc,Manual,Petrol,Kisumu,Locally Used,1762500
BMW,X3,2011,150494,2000 cc,Automatic,Diesel,Nairobi,Foreign Used,5040000
Audi,A4,2012,150667,2000 cc,Automatic,Diesel,Mombasa,Foreign Used,4777500
Toyota,Premio,2013,150840,1800 cc,Automatic,Petrol,Nairobi,Foreign Used,1575000
Subaru,Outback,2014,151013,2500 cc,Automatic,Petrol,Nairobi,Locally Used,1860000
Mazda,CX-5,2015,151186,2200 cc,Automatic,Diesel,Mombasa,Foreign Used,2280000
Mercedes-Benz,C200,2016,151359,2000 cc,Automatic,Petrol,Nairobi,Foreign Used,2887500
Nissan,X-Trail,2017,151532,2000 cc,Automatic,Petrol,Nakuru,Locally Used,1487500
Honda,Fit,2018,151705,1500 cc,Manual,Petrol,Kisumu,Locally Used,1312500
BMW,X3,2019,151878,2000 cc,Automatic,Diesel,Nairobi,Foreign Used,3780000
Audi,A4,2020,152051,2000 cc,Automatic,Diesel,Mombasa,Foreign Used,3607500
Toyota,Premio,2021,152224,1800 cc,Automatic,Petrol,Nairobi,Foreign Used,1995000
Subaru,Outback,2022,152397,2500 cc,Automatic,Petrol,Nairobi,Locally Used,2340000
Mazda,CX-5,2008,152570,2200 cc,Automatic,Diesel,Mombasa,Foreign Used,2850000
Mercedes-Benz,C200,2009,152743,2000 cc,Automatic,Petrol,Nairobi,Foreign Used,3587499
Nissan,X-Trail,2010,152916,2000 cc,Automatic,Petrol,Nakuru,Locally Used,1837500
Honda,Fit,2011,153089,1500 cc,Manual,Petrol,Kisumu,Locally Used,1612500
BMW,X3,2012,153262,2000 cc,Automatic,Diesel,Nairobi,Foreign Used,4620000
Audi,A4,2013,153435,2000 cc,Automatic,Diesel,Mombasa,Foreign Used,4387500
Toyota,Premio,2014,153608,1800 cc,Automatic,Petrol,Nairobi,Foreign Used,2415000
Subaru,Outback,2015,153781,2500 cc,Automatic,Petrol,Nairobi,Locally Used,2820000
Mazda,CX-5,2016,153954,2200 cc,Automatic,Diesel,Mombasa,Foreign Used,3420000
Mercedes-Benz,C200,2017,154127,2000 cc,Automatic,Petrol,Nairobi,Foreign Used,4287500
Nissan,X-Trail,2018,154300,2000 cc,Automatic,Petrol,Nakuru,Locally Used,1312500
Honda,Fit,2019,154473,1500 cc,Manual,Petrol,Kisumu,Locally Used,1162500
BMW,X3,2020,154646,2000 cc,Automatic,Diesel,Nairobi,Foreign Used,3360000
Audi,A4,2021,154819,2000 cc,Automatic,Diesel,Mombasa,Foreign Used,3217500
Toyota,Premio,2022,154992,1800 cc,Automatic,Petrol,Nairobi,Foreign Used,1785000
Subaru,Outback,2008,155165,2500 cc,Automatic,Petrol,Nairobi,Locally Used,2100000
Mazda,CX-5,2009,155338,2200 cc,Automatic,Diesel,Mombasa,Foreign Used,2565000
Mercedes-Benz,C200,2010,155511,2000 cc,Automatic,Petrol,Nairobi,Foreign Used,3237500
Nissan,X-Trail,2011,155684,2000 cc,Automatic,Petrol,Nakuru,Locally Used,1662500
Honda,Fit,2012,155857,1500 cc,Manual,Petrol,Kisumu,Locally Used,1462500
BMW,X3,2013,156030,2000 cc,Automatic,Diesel,Nairobi,Foreign Used,4200000
Audi,A4,2014,156203,2000 cc,Automatic,Diesel,Mombasa,Foreign Used,3997499
Toyota,Premio,2015,156376,1800 cc,Automatic,Petrol,Nairobi,Foreign Used,2205000
Subaru,Outback,2016,156549,2500 cc,Automatic,Petrol,Nairobi,Locally Used,2580000
Mazda,CX-5,2017,156722,2200 cc,Automatic,Diesel,Mombasa,Foreign Used,3135000
Mercedes-Benz,C200,2018,156895,2000 cc,Automatic,Petrol,Nairobi,Foreign Used,3937500
Nissan,X-Trail,2019,157068,2000 cc,Automatic,Petrol,Nakuru,Locally Used,2012499
Honda,Fit,2020,157241,1500 cc,Manual,Petrol,Kisumu,Locally Used,1762500
BMW,X3,2021,157414,2000 cc,Automatic,Diesel,Nairobi,Foreign Used,5040000
Audi,A4,2022,157587,2000 cc,Automatic,Diesel,Mombasa,Foreign Used,4777500
Toyota,Premio,2008,157760,1800 cc,Automatic,Petrol,Nairobi,Foreign Used,1575000
Subaru,Outback,2009,157933,2500 cc,Automatic,Petrol,Nairobi,Locally Used,1860000
Mazda,CX-5,2010,158106,2200 cc,Automatic,Diesel,Mombasa,Foreign Used,2280000
Mercedes-Benz,C200,2011,158279,2000 cc,Automatic,Petrol,Nairobi,Foreign Used,2887500
Nissan,X-Trail,2012,158452,2000 cc,Automatic,Petrol,Nakuru,Locally Used,1487500
Honda,Fit,2013,158625,1500 cc,Manual,Petrol,Kisumu,Locally Used,1312500
BMW,X3,2014,158798,2000 cc,Automatic,Diesel,Nairobi,Foreign Used,3780000
Audi,A4,2015,158971,2000 cc,Automatic,Diesel,Mombasa,Foreign Used,3607500
Toyota,Premio,2016,159144,1800 cc,Automatic,Petrol,Nairobi,Foreign Used,1995000
Subaru,Outback,2017,159317,2500 cc,Automatic,Petrol,Nairobi,Locally Used,2340000
Mazda,CX-5,2018,159490,2200 cc,Automatic,Diesel,Mombasa,Foreign Used,2850000
Mercedes-Benz,C200,2019,159663,2000 cc,Automatic,Petrol,Nairobi,Foreign Used,3587499
Nissan,X-Trail,2020,159836,2000 cc,Automatic,Petrol,Nakuru,Locally Used,1837500
Honda,Fit,2021,160009,1500 cc,Manual,Petrol,Kisumu,Locally Used,1612500
BMW,X3,2022,160182,2000 cc,Automatic,Diesel,Nairobi,Foreign Used,4620000
Audi,A4,2008,160355,2000 cc,Automatic,Diesel,Mombasa,Foreign Used,4387500
Toyota,Premio,2009,160528,1800 cc,Automatic,Petrol,Nairobi,Foreign Used,2415000
Subaru,Outback,2010,160701,2500 cc,Automatic,Petrol,Nairobi,Locally Used,2820000
Mazda,CX-5,2011,160874,2200 cc,Automatic,Diesel,Mombasa,Foreign Used,3420000
Mercedes-Benz,C200,2012,161047,2000 cc,Automatic,Petrol,Nairobi,Foreign Used,4287500
Nissan,X-Trail,2013,161220,2000 cc,Automatic,Petrol,Nakuru,Locally Used,1312500
Honda,Fit,2014,161393,1500 cc,Manual,Petrol,Kisumu,Locally Used,1162500
BMW,X3,2015,161566,2000 cc,Automatic,Diesel,Nairobi,Foreign Used,3360000
Audi,A4,2016,161739,2000 cc,Automatic,Diesel,Mombasa,Foreign Used,3217500
Toyota,Premio,2017,161912,1800 cc,Automatic,Petrol,Nairobi,Foreign Used,1785000
Subaru,Outback,2018,162085,2500 cc,Automatic,Petrol,Nairobi,Locally Used,2100000
Mazda,CX-5,2019,162258,2200 cc,Automatic,Diesel,Mombasa,Foreign Used,2565000
Mercedes-Benz,C200,2020,162431,2000 cc,Automatic,Petrol,Nairobi,Foreign Used,3237500
Nissan,X-Trail,2021,162604,2000 cc,Automatic,Petrol,Nakuru,Locally Used,1662500
Honda,Fit,2022,162777,1500 cc,Manual,Petrol,Kisumu,Locally Used,1462500
BMW,X3,2008,162950,2000 cc,Automatic,Diesel,Nairobi,Foreign Used,4200000
Audi,A4,2009,163123,2000 cc,Automatic,Diesel,Mombasa,Foreign Used,3997499
Toyota,Premio,2010,163296,1800 cc,Automatic,Petrol,Nairobi,Foreign Used,2205000
Subaru,Outback,2011,163469,2500 cc,Automatic,Petrol,Nairobi,Locally Used,2580000
Mazda,CX-5,2012,163642,2200 cc,Automatic,Diesel,Mombasa,Foreign Used,3135000
Mercedes-Benz,C200,2013,163815,2000 cc,Automatic,Petrol,Nairobi,Foreign Used,3937500
Nissan,X-Trail,2014,163988,2000 cc,Automatic,Petrol,Nakuru,Locally Used,2012499
Honda,Fit,2015,164161,1500 cc,Manual,Petrol,Kisumu,Locally Used,1762500
BMW,X3,2016,164334,2000 cc,Automatic,Diesel,Nairobi,Foreign Used,5040000
Audi,A4,2017,164507,2000 cc,Automatic,Diesel,Mombasa,Foreign Used,4777500
Toyota,Premio,2018,164680,1800 cc,Automatic,Petrol,Nairobi,Foreign Used,1575000
Subaru,Outback,2019,164853,2500 cc,Automatic,Petrol,Nairobi,Locally Used,1860000
Mazda,CX-5,2020,165026,2200 cc,Automatic,Diesel,Mombasa,Foreign Used,2280000
Mercedes-Benz,C200,2021,165199,2000 cc,Automatic,Petrol,Nairobi,Foreign Used,2887500
Nissan,X-Trail,2022,165372,2000 cc,Automatic,Petrol,Nakuru,Locally Used,1487500
Honda,Fit,2008,165545,1500 cc,Manual,Petrol,Kisumu,Locally Used,1312500
BMW,X3,2009,165718,2000 cc,Automatic,Diesel,Nairobi,Foreign Used,3780000
Audi,A4,2010,165891,2000 cc,Automatic,Diesel,Mombasa,Foreign Used,3607500
Toyota,Premio,2011,166064,1800 cc,Automatic,Petrol,Nairobi,Foreign Used,1995000
Subaru,Outback,2012,166237,2500 cc,Automatic,Petrol,Nairobi,Locally Used,2340000
Mazda,CX-5,2013,166410,2200 cc,Automatic,Diesel,Mombasa,Foreign Used,2850000
Mercedes-Benz,C200,2014,166583,2000 cc,Automatic,Petrol,Nairobi,Foreign Used,3587499
Nissan,X-Trail,2015,166756,2000 cc,Automatic,Petrol,Nakuru,Locally Used,1837500
Honda,Fit,2016,166929,1500 cc,Manual,Petrol,Kisumu,Locally Used,1612500
BMW,X3,2017,167102,2000 cc,Automatic,Diesel,Nairobi,Foreign Used,4620000
Audi,A4,2018,167275,2000 cc,Automatic,Diesel,Mombasa,Foreign Used,4387500
Toyota,Premio,2019,167448,1800 cc,Automatic,Petrol,Nairobi,Foreign Used,2415000
Subaru,Outback,2020,167621,2500 cc,Automatic,Petrol,Nairobi,Locally Used,2820000
Mazda,CX-5,2021,167794,2200 cc,Automatic,Diesel,Mombasa,Foreign Used,3420000
Mercedes-Benz,C200,2022,167967,2000 cc,Automatic,Petrol,Nairobi,Foreign Used,4287500
Nissan,X-Trail,2008,168140,2000 cc,Automatic,Petrol,Nakuru,Locally Used,1312500
Honda,Fit,2009,168313,1500 cc,Manual,Petrol,Kisumu,Locally Used,1162500
BMW,X3,2010,168486,2000 cc,Automatic,Diesel,Nairobi,Foreign Used,3360000
Audi,A4,2011,168659,2000 cc,Automatic,Diesel,Mombasa,Foreign Used,3217500
Toyota,Premio,2012,168832,1800 cc,Automatic,Petrol,Nairobi,Foreign Used,1785000
Subaru,Outback,2013,169005,2500 cc,Automatic,Petrol,Nairobi,Locally Used,2100000
Mazda,CX-5,2014,169178,2200 cc,Automatic,Diesel,Mombasa,Foreign Used,2565000
Mercedes-Benz,C200,2015,169351,2000 cc,Automatic,Petrol,Nairobi,Foreign Used,3237500
Nissan,X-Trail,2016,169524,2000 cc,Automatic,Petrol,Nakuru,Locally Used,1662500
Honda,Fit,2017,169697,1500 cc,Manual,Petrol,Kisumu,Locally Used,1462500
BMW,X3,2018,169870,2000 cc,Automatic,Diesel,Nairobi,Foreign Used,4200000
Audi,A4,2019,170043,2000 cc,Automatic,Diesel,Mombasa,Foreign Used,3997499
Toyota,Premio,2020,170216,1800 cc,Automatic,Petrol,Nairobi,Foreign Used,2205000
Subaru,Outback,2021,170389,2500 cc,Automatic,Petrol,Nairobi,Locally Used,2580000
Mazda,CX-5,2022,170562,2200 cc,Automatic,Diesel,Mombasa,Foreign Used,3135000
Mercedes-Benz,C200,2008,170735,2000 cc,Automatic,Petrol,Nairobi,Foreign Used,3937500
Nissan,X-Trail,2009,170908,2000 cc,Automatic,Petrol,Nakuru,Locally Used,2012499
Honda,Fit,2010,171081,1500 cc,Manual,Petrol,Kisumu,Locally Used,1762500
BMW,X3,2011,171254,2000 cc,Automatic,Diesel,Nairobi,Foreign Used,5040000
Audi,A4,2012,171427,2000 cc,Automatic,Diesel,Mombasa,Foreign Used,4777500
Toyota,Premio,2013,171600,1800 cc,Automatic,Petrol,Nairobi,Foreign Used,1575000
Subaru,Outback,2014,171773,2500 cc,Automatic,Petrol,Nairobi,Locally Used,1860000
Mazda,CX-5,2015,171946,2200 cc,Automatic,Diesel,Mombasa,Foreign Used,2280000
Mercedes-Benz,C200,2016,172119,2000 cc,Automatic,Petrol,Nairobi,Foreign Used,2887500
Nissan,X-Trail,2017,172292,2000 cc,Automatic,Petrol,Nakuru,Locally Used,1487500
Honda,Fit,2018,172465,1500 cc,Manual,Petrol,Kisumu,Locally Used,1312500
BMW,X3,2019,172638,2000 cc,Automatic,Diesel,Nairobi,Foreign Used,3780000
Audi,A4,2020,172811,2000 cc,Automatic,Diesel,Mombasa,Foreign Used,3607500
Toyota,Premio,2021,172984,1800 cc,Automatic,Petrol,Nairobi,Foreign Used,1995000
Subaru,Outback,2022,173157,2500 cc,Automatic,Petrol,Nairobi,Locally Used,2340000
Mazda,CX-5,2008,173330,2200 cc,Automatic,Diesel,Mombasa,Foreign Used,2850000
Mercedes-Benz,C200,2009,173503,2000 cc,Automatic,Petrol,Nairobi,Foreign Used,3587499
Nissan,X-Trail,2010,173676,2000 cc,Automatic,Petrol,Nakuru,Locally Used,1837500
Honda,Fit,2011,173849,1500 cc,Manual,Petrol,Kisumu,Locally Used,1612500
BMW,X3,2012,174022,2000 cc,Automatic,Diesel,Nairobi,Foreign Used,4620000
Audi,A4,2013,174195,2000 cc,Automatic,Diesel,Mombasa,Foreign Used,4387500
Toyota,Premio,2014,174368,1800 cc,Automatic,Petrol,Nairobi,Foreign Used,2415000
Subaru,Outback,2015,174541,2500 cc,Automatic,Petrol,Nairobi,Locally Used,2820000
Mazda,CX-5,2016,174714,2200 cc,Automatic,Diesel,Mombasa,Foreign Used,3420000
Mercedes-Benz,C200,2017,174887,2000 cc,Automatic,Petrol,Nairobi,Foreign Used,4287500
Nissan,X-Trail,2018,175060,2000 cc,Automatic,Petrol,Nakuru,Locally Used,1312500
Honda,Fit,2019,175233,1500 cc,Manual,Petrol,Kisumu,Locally Used,1162500
BMW,X3,2020,175406,2000 cc,Automatic,Diesel,Nairobi,Foreign Used,3360000
Audi,A4,2021,175579,2000 cc,Automatic,Diesel,Mombasa,Foreign Used,3217500
Toyota,Premio,2022,175752,1800 cc,Automatic,Petrol,Nairobi,Foreign Used,1785000
Subaru,Outback,2008,175925,2500 cc,Automatic,Petrol,Nairobi,Locally Used,2100000
Mazda,CX-5,2009,176098,2200 cc,Automatic,Diesel,Mombasa,Foreign Used,2565000
Mercedes-Benz,C200,2010,176271,2000 cc,Automatic,Petrol,Nairobi,Foreign Used,3237500
Nissan,X-Trail,2011,176444,2000 cc,Automatic,Petrol,Nakuru,Locally Used,1662500
Honda,Fit,2012,176617,1500 cc,Manual,Petrol,Kisumu,Locally Used,1462500
BMW,X3,2013,176790,2000 cc,Automatic,Diesel,Nairobi,Foreign Used,4200000
Audi,A4,2014,176963,2000 cc,Automatic,Diesel,Mombasa,Foreign Used,3997499
Toyota,Premio,2015,177136,1800 cc,Automatic,Petrol,Nairobi,Foreign Used,2205000
Subaru,Outback,2016,177309,2500 cc,Automatic,Petrol,Nairobi,Locally Used,2580000
Mazda,CX-5,2017,177482,2200 cc,Automatic,Diesel,Mombasa,Foreign Used,3135000
Mercedes-Benz,C200,2018,177655,2000 cc,Automatic,Petrol,Nairobi,Foreign Used,3937500
Nissan,X-Trail,2019,177828,2000 cc,Automatic,Petrol,Nakuru,Locally Used,2012499
Honda,Fit,2020,178001,1500 cc,Manual,Petrol,Kisumu,Locally Used,1762500
BMW,X3,2021,178174,2000 cc,Automatic,Diesel,Nairobi,Foreign Used,5040000
Audi,A4,2022,178347,2000 cc,Automatic,Diesel,Mombasa,Foreign Used,4777500
Toyota,Premio,2008,178520,1800 cc,Automatic,Petrol,Nairobi,Foreign Used,1575000
Subaru,Outback,2009,178693,2500 cc,Automatic,Petrol,Nairobi,Locally Used,1860000
Mazda,CX-5,2010,178866,2200 cc,Automatic,Diesel,Mombasa,Foreign Used,2280000
Mercedes-Benz,C200,2011,179039,2000 cc,Automatic,Petrol,Nairobi,Foreign Used,2887500
Nissan,X-Trail,2012,179212,2000 cc,Automatic,Petrol,Nakuru,Locally Used,1487500
Honda,Fit,2013,179385,1500 cc,Manual,Petrol,Kisumu,Locally Used,1312500
BMW,X3,2014,179558,2000 cc,Automatic,Diesel,Nairobi,Foreign Used,3780000
Audi,A4,2015,179731,2000 cc,Automatic,Diesel,Mombasa,Foreign Used,3607500
Toyota,Premio,2016,179904,1800 cc,Automatic,Petrol,Nairobi,Foreign Used,1995000
Subaru,Outback,2017,180077,2500 cc,Automatic,Petrol,Nairobi,Locally Used,2340000
Mazda,CX-5,2018,180250,2200 cc,Automatic,Diesel,Mombasa,Foreign Used,2850000
Mercedes-Benz,C200,2019,180423,2000 cc,Automatic,Petrol,Nairobi,Foreign Used,3587499
Nissan,X-Trail,2020,180596,2000 cc,Automatic,Petrol,Nakuru,Locally Used,1837500
Honda,Fit,2021,180769,1500 cc,Manual,Petrol,Kisumu,Locally Used,1612500
BMW,X3,2022,180942,2000 cc,Automatic,Diesel,Nairobi,Foreign Used,4620000
Audi,A4,2008,181115,2000 cc,Automatic,Diesel,Mombasa,Foreign Used,4387500
Toyota,Premio,2009,181288,1800 cc,Automatic,Petrol,Nairobi,Foreign Used,2415000
Subaru,Outback,2010,181461,2500 cc,Automatic,Petrol,Nairobi,Locally Used,2820000
Mazda,CX-5,2011,181634,2200 cc,Automatic,Diesel,Mombasa,Foreign Used,3420000
Mercedes-Benz,C200,2012,181807,2000 cc,Automatic,Petrol,Nairobi,Foreign Used,4287500
Nissan,X-Trail,2013,181980,2000 cc,Automatic,Petrol,Nakuru,Locally Used,1312500
Honda,Fit,2014,182153,1500 cc,Manual,Petrol,Kisumu,Locally Used,1162500
BMW,X3,2015,182326,2000 cc,Automatic,Diesel,Nairobi,Foreign Used,3360000
Audi,A4,2016,182499,2000 cc,Automatic,Diesel,Mombasa,Foreign Used,3217500
Toyota,Premio,2017,182672,1800 cc,Automatic,Petrol,Nairobi,Foreign Used,1785000
Subaru,Outback,2018,182845,2500 cc,Automatic,Petrol,Nairobi,Locally Used,2100000
Mazda,CX-5,2019,183018,2200 cc,Automatic,Diesel,Mombasa,Foreign Used,2565000
Mercedes-Benz,C200,2020,183191,2000 cc,Automatic,Petrol,Nairobi,Foreign Used,3237500
Nissan,X-Trail,2021,183364,2000 cc,Automatic,Petrol,Nakuru,Locally Used,1662500
Honda,Fit,2022,183537,1500 cc,Manual,Petrol,Kisumu,Locally Used,1462500
BMW,X3,2008,183710,2000 cc,Automatic,Diesel,Nairobi,Foreign Used,4200000
Audi,A4,2009,183883,2000 cc,Automatic,Diesel,Mombasa,Foreign Used,3997499
Toyota,Premio,2010,184056,1800 cc,Automatic,Petrol,Nairobi,Foreign Used,2205000
Subaru,Outback,2011,184229,2500 cc,Automatic,Petrol,Nairobi,Locally Used,2580000
Mazda,CX-5,2012,184402,2200 cc,Automatic,Diesel,Mombasa,Foreign Used,3135000
Mercedes-Benz,C200,2013,184575,2000 cc,Automatic,Petrol,Nairobi,Foreign Used,3937500
Nissan,X-Trail,2014,184748,2000 cc,Automatic,Petrol,Nakuru,Locally Used,2012499
Honda,Fit,2015,184921,1500 cc,Manual,Petrol,Kisumu,Locally Used,1762500
BMW,X3,2016,185094,2000 cc,Automatic,Diesel,Nairobi,Foreign Used,5040000
Audi,A4,2017,185267,2000 cc,Automatic,Diesel,Mombasa,Foreign Used,4777500
Toyota,Premio,2018,185440,1800 cc,Automatic,Petrol,Nairobi,Foreign Used,1575000
Subaru,Outback,2019,185613,2500 cc,Automatic,Petrol,Nairobi,Locally Used,1860000
Mazda,CX-5,2020,185786,2200 cc,Automatic,Diesel,Mombasa,Foreign Used,2280000
Mercedes-Benz,C200,2021,185959,2000 cc,Automatic,Petrol,Nairobi,Foreign Used,2887500
Nissan,X-Trail,2022,186132,2000 cc,Automatic,Petrol,Nakuru,Locally Used,1487500
Honda,Fit,2008,186305,1500 cc,Manual,Petrol,Kisumu,Locally Used,1312500
BMW,X3,2009,186478,2000 cc,Automatic,Diesel,Nairobi,Foreign Used,3780000
Audi,A4,2010,186651,2000 cc,Automatic,Diesel,Mombasa,Foreign Used,3607500
Toyota,Premio,2011,186824,1800 cc,Automatic,Petrol,Nairobi,Foreign Used,1995000
Subaru,Outback,2012,186997,2500 cc,Automatic,Petrol,Nairobi,Locally Used,2340000
Mazda,CX-5,2013,187170,2200 cc,Automatic,Diesel,Mombasa,Foreign Used,2850000
Mercedes-Benz,C200,2014,187343,2000 cc,Automatic,Petrol,Nairobi,Foreign Used,3587499
Nissan,X-Trail,2015,187516,2000 cc,Automatic,Petrol,Nakuru,Locally Used,1837500
Honda,Fit,2016,187689,1500 cc,Manual,Petrol,Kisumu,Locally Used,1612500
BMW,X3,2017,187862,2000 cc,Automatic,Diesel,Nairobi,Foreign Used,4620000
Audi,A4,2018,188035,2000 cc,Automatic,Diesel,Mombasa,Foreign Used,4387500
Toyota,Premio,2019,188208,1800 cc,Automatic,Petrol,Nairobi,Foreign Used,2415000
Subaru,Outback,2020,188381,2500 cc,Automatic,Petrol,Nairobi,Locally Used,2820000
Mazda,CX-5,2021,188554,2200 cc,Automatic,Diesel,Mombasa,Foreign Used,3420000
Mercedes-Benz,C200,2022,188727,2000 cc,Automatic,Petrol,Nairobi,Foreign Used,4287500
Nissan,X-Trail,2008,188900,2000 cc,Automatic,Petrol,Nakuru,Locally Used,1312500
Honda,Fit,2009,189073,1500 cc,Manual,Petrol,Kisumu,Locally Used,1162500
BMW,X3,2010,189246,2000 cc,Automatic,Diesel,Nairobi,Foreign Used,3360000
Audi,A4,2011,189419,2000 cc,Automatic,Diesel,Mombasa,Foreign Used,3217500
Toyota,Premio,2012,189592,1800 cc,Automatic,Petrol,Nairobi,Foreign Used,1785000
Subaru,Outback,2013,189765,2500 cc,Automatic,Petrol,Nairobi,Locally Used,2100000
Mazda,CX-5,2014,189938,2200 cc,Automatic,Diesel,Mombasa,Foreign Used,2565000
Mercedes-Benz,C200,2015,190111,2000 cc,Automatic,Petrol,Nairobi,Foreign Used,3237500
Nissan,X-Trail,2016,190284,2000 cc,Automatic,Petrol,Nakuru,Locally Used,1662500
Honda,Fit,2017,190457,1500 cc,Manual,Petrol,Kisumu,Locally Used,1462500
BMW,X3,2018,190630,2000 cc,Automatic,Diesel,Nairobi,Foreign Used,4200000
Audi,A4,2019,190803,2000 cc,Automatic,Diesel,Mombasa,Foreign Used,3997499
Toyota,Premio,2020,190976,1800 cc,Automatic,Petrol,Nairobi,Foreign Used,2205000
Subaru,Outback,2021,191149,2500 cc,Automatic,Petrol,Nairobi,Locally Used,2580000
Mazda,CX-5,2022,191322,2200 cc,Automatic,Diesel,Mombasa,Foreign Used,3135000
Mercedes-Benz,C200,2008,191495,2000 cc,Automatic,Petrol,Nairobi,Foreign Used,3937500
Nissan,X-Trail,2009,191668,2000 cc,Automatic,Petrol,Nakuru,Locally Used,2012499
Honda,Fit,2010,191841,1500 cc,Manual,Petrol,Kisumu,Locally Used,1762500
BMW,X3,2011,192014,2000 cc,Automatic,Diesel,Nairobi,Foreign Used,5040000
Audi,A4,2012,192187,2000 cc,Automatic,Diesel,Mombasa,Foreign Used,4777500
Toyota,Premio,2013,192360,1800 cc,Automatic,Petrol,Nairobi,Foreign Used,1575000
Subaru,Outback,2014,192533,2500 cc,Automatic,Petrol,Nairobi,Locally Used,1860000
Mazda,CX-5,2015,192706,2200 cc,Automatic,Diesel,Mombasa,Foreign Used,2280000
Mercedes-Benz,C200,2016,192879,2000 cc,Automatic,Petrol,Nairobi,Foreign Used,2887500
Nissan,X-Trail,2017,193052,2000 cc,Automatic,Petrol,Nakuru,Locally Used,1487500
Honda,Fit,2018,193225,1500 cc,Manual,Petrol,Kisumu,Locally Used,1312500
BMW,X3,2019,193398,2000 cc,Automatic,Diesel,Nairobi,Foreign Used,3780000
Audi,A4,2020,193571,2000 cc,Automatic,Diesel,Mombasa,Foreign Used,3607500
Toyota,Premio,2021,193744,1800 cc,Automatic,Petrol,Nairobi,Foreign Used,1995000
Subaru,Outback,2022,193917,2500 cc,Automatic,Petrol,Nairobi,Locally Used,2340000
Mazda,CX-5,2008,194090,2200 cc,Automatic,Diesel,Mombasa,Foreign Used,2850000
Mercedes-Benz,C200,2009,194263,2000 cc,Automatic,Petrol,Nairobi,Foreign Used,3587499
Nissan,X-Trail,2010,194436,2000 cc,Automatic,Petrol,Nakuru,Locally Used,1837500
Honda,Fit,2011,194609,1500 cc,Manual,Petrol,Kisumu,Locally Used,1612500
BMW,X3,2012,194782,2000 cc,Automatic,Diesel,Nairobi,Foreign Used,4620000
Audi,A4,2013,194955,2000 cc,Automatic,Diesel,Mombasa,Foreign Used,4387500
Toyota,Premio,2014,195128,1800 cc,Automatic,Petrol,Nairobi,Foreign Used,2415000
Subaru,Outback,2015,195301,2500 cc,Automatic,Petrol,Nairobi,Locally Used,2820000
Mazda,CX-5,2016,195474,2200 cc,Automatic,Diesel,Mombasa,Foreign Used,3420000
Mercedes-Benz,C200,2017,195647,2000 cc,Automatic,Petrol,Nairobi,Foreign Used,4287500
Nissan,X-Trail,2018,195820,2000 cc,Automatic,Petrol,Nakuru,Locally Used,1312500
Honda,Fit,2019,195993,1500 cc,Manual,Petrol,Kisumu,Locally Used,1162500
BMW,X3,2020,196166,2000 cc,Automatic,Diesel,Nairobi,Foreign Used,3360000
Audi,A4,2021,196339,2000 cc,Automatic,Diesel,Mombasa,Foreign Used,3217500
Toyota,Premio,2022,196512,1800 cc,Automatic,Petrol,Nairobi,Foreign Used,1785000
Subaru,Outback,2008,196685,2500 cc,Automatic,Petrol,Nairobi,Locally Used,2100000
Mazda,CX-5,2009,196858,2200 cc,Automatic,Diesel,Mombasa,Foreign Used,2565000
Mercedes-Benz,C200,2010,197031,2000 cc,Automatic,Petrol,Nairobi,Foreign Used,3237500
Nissan,X-Trail,2011,197204,2000 cc,Automatic,Petrol,Nakuru,Locally Used,1662500
Honda,Fit,2012,197377,1500 cc,Manual,Petrol,Kisumu,Locally Used,1462500
BMW,X3,2013,197550,2000 cc,Automatic,Diesel,Nairobi,Foreign Used,4200000
Audi,A4,2014,197723,2000 cc,Automatic,Diesel,Mombasa,Foreign Used,3997499
Toyota,Premio,2015,197896,1800 cc,Automatic,Petrol,Nairobi,Foreign Used,2205000
Subaru,Outback,2016,198069,2500 cc,Automatic,Petrol,Nairobi,Locally Used,2580000
Mazda,CX-5,2017,198242,2200 cc,Automatic,Diesel,Mombasa,Foreign Used,3135000
Mercedes-Benz,C200,2018,198415,2000 cc,Automatic,Petrol,Nairobi,Foreign Used,3937500
Nissan,X-Trail,2019,198588,2000 cc,Automatic,Petrol,Nakuru,Locally Used,2012499
Honda,Fit,2020,198761,1500 cc,Manual,Petrol,Kisumu,Locally Used,1762500
BMW,X3,2021,198934,2000 cc,Automatic,Diesel,Nairobi,Foreign Used,5040000
Audi,A4,2022,199107,2000 cc,Automatic,Diesel,Mombasa,Foreign Used,4777500
Toyota,Premio,2008,199280,1800 cc,Automatic,Petrol,Nairobi,Foreign Used,1575000
Subaru,Outback,2009,199453,2500 cc,Automatic,Petrol,Nairobi,Locally Used,1860000
Mazda,CX-5,2010,199626,2200 cc,Automatic,Diesel,Mombasa,Foreign Used,2280000
Mercedes-Benz,C200,2011,199799,2000 cc,Automatic,Petrol,Nairobi,Foreign Used,2887500
Nissan,X-Trail,2012,199972,2000 cc,Automatic,Petrol,Nakuru,Locally Used,1487500
Honda,Fit,2013,20145,1500 cc,Manual,Petrol,Kisumu,Locally Used,1312500
BMW,X3,2014,20318,2000 cc,Automatic,Diesel,Nairobi,Foreign Used,3780000
Audi,A4,2015,20491,2000 cc,Automatic,Diesel,Mombasa,Foreign Used,3607500
Toyota,Premio,2016,20664,1800 cc,Automatic,Petrol,Nairobi,Foreign Used,1995000
Subaru,Outback,2017,20837,2500 cc,Automatic,Petrol,Nairobi,Locally Used,2340000
Mazda,CX-5,2018,21010,2200 cc,Automatic,Diesel,Mombasa,Foreign Used,2850000
Mercedes-Benz,C200,2019,21183,2000 cc,Automatic,Petrol,Nairobi,Foreign Used,3587499
Nissan,X-Trail,2020,21356,2000 cc,Automatic,Petrol,Nakuru,Locally Used,1837500
Honda,Fit,2021,21529,1500 cc,Manual,Petrol,Kisumu,Locally Used,1612500
BMW,X3,2022,21702,2000 cc,Automatic,Diesel,Nairobi,Foreign Used,4620000
Audi,A4,2008,21875,2000 cc,Automatic,Diesel,Mombasa,Foreign Used,4387500
Toyota,Premio,2009,22048,1800 cc,Automatic,Petrol,Nairobi,Foreign Used,2415000
Subaru,Outback,2010,22221,2500 cc,Automatic,Petrol,Nairobi,Locally Used,2820000
Mazda,CX-5,2011,22394,2200 cc,Automatic,Diesel,Mombasa,Foreign Used,3420000
Mercedes-Benz,C200,2012,22567,2000 cc,Automatic,Petrol,Nairobi,Foreign Used,4287500
Nissan,X-Trail,2013,22740,2000 cc,Automatic,Petrol,Nakuru,Locally Used,1312500
Honda,Fit,2014,22913,1500 cc,Manual,Petrol,Kisumu,Locally Used,1162500
BMW,X3,2015,23086,2000 cc,Automatic,Diesel,Nairobi,Foreign Used,3360000
Audi,A4,2016,23259,2000 cc,Automatic,Diesel,Mombasa,Foreign Used,3217500
Toyota,Premio,2017,23432,1800 cc,Automatic,Petrol,Nairobi,Foreign Used,1785000
Subaru,Outback,2018,23605,2500 cc,Automatic,Petrol,Nairobi,Locally Used,2100000
Mazda,CX-5,2019,23778,2200 cc,Automatic,Diesel,Mombasa,Foreign Used,2565000
Mercedes-Benz,C200,2020,23951,2000 cc,Automatic,Petrol,Nairobi,Foreign Used,3237500
Nissan,X-Trail,2021,24124,2000 cc,Automatic,Petrol,Nakuru,Locally Used,1662500
Honda,Fit,2022,24297,1500 cc,Manual,Petrol,Kisumu,Locally Used,1462500
BMW,X3,2008,24470,2000 cc,Automatic,Diesel,Nairobi,Foreign Used,4200000
Audi,A4,2009,24643,2000 cc,Automatic,Diesel,Mombasa,Foreign Used,3997499
Toyota,Premio,2010,24816,1800 cc,Automatic,Petrol,Nairobi,Foreign Used,2205000
Subaru,Outback,2011,24989,2500 cc,Automatic,Petrol,Nairobi,Locally Used,2580000
Mazda,CX-5,2012,25162,2200 cc,Automatic,Diesel,Mombasa,Foreign Used,3135000
Mercedes-Benz,C200,2013,25335,2000 cc,Automatic,Petrol,Nairobi,Foreign Used,3937500
Nissan,X-Trail,2014,25508,2000 cc,Automatic,Petrol,Nakuru,Locally Used,2012499
Honda,Fit,2015,25681,1500 cc,Manual,Petrol,Kisumu,Locally Used,1762500
BMW,X3,2016,25854,2000 cc,Automatic,Diesel,Nairobi,Foreign Used,5040000
Audi,A4,2017,26027,2000 cc,Automatic,Diesel,Mombasa,Foreign Used,4777500
Toyota,Premio,2018,26200,1800 cc,Automatic,Petrol,Nairobi,Foreign Used,1575000
Subaru,Outback,2019,26373,2500 cc,Automatic,Petrol,Nairobi,Locally Used,1860000
Mazda,CX-5,2020,26546,2200 cc,Automatic,Diesel,Mombasa,Foreign Used,2280000
Mercedes-Benz,C200,2021,26719,2000 cc,Automatic,Petrol,Nairobi,Foreign Used,2887500
Nissan,X-Trail,2022,26892,2000 cc,Automatic,Petrol,Nakuru,Locally Used,1487500
Honda,Fit,2008,27065,1500 cc,Manual,Petrol,Kisumu,Locally Used,1312500
BMW,X3,2009,27238,2000 cc,Automatic,Diesel,Nairobi,Foreign Used,3780000
Audi,A4,2010,27411,2000 cc,Automatic,Diesel,Mombasa,Foreign Used,3607500
Toyota,Premio,2011,27584,1800 cc,Automatic,Petrol,Nairobi,Foreign Used,1995000
Subaru,Outback,2012,27757,2500 cc,Automatic,Petrol,Nairobi,Locally Used,2340000
Mazda,CX-5,2013,27930,2200 cc,Automatic,Diesel,Mombasa,Foreign Used,2850000
Mercedes-Benz,C200,2014,28103,2000 cc,Automatic,Petrol,Nairobi,Foreign Used,3587499
Nissan,X-Trail,2015,28276,2000 cc,Automatic,Petrol,Nakuru,Locally Used,1837500
Honda,Fit,2016,28449,1500 cc,Manual,Petrol,Kisumu,Locally Used,1612500
BMW,X3,2017,28622,2000 cc,Automatic,Diesel,Nairobi,Foreign Used,4620000
Audi,A4,2018,28795,2000 cc,Automatic,Diesel,Mombasa,Foreign Used,4387500
Toyota,Premio,2019,28968,1800 cc,Automatic,Petrol,Nairobi,Foreign Used,2415000
Subaru,Outback,2020,29141,2500 cc,Automatic,Petrol,Nairobi,Locally Used,2820000
Mazda,CX-5,2021,29314,2200 cc,Automatic,Diesel,Mombasa,Foreign Used,3420000
Mercedes-Benz,C200,2022,29487,2000 cc,Automatic,Petrol,Nairobi,Foreign Used,4287500
Nissan,X-Trail,2008,29660,2000 cc,Automatic,Petrol,Nakuru,Locally Used,1312500
Honda,Fit,2009,29833,1500 cc,Manual,Petrol,Kisumu,Locally Used,1162500
BMW,X3,2010,30006,2000 cc,Automatic,Diesel,Nairobi,Foreign Used,3360000
Audi,A4,2011,30179,2000 cc,Automatic,Diesel,Mombasa,Foreign Used,3217500
Toyota,Premio,2012,30352,1800 cc,Automatic,Petrol,Nairobi,Foreign Used,1785000
Subaru,Outback,2013,30525,2500 cc,Automatic,Petrol,Nairobi,Locally Used,2100000
Mazda,CX-5,2014,30698,2200 cc,Automatic,Diesel,Mombasa,Foreign Used,2565000
Mercedes-Benz,C200,2015,30871,2000 cc,Automatic,Petrol,Nairobi,Foreign Used,3237500
Nissan,X-Trail,2016,31044,2000 cc,Automatic,Petrol,Nakuru,Locally Used,1662500
Honda,Fit,2017,31217,1500 cc,Manual,Petrol,Kisumu,Locally Used,1462500
BMW,X3,2018,31390,2000 cc,Automatic,Diesel,Nairobi,Foreign Used,4200000
Audi,A4,2019,31563,2000 cc,Automatic,Diesel,Mombasa,Foreign Used,3997499
Toyota,Premio,2020,31736,1800 cc,Automatic,Petrol,Nairobi,Foreign Used,2205000
Subaru,Outback,2021,31909,2500 cc,Automatic,Petrol,Nairobi,Locally Used,2580000
Mazda,CX-5,2022,32082,2200 cc,Automatic,Diesel,Mombasa,Foreign Used,3135000
Mercedes-Benz,C200,2008,32255,2000 cc,Automatic,Petrol,Nairobi,Foreign Used,3937500
Nissan,X-Trail,2009,32428,2000 cc,Automatic,Petrol,Nakuru,Locally Used,2012499
Honda,Fit,2010,32601,1500 cc,Manual,Petrol,Kisumu,Locally Used,1762500
BMW,X3,2011,32774,2000 cc,Automatic,Diesel,Nairobi,Foreign Used,5040000
Audi,A4,2012,32947,2000 cc,Automatic,Diesel,Mombasa,Foreign Used,4777500
Toyota,Premio,2013,33120,1800 cc,Automatic,Petrol,Nairobi,Foreign Used,1575000
Subaru,Outback,2014,33293,2500 cc,Automatic,Petrol,Nairobi,Locally Used,1860000
Mazda,CX-5,2015,33466,2200 cc,Automatic,Diesel,Mombasa,Foreign Used,2280000
Mercedes-Benz,C200,2016,33639,2000 cc,Automatic,Petrol,Nairobi,Foreign Used,2887500
Nissan,X-Trail,2017,33812,2000 cc,Automatic,Petrol,Nakuru,Locally Used,1487500
Honda,Fit,2018,33985,1500 cc,Manual,Petrol,Kisumu,Locally Used,1312500
BMW,X3,2019,34158,2000 cc,Automatic,Diesel,Nairobi,Foreign Used,3780000
Audi,A4,2020,34331,2000 cc,Automatic,Diesel,Mombasa,Foreign Used,3607500
Toyota,Premio,2021,34504,1800 cc,Automatic,Petrol,Nairobi,Foreign Used,1995000
Subaru,Outback,2022,34677,2500 cc,Automatic,Petrol,Nairobi,Locally Used,2340000
Mazda,CX-5,2008,34850,2200 cc,Automatic,Diesel,Mombasa,Foreign Used,2850000
Mercedes-Benz,C200,2009,35023,2000 cc,Automatic,Petrol,Nairobi,Foreign Used,3587499
Nissan,X-Trail,2010,35196,2000 cc,Automatic,Petrol,Nakuru,Locally Used,1837500
Honda,Fit,2011,35369,1500 cc,Manual,Petrol,Kisumu,Locally Used,1612500
BMW,X3,2012,35542,2000 cc,Automatic,Diesel,Nairobi,Foreign Used,4620000
Audi,A4,2013,35715,2000 cc,Automatic,Diesel,Mombasa,Foreign Used,4387500
Toyota,Premio,2014,35888,1800 cc,Automatic,Petrol,Nairobi,Foreign Used,2415000
Subaru,Outback,2015,36061,2500 cc,Automatic,Petrol,Nairobi,Locally Used,2820000
Mazda,CX-5,2016,36234,2200 cc,Automatic,Diesel,Mombasa,Foreign Used,3420000
Mercedes-Benz,C200,2017,36407,2000 cc,Automatic,Petrol,Nairobi,Foreign Used,4287500
Nissan,X-Trail,2018,36580,2000 cc,Automatic,Petrol,Nakuru,Locally Used,1312500
Honda,Fit,2019,36753,1500 cc,Manual,Petrol,Kisumu,Locally Used,1162500
BMW,X3,2020,36926,2000 cc,Automatic,Diesel,Nairobi,Foreign Used,3360000
Audi,A4,2021,37099,2000 cc,Automatic,Diesel,Mombasa,Foreign Used,3217500
Toyota,Premio,2022,37272,1800 cc,Automatic,Petrol,Nairobi,Foreign Used,1785000
Subaru,Outback,2008,37445,2500 cc,Automatic,Petrol,Nairobi,Locally Used,2100000
Mazda,CX-5,2009,37618,2200 cc,Automatic,Diesel,Mombasa,Foreign Used,2565000
Mercedes-Benz,C200,2010,37791,2000 cc,Automatic,Petrol,Nairobi,Foreign Used,3237500
Nissan,X-Trail,2011,37964,2000 cc,Automatic,Petrol,Nakuru,Locally Used,1662500
Honda,Fit,2012,38137,1500 cc,Manual,Petrol,Kisumu,Locally Used,1462500
BMW,X3,2013,38310,2000 cc,Automatic,Diesel,Nairobi,Foreign Used,4200000
Audi,A4,2014,38483,2000 cc,Automatic,Diesel,Mombasa,Foreign Used,3997499
Toyota,Premio,2015,38656,1800 cc,Automatic,Petrol,Nairobi,Foreign Used,2205000
Subaru,Outback,2016,38829,2500 cc,Automatic,Petrol,Nairobi,Locally Used,2580000
Mazda,CX-5,2017,39002,2200 cc,Automatic,Diesel,Mombasa,Foreign Used,3135000
Mercedes-Benz,C200,2018,39175,2000 cc,Automatic,Petrol,Nairobi,Foreign Used,3937500
Nissan,X-Trail,2019,39348,2000 cc,Automatic,Petrol,Nakuru,Locally Used,2012499
Honda,Fit,2020,39521,1500 cc,Manual,Petrol,Kisumu,Locally Used,1762500
BMW,X3,2021,39694,2000 cc,Automatic,Diesel,Nairobi,Foreign Used,5040000
Audi,A4,2022,39867,2000 cc,Automatic,Diesel,Mombasa,Foreign Used,4777500
Toyota,Premio,2008,40040,1800 cc,Automatic,Petrol,Nairobi,Foreign Used,1575000
Subaru,Outback,2009,40213,2500 cc,Automatic,Petrol,Nairobi,Locally Used,1860000
Mazda,CX-5,2010,40386,2200 cc,Automatic,Diesel,Mombasa,Foreign Used,2280000
Mercedes-Benz,C200,2011,40559,2000 cc,Automatic,Petrol,Nairobi,Foreign Used,2887500
Nissan,X-Trail,2012,40732,2000 cc,Automatic,Petrol,Nakuru,Locally Used,1487500
Honda,Fit,2013,40905,1500 cc,Manual,Petrol,Kisumu,Locally Used,1312500
BMW,X3,2014,41078,2000 cc,Automatic,Diesel,Nairobi,Foreign Used,3780000
Audi,A4,2015,41251,2000 cc,Automatic,Diesel,Mombasa,Foreign Used,3607500
Toyota,Premio,2016,41424,1800 cc,Automatic,Petrol,Nairobi,Foreign Used,1995000
Subaru,Outback,2017,41597,2500 cc,Automatic,Petrol,Nairobi,Locally Used,2340000
Mazda,CX-5,2018,41770,2200 cc,Automatic,Diesel,Mombasa,Foreign Used,2850000
Mercedes-Benz,C200,2019,41943,2000 cc,Automatic,Petrol,Nairobi,Foreign Used,3587499
Nissan,X-Trail,2020,42116,2000 cc,Automatic,Petrol,Nakuru,Locally Used,1837500
Honda,Fit,2021,42289,1500 cc,Manual,Petrol,Kisumu,Locally Used,1612500
BMW,X3,2022,42462,2000 cc,Automatic,Diesel,Nairobi,Foreign Used,4620000
Audi,A4,2008,42635,2000 cc,Automatic,Diesel,Mombasa,Foreign Used,4387500
Toyota,Premio,2009,42808,1800 cc,Automatic,Petrol,Nairobi,Foreign Used,2415000
Subaru,Outback,2010,42981,2500 cc,Automatic,Petrol,Nairobi,Locally Used,2820000
Mazda,CX-5,2011,43154,2200 cc,Automatic,Diesel,Mombasa,Foreign Used,3420000
Mercedes-Benz,C200,2012,43327,2000 cc,Automatic,Petrol,Nairobi,Foreign Used,4287500
Nissan,X-Trail,2013,43500,2000 cc,Automatic,Petrol,Nakuru,Locally Used,1312500
Honda,Fit,2014,43673,1500 cc,Manual,Petrol,Kisumu,Locally Used,1162500
BMW,X3,2015,43846,2000 cc,Automatic,Diesel,Nairobi,Foreign Used,3360000
Audi,A4,2016,44019,2000 cc,Automatic,Diesel,Mombasa,Foreign Used,3217500
Toyota,Premio,2017,44192,1800 cc,Automatic,Petrol,Nairobi,Foreign Used,1785000
Subaru,Outback,2018,44365,2500 cc,Automatic,Petrol,Nairobi,Locally Used,2100000
Mazda,CX-5,2019,44538,2200 cc,Automatic,Diesel,Mombasa,Foreign Used,2565000
Mercedes-Benz,C200,2020,44711,2000 cc,Automatic,Petrol,Nairobi,Foreign Used,3237500
Nissan,X-Trail,2021,44884,2000 cc,Automatic,Petrol,Nakuru,Locally Used,1662500
Honda,Fit,2022,45057,1500 cc,Manual,Petrol,Kisumu,Locally Used,1462500
BMW,X3,2008,45230,2000 cc,Automatic,Diesel,Nairobi,Foreign Used,4200000
Audi,A4,2009,45403,2000 cc,Automatic,Diesel,Mombasa,Foreign Used,3997499
Toyota,Premio,2010,45576,1800 cc,Automatic,Petrol,Nairobi,Foreign Used,2205000
Subaru,Outback,2011,45749,2500 cc,Automatic,Petrol,Nairobi,Locally Used,2580000
Mazda,CX-5,2012,45922,2200 cc,Automatic,Diesel,Mombasa,Foreign Used,3135000
Mercedes-Benz,C200,2013,46095,2000 cc,Automatic,Petrol,Nairobi,Foreign Used,3937500
Nissan,X-Trail,2014,46268,2000 cc,Automatic,Petrol,Nakuru,Locally Used,2012499
Honda,Fit,2015,46441,1500 cc,Manual,Petrol,Kisumu,Locally Used,1762500
BMW,X3,2016,46614,2000 cc,Automatic,Diesel,Nairobi,Foreign Used,5040000
Audi,A4,2017,46787,2000 cc,Automatic,Diesel,Mombasa,Foreign Used,4777500
Toyota,Premio,2018,46960,1800 cc,Automatic,Petrol,Nairobi,Foreign Used,1575000
Subaru,Outback,2019,47133,2500 cc,Automatic,Petrol,Nairobi,Locally Used,1860000
Mazda,CX-5,2020,47306,2200 cc,Automatic,Diesel,Mombasa,Foreign Used,2280000
Mercedes-Benz,C200,2021,47479,2000 cc,Automatic,Petrol,Nairobi,Foreign Used,2887500
Nissan,X-Trail,2022,47652,2000 cc,Automatic,Petrol,Nakuru,Locally Used,1487500
Honda,Fit,2008,47825,1500 cc,Manual,Petrol,Kisumu,Locally Used,1312500
BMW,X3,2009,47998,2000 cc,Automatic,Diesel,Nairobi,Foreign Used,3780000
Audi,A4,2010,48171,2000 cc,Automatic,Diesel,Mombasa,Foreign Used,3607500
Toyota,Premio,2011,48344,1800 cc,Automatic,Petrol,Nairobi,Foreign Used,1995000
Subaru,Outback,2012,48517,2500 cc,Automatic,Petrol,Nairobi,Locally Used,2340000
Mazda,CX-5,2013,48690,2200 cc,Automatic,Diesel,Mombasa,Foreign Used,2850000
Mercedes-Benz,C200,2014,48863,2000 cc,Automatic,Petrol,Nairobi,Foreign Used,3587499
Nissan,X-Trail,2015,49036,2000 cc,Automatic,Petrol,Nakuru,Locally Used,1837500
Honda,Fit,2016,49209,1500 cc,Manual,Petrol,Kisumu,Locally Used,1612500
BMW,X3,2017,49382,2000 cc,Automatic,Diesel,Nairobi,Foreign Used,4620000
Audi,A4,2018,49555,2000 cc,Automatic,Diesel,Mombasa,Foreign Used,4387500
Toyota,Premio,2019,49728,1800 cc,Automatic,Petrol,Nairobi,Foreign Used,2415000
Subaru,Outback,2020,49901,2500 cc,Automatic,Petrol,Nairobi,Locally Used,2820000
Mazda,CX-5,2021,50074,2200 cc,Automatic,Diesel,Mombasa,Foreign Used,3420000
Mercedes-Benz,C200,2022,50247,2000 cc,Automatic,Petrol,Nairobi,Foreign Used,4287500
Nissan,X-Trail,2008,50420,2000 cc,Automatic,Petrol,Nakuru,Locally Used,1312500
Honda,Fit,2009,50593,1500 cc,Manual,Petrol,Kisumu,Locally Used,1162500
BMW,X3,2010,50766,2000 cc,Automatic,Diesel,Nairobi,Foreign Used,3360000
Audi,A4,2011,50939,2000 cc,Automatic,Diesel,Mombasa,Foreign Used,3217500
Toyota,Premio,2012,51112,1800 cc,Automatic,Petrol,Nairobi,Foreign Used,1785000
Subaru,Outback,2013,51285,2500 cc,Automatic,Petrol,Nairobi,Locally Used,2100000
Mazda,CX-5,2014,51458,2200 cc,Automatic,Diesel,Mombasa,Foreign Used,2565000
Mercedes-Benz,C200,2015,51631,2000 cc,Automatic,Petrol,Nairobi,Foreign Used,3237500
Nissan,X-Trail,2016,51804,2000 cc,Automatic,Petrol,Nakuru,Locally Used,1662500
Honda,Fit,2017,51977,1500 cc,Manual,Petrol,Kisumu,Locally Used,1462500
BMW,X3,2018,52150,2000 cc,Automatic,Diesel,Nairobi,Foreign Used,4200000
Audi,A4,2019,52323,2000 cc,Automatic,Diesel,Mombasa,Foreign Used,3997499
Toyota,Premio,2020,52496,1800 cc,Automatic,Petrol,Nairobi,Foreign Used,2205000
Subaru,Outback,2021,52669,2500 cc,Automatic,Petrol,Nairobi,Locally Used,2580000
Mazda,CX-5,2022,52842,2200 cc,Automatic,Diesel,Mombasa,Foreign Used,3135000
Mercedes-Benz,C200,2008,53015,2000 cc,Automatic,Petrol,Nairobi,Foreign Used,3937500
Nissan,X-Trail,2009,53188,2000 cc,Automatic,Petrol,Nakuru,Locally Used,2012499
Honda,Fit,2010,53361,1500 cc,Manual,Petrol,Kisumu,Locally Used,1762500
BMW,X3,2011,53534,2000 cc,Automatic,Diesel,Nairobi,Foreign Used,5040000
Audi,A4,2012,53707,2000 cc,Automatic,Diesel,Mombasa,Foreign Used,4777500
Toyota,Premio,2013,53880,1800 cc,Automatic,Petrol,Nairobi,Foreign Used,1575000
Subaru,Outback,2014,54053,2500 cc,Automatic,Petrol,Nairobi,Locally Used,1860000
Mazda,CX-5,2015,54226,2200 cc,Automatic,Diesel,Mombasa,Foreign Used,2280000
Mercedes-Benz,C200,2016,54399,2000 cc,Automatic,Petrol,Nairobi,Foreign Used,2887500
Nissan,X-Trail,2017,54572,2000 cc,Automatic,Petrol,Nakuru,Locally Used,1487500
Honda,Fit,2018,54745,1500 cc,Manual,Petrol,Kisumu,Locally Used,1312500
BMW,X3,2019,54918,2000 cc,Automatic,Diesel,Nairobi,Foreign Used,3780000
Audi,A4,2020,55091,2000 cc,Automatic,Diesel,Mombasa,Foreign Used,3607500
Toyota,Premio,2021,55264,1800 cc,Automatic,Petrol,Nairobi,Foreign Used,1995000
Subaru,Outback,2022,55437,2500 cc,Automatic,Petrol,Nairobi,Locally Used,2340000
Mazda,CX-5,2008,55610,2200 cc,Automatic,Diesel,Mombasa,Foreign Used,2850000
Mercedes-Benz,C200,2009,55783,2000 cc,Automatic,Petrol,Nairobi,Foreign Used,3587499
Nissan,X-Trail,2010,55956,2000 cc,Automatic,Petrol,Nakuru,Locally Used,1837500
Honda,Fit,2011,56129,1500 cc,Manual,Petrol,Kisumu,Locally Used,1612500
BMW,X3,2012,56302,2000 cc,Automatic,Diesel,Nairobi,Foreign Used,4620000
Audi,A4,2013,56475,2000 cc,Automatic,Diesel,Mombasa,Foreign Used,4387500
Toyota,Premio,2014,56648,1800 cc,Automatic,Petrol,Nairobi,Foreign Used,2415000
Subaru,Outback,2015,56821,2500 cc,Automatic,Petrol,Nairobi,Locally Used,2820000
Mazda,CX-5,2016,56994,2200 cc,Automatic,Diesel,Mombasa,Foreign Used,3420000
Mercedes-Benz,C200,2017,57167,2000 cc,Automatic,Petrol,Nairobi,Foreign Used,4287500
Nissan,X-Trail,2018,57340,2000 cc,Automatic,Petrol,Nakuru,Locally Used,1312500
Honda,Fit,2019,57513,1500 cc,Manual,Petrol,Kisumu,Locally Used,1162500
BMW,X3,2020,57686,2000 cc,Automatic,Diesel,Nairobi,Foreign Used,3360000
Audi,A4,2021,57859,2000 cc,Automatic,Diesel,Mombasa,Foreign Used,3217500
Toyota,Premio,2022,58032,1800 cc,Automatic,Petrol,Nairobi,Foreign Used,1785000
Subaru,Outback,2008,58205,2500 cc,Automatic,Petrol,Nairobi,Locally Used,2100000
Mazda,CX-5,2009,58378,2200 cc,Automatic,Diesel,Mombasa,Foreign Used,2565000
Mercedes-Benz,C200,2010,58551,2000 cc,Automatic,Petrol,Nairobi,Foreign Used,3237500
Nissan,X-Trail,2011,58724,2000 cc,Automatic,Petrol,Nakuru,Locally Used,1662500
Honda,Fit,2012,58897,1500 cc,Manual,Petrol,Kisumu,Locally Used,1462500
BMW,X3,2013,59070,2000 cc,Automatic,Diesel,Nairobi,Foreign Used,4200000
Audi,A4,2014,59243,2000 cc,Automatic,Diesel,Mombasa,Foreign Used,3997499
Toyota,Premio,2015,59416,1800 cc,Automatic,Petrol,Nairobi,Foreign Used,2205000
Subaru,Outback,2016,59589,2500 cc,Automatic,Petrol,Nairobi,Locally Used,2580000
Mazda,CX-5,2017,59762,2200 cc,Automatic,Diesel,Mombasa,Foreign Used,3135000
Mercedes-Benz,C200,2018,59935,2000 cc,Automatic,Petrol,Nairobi,Foreign Used,3937500
Nissan,X-Trail,2019,60108,2000 cc,Automatic,Petrol,Nakuru,Locally Used,2012499
Honda,Fit,2020,60281,1500 cc,Manual,Petrol,Kisumu,Locally Used,1762500
BMW,X3,2021,60454,2000 cc,Automatic,Diesel,Nairobi,Foreign Used,5040000
Audi,A4,2022,60627,2000 cc,Automatic,Diesel,Mombasa,Foreign Used,4777500
Toyota,Premio,2008,60800,1800 cc,Automatic,Petrol,Nairobi,Foreign Used,1575000
Subaru,Outback,2009,60973,2500 cc,Automatic,Petrol,Nairobi,Locally Used,1860000
Mazda,CX-5,2010,61146,2200 cc,Automatic,Diesel,Mombasa,Foreign Used,2280000
Mercedes-Benz,C200,2011,61319,2000 cc,Automatic,Petrol,Nairobi,Foreign Used,2887500
Nissan,X-Trail,2012,61492,2000 cc,Automatic,Petrol,Nakuru,Locally Used,1487500
Honda,Fit,2013,61665,1500 cc,Manual,Petrol,Kisumu,Locally Used,1312500
BMW,X3,2014,61838,2000 cc,Automatic,Diesel,Nairobi,Foreign Used,3780000
Audi,A4,2015,62011,2000 cc,Automatic,Diesel,Mombasa,Foreign Used,3607500
Toyota,Premio,2016,62184,1800 cc,Automatic,Petrol,Nairobi,Foreign Used,1995000
Subaru,Outback,2017,62357,2500 cc,Automatic,Petrol,Nairobi,Locally Used,2340000
Mazda,CX-5,2018,62530,2200 cc,Automatic,Diesel,Mombasa,Foreign Used,2850000
Mercedes-Benz,C200,2019,62703,2000 cc,Automatic,Petrol,Nairobi,Foreign Used,3587499
Nissan,X-Trail,2020,62876,2000 cc,Automatic,Petrol,Nakuru,Locally Used,1837500
Honda,Fit,2021,63049,1500 cc,Manual,Petrol,Kisumu,Locally Used,1612500
BMW,X3,2022,63222,2000 cc,Automatic,Diesel,Nairobi,Foreign Used,4620000
Audi,A4,2008,63395,2000 cc,Automatic,Diesel,Mombasa,Foreign Used,4387500
Toyota,Premio,2009,63568,1800 cc,Automatic,Petrol,Nairobi,Foreign Used,2415000
Subaru,Outback,2010,63741,2500 cc,Automatic,Petrol,Nairobi,Locally Used,2820000
Mazda,CX-5,2011,63914,2200 cc,Automatic,Diesel,Mombasa,Foreign Used,3420000
Mercedes-Benz,C200,2012,64087,2000 cc,Automatic,Petrol,Nairobi,Foreign Used,4287500
Nissan,X-Trail,2013,64260,2000 cc,Automatic,Petrol,Nakuru,Locally Used,1312500
Honda,Fit,2014,64433,1500 cc,Manual,Petrol,Kisumu,Locally Used,1162500
BMW,X3,2015,64606,2000 cc,Automatic,Diesel,Nairobi,Foreign Used,3360000
Audi,A4,2016,64779,2000 cc,Automatic,Diesel,Mombasa,Foreign Used,3217500
Toyota,Premio,2017,64952,1800 cc,Automatic,Petrol,Nairobi,Foreign Used,1785000
Subaru,Outback,2018,65125,2500 cc,Automatic,Petrol,Nairobi,Locally Used,2100000
Mazda,CX-5,2019,65298,2200 cc,Automatic,Diesel,Mombasa,Foreign Used,2565000
Mercedes-Benz,C200,2020,65471,2000 cc,Automatic,Petrol,Nairobi,Foreign Used,3237500
Nissan,X-Trail,2021,65644,2000 cc,Automatic,Petrol,Nakuru,Locally Used,1662500
Honda,Fit,2022,65817,1500 cc,Manual,Petrol,Kisumu,Locally Used,1462500
BMW,X3,2008,65990,2000 cc,Automatic,Diesel,Nairobi,Foreign Used,4200000
Audi,A4,2009,66163,2000 cc,Automatic,Diesel,Mombasa,Foreign Used,3997499
Toyota,Premio,2010,66336,1800 cc,Automatic,Petrol,Nairobi,Foreign Used,2205000
Subaru,Outback,2011,66509,2500 cc,Automatic,Petrol,Nairobi,Locally Used,2580000
Mazda,CX-5,2012,66682,2200 cc,Automatic,Diesel,Mombasa,Foreign Used,3135000
Mercedes-Benz,C200,2013,66855,2000 cc,Automatic,Petrol,Nairobi,Foreign Used,3937500
Nissan,X-Trail,2014,67028,2000 cc,Automatic,Petrol,Nakuru,Locally Used,2012499
Honda,Fit,2015,67201,1500 cc,Manual,Petrol,Kisumu,Locally Used,1762500
BMW,X3,2016,67374,2000 cc,Automatic,Diesel,Nairobi,Foreign Used,5040000
Audi,A4,2017,67547,2000 cc,Automatic,Diesel,Mombasa,Foreign Used,4777500
Toyota,Premio,2018,67720,1800 cc,Automatic,Petrol,Nairobi,Foreign Used,1575000
Subaru,Outback,2019,67893,2500 cc,Automatic,Petrol,Nairobi,Locally Used,1860000
Mazda,CX-5,2020,68066,2200 cc,Automatic,Diesel,Mombasa,Foreign Used,2280000
Mercedes-Benz,C200,2021,68239,2000 cc,Automatic,Petrol,Nairobi,Foreign Used,2887500
Nissan,X-Trail,2022,68412,2000 cc,Automatic,Petrol,Nakuru,Locally Used,1487500
Honda,Fit,2008,68585,1500 cc,Manual,Petrol,Kisumu,Locally Used,1312500
BMW,X3,2009,68758,2000 cc,Automatic,Diesel,Nairobi,Foreign Used,3780000
Audi,A4,2010,68931,2000 cc,Automatic,Diesel,Mombasa,Foreign Used,3607500
Toyota,Premio,2011,69104,1800 cc,Automatic,Petrol,Nairobi,Foreign Used,1995000
Subaru,Outback,2012,69277,2500 cc,Automatic,Petrol,Nairobi,Locally Used,2340000
Mazda,CX-5,2013,69450,2200 cc,Automatic,Diesel,Mombasa,Foreign Used,2850000
Mercedes-Benz,C200,2014,69623,2000 cc,Automatic,Petrol,Nairobi,Foreign Used,3587499
Nissan,X-Trail,2015,69796,2000 cc,Automatic,Petrol,Nakuru,Locally Used,1837500
Honda,Fit,2016,69969,1500 cc,Manual,Petrol,Kisumu,Locally Used,1612500
BMW,X3,2017,70142,2000 cc,Automatic,Diesel,Nairobi,Foreign Used,4620000
Audi,A4,2018,70315,2000 cc,Automatic,Diesel,Mombasa,Foreign Used,4387500
Toyota,Premio,2019,70488,1800 cc,Automatic,Petrol,Nairobi,Foreign Used,2415000
Subaru,Outback,2020,70661,2500 cc,Automatic,Petrol,Nairobi,Locally Used,2820000
Mazda,CX-5,2021,70834,2200 cc,Automatic,Diesel,Mombasa,Foreign Used,3420000
Mercedes-Benz,C200,2022,71007,2000 cc,Automatic,Petrol,Nairobi,Foreign Used,4287500
Nissan,X-Trail,2008,71180,2000 cc,Automatic,Petrol,Nakuru,Locally Used,1312500
Honda,Fit,2009,71353,1500 cc,Manual,Petrol,Kisumu,Locally Used,1162500
BMW,X3,2010,71526,2000 cc,Automatic,Diesel,Nairobi,Foreign Used,3360000
Audi,A4,2011,71699,2000 cc,Automatic,Diesel,Mombasa,Foreign Used,3217500
Toyota,Premio,2012,71872,1800 cc,Automatic,Petrol,Nairobi,Foreign Used,1785000
Subaru,Outback,2013,72045,2500 cc,Automatic,Petrol,Nairobi,Locally Used,2100000
Mazda,CX-5,2014,72218,2200 cc,Automatic,Diesel,Mombasa,Foreign Used,2565000
Mercedes-Benz,C200,2015,72391,2000 cc,Automatic,Petrol,Nairobi,Foreign Used,3237500
Nissan,X-Trail,2016,72564,2000 cc,Automatic,Petrol,Nakuru,Locally Used,1662500
Honda,Fit,2017,72737,1500 cc,Manual,Petrol,Kisumu,Locally Used,1462500
BMW,X3,2018,72910,2000 cc,Automatic,Diesel,Nairobi,Foreign Used,4200000
Audi,A4,2019,73083,2000 cc,Automatic,Diesel,Mombasa,Foreign Used,3997499
Toyota,Premio,2020,73256,1800 cc,Automatic,Petrol,Nairobi,Foreign Used,2205000
Subaru,Outback,2021,73429,2500 cc,Automatic,Petrol,Nairobi,Locally Used,2580000
Mazda,CX-5,2022,73602,2200 cc,Automatic,Diesel,Mombasa,Foreign Used,3135000
Mercedes-Benz,C200,2008,73775,2000 cc,Automatic,Petrol,Nairobi,Foreign Used,3937500
Nissan,X-Trail,2009,73948,2000 cc,Automatic,Petrol,Nakuru,Locally Used,2012499
Honda,Fit,2010,74121,1500 cc,Manual,Petrol,Kisumu,Locally Used,1762500
BMW,X3,2011,74294,2000 cc,Automatic,Diesel,Nairobi,Foreign Used,5040000
Audi,A4,2012,74467,2000 cc,Automatic,Diesel,Mombasa,Foreign Used,4777500
Toyota,Premio,2013,74640,1800 cc,Automatic,Petrol,Nairobi,Foreign Used,1575000
Subaru,Outback,2014,74813,2500 cc,Automatic,Petrol,Nairobi,Locally Used,1860000
Mazda,CX-5,2015,74986,2200 cc,Automatic,Diesel,Mombasa,Foreign Used,2280000
Mercedes-Benz,C200,2016,75159,2000 cc,Automatic,Petrol,Nairobi,Foreign Used,2887500
Nissan,X-Trail,2017,75332,2000 cc,Automatic,Petrol,Nakuru,Locally Used,1487500
Honda,Fit,2018,75505,1500 cc,Manual,Petrol,Kisumu,Locally Used,1312500
BMW,X3,2019,75678,2000 cc,Automatic,Diesel,Nairobi,Foreign Used,3780000
Audi,A4,2020,75851,2000 cc,Automatic,Diesel,Mombasa,Foreign Used,3607500
Toyota,Premio,2021,76024,1800 cc,Automatic,Petrol,Nairobi,Foreign Used,1995000
Subaru,Outback,2022,76197,2500 cc,Automatic,Petrol,Nairobi,Locally Used,2340000
Mazda,CX-5,2008,76370,2200 cc,Automatic,Diesel,Mombasa,Foreign Used,2850000
Mercedes-Benz,C200,2009,76543,2000 cc,Automatic,Petrol,Nairobi,Foreign Used,3587499
Nissan,X-Trail,2010,76716,2000 cc,Automatic,Petrol,Nakuru,Locally Used,1837500
Honda,Fit,2011,76889,1500 cc,Manual,Petrol,Kisumu,Locally Used,1612500
BMW,X3,2012,77062,2000 cc,Automatic,Diesel,Nairobi,Foreign Used,4620000
Audi,A4,2013,77235,2000 cc,Automatic,Diesel,Mombasa,Foreign Used,4387500
Toyota,Premio,2014,77408,1800 cc,Automatic,Petrol,Nairobi,Foreign Used,2415000
Subaru,Outback,2015,77581,2500 cc,Automatic,Petrol,Nairobi,Locally Used,2820000
Mazda,CX-5,2016,77754,2200 cc,Automatic,Diesel,Mombasa,Foreign Used,3420000
Mercedes-Benz,C200,2017,77927,2000 cc,Automatic,Petrol,Nairobi,Foreign Used,4287500
Nissan,X-Trail,2018,78100,2000 cc,Automatic,Petrol,Nakuru,Locally Used,1312500
Honda,Fit,2019,78273,1500 cc,Manual,Petrol,Kisumu,Locally Used,1162500
BMW,X3,2020,78446,2000 cc,Automatic,Diesel,Nairobi,Foreign Used,3360000
Audi,A4,2021,78619,2000 cc,Automatic,Diesel,Mombasa,Foreign Used,3217500
Toyota,Premio,2022,78792,1800 cc,Automatic,Petrol,Nairobi,Foreign Used,1785000
Subaru,Outback,2008,78965,2500 cc,Automatic,Petrol,Nairobi,Locally Used,2100000
Mazda,CX-5,2009,79138,2200 cc,Automatic,Diesel,Mombasa,Foreign Used,2565000
Mercedes-Benz,C200,2010,79311,2000 cc,Automatic,Petrol,Nairobi,Foreign Used,3237500
Nissan,X-Trail,2011,79484,2000 cc,Automatic,Petrol,Nakuru,Locally Used,1662500
Honda,Fit,2012,79657,1500 cc,Manual,Petrol,Kisumu,Locally Used,1462500
BMW,X3,2013,79830,2000 cc,Automatic,Diesel,Nairobi,Foreign Used,4200000
Audi,A4,2014,80003,2000 cc,Automatic,Diesel,Mombasa,Foreign Used,3997499
Toyota,Premio,2015,80176,1800 cc,Automatic,Petrol,Nairobi,Foreign Used,2205000
Subaru,Outback,2016,80349,2500 cc,Automatic,Petrol,Nairobi,Locally Used,2580000
Mazda,CX-5,2017,80522,2200 cc,Automatic,Diesel,Mombasa,Foreign Used,3135000
Mercedes-Benz,C200,2018,80695,2000 cc,Automatic,Petrol,Nairobi,Foreign Used,3937500
Nissan,X-Trail,2019,80868,2000 cc,Automatic,Petrol,Nakuru,Locally Used,2012499
Honda,Fit,2020,81041,1500 cc,Manual,Petrol,Kisumu,Locally Used,1762500
BMW,X3,2021,81214,2000 cc,Automatic,Diesel,Nairobi,Foreign Used,5040000
Audi,A4,2022,81387,2000 cc,Automatic,Diesel,Mombasa,Foreign Used,4777500
Toyota,Premio,2008,81560,1800 cc,Automatic,Petrol,Nairobi,Foreign Used,1575000
Subaru,Outback,2009,81733,2500 cc,Automatic,Petrol,Nairobi,Locally Used,1860000
Mazda,CX-5,2010,81906,2200 cc,Automatic,Diesel,Mombasa,Foreign Used,2280000
Mercedes-Benz,C200,2011,82079,2000 cc,Automatic,Petrol,Nairobi,Foreign Used,2887500
Nissan,X-Trail,2012,82252,2000 cc,Automatic,Petrol,Nakuru,Locally Used,1487500
Honda,Fit,2013,82425,1500 cc,Manual,Petrol,Kisumu,Locally Used,1312500
BMW,X3,2014,82598,2000 cc,Automatic,Diesel,Nairobi,Foreign Used,3780000
Audi,A4,2015,82771,2000 cc,Automatic,Diesel,Mombasa,Foreign Used,3607500
Toyota,Premio,2016,82944,1800 cc,Automatic,Petrol,Nairobi,Foreign Used,1995000
Subaru,Outback,2017,83117,2500 cc,Automatic,Petrol,Nairobi,Locally Used,2340000
Mazda,CX-5,2018,83290,2200 cc,Automatic,Diesel,Mombasa,Foreign Used,2850000
Mercedes-Benz,C200,2019,83463,2000 cc,Automatic,Petrol,Nairobi,Foreign Used,3587499
Nissan,X-Trail,2020,83636,2000 cc,Automatic,Petrol,Nakuru,Locally Used,1837500
Honda,Fit,2021,83809,1500 cc,Manual,Petrol,Kisumu,Locally Used,1612500
BMW,X3,2022,83982,2000 cc,Automatic,Diesel,Nairobi,Foreign Used,4620000
Audi,A4,2008,84155,2000 cc,Automatic,Diesel,Mombasa,Foreign Used,4387500
Toyota,Premio,2009,84328,1800 cc,Automatic,Petrol,Nairobi,Foreign Used,2415000
Subaru,Outback,2010,84501,2500 cc,Automatic,Petrol,Nairobi,Locally Used,2820000
Mazda,CX-5,2011,84674,2200 cc,Automatic,Diesel,Mombasa,Foreign Used,3420000
Mercedes-Benz,C200,2012,84847,2000 cc,Automatic,Petrol,Nairobi,Foreign Used,4287500
Nissan,X-Trail,2013,85020,2000 cc,Automatic,Petrol,Nakuru,Locally Used,1312500
Honda,Fit,2014,85193,1500 cc,Manual,Petrol,Kisumu,Locally Used,1162500
BMW,X3,2015,85366,2000 cc,Automatic,Diesel,Nairobi,Foreign Used,3360000
Audi,A4,2016,85539,2000 cc,Automatic,Diesel,Mombasa,Foreign Used,3217500
Toyota,Premio,2017,85712,1800 cc,Automatic,Petrol,Nairobi,Foreign Used,1785000
Subaru,Outback,2018,85885,2500 cc,Automatic,Petrol,Nairobi,Locally Used,2100000
Mazda,CX-5,2019,86058,2200 cc,Automatic,Diesel,Mombasa,Foreign Used,2565000
Mercedes-Benz,C200,2020,86231,2000 cc,Automatic,Petrol,Nairobi,Foreign Used,3237500
Nissan,X-Trail,2021,86404,2000 cc,Automatic,Petrol,Nakuru,Locally Used,1662500
Honda,Fit,2022,86577,1500 cc,Manual,Petrol,Kisumu,Locally Used,1462500
BMW,X3,2008,86750,2000 cc,Automatic,Diesel,Nairobi,Foreign Used,4200000
Audi,A4,2009,86923,2000 cc,Automatic,Diesel,Mombasa,Foreign Used,3997499
Toyota,Premio,2010,87096,1800 cc,Automatic,Petrol,Nairobi,Foreign Used,2205000
Subaru,Outback,2011,87269,2500 cc,Automatic,Petrol,Nairobi,Locally Used,2580000
Mazda,CX-5,2012,87442,2200 cc,Automatic,Diesel,Mombasa,Foreign Used,3135000
Mercedes-Benz,C200,2013,87615,2000 cc,Automatic,Petrol,Nairobi,Foreign Used,3937500
Nissan,X-Trail,2014,87788,2000 cc,Automatic,Petrol,Nakuru,Locally Used,2012499
Honda,Fit,2015,87961,1500 cc,Manual,Petrol,Kisumu,Locally Used,1762500
BMW,X3,2016,88134,2000 cc,Automatic,Diesel,Nairobi,Foreign Used,5040000
Audi,A4,2017,88307,2000 cc,Automatic,Diesel,Mombasa,Foreign Used,4777500
Toyota,Premio,2018,88480,1800 cc,Automatic,Petrol,Nairobi,Foreign Used,1575000
Subaru,Outback,2019,88653,2500 cc,Automatic,Petrol,Nairobi,Locally Used,1860000
Mazda,CX-5,2020,88826,2200 cc,Automatic,Diesel,Mombasa,Foreign Used,2280000
Mercedes-Benz,C200,2021,88999,2000 cc,Automatic,Petrol,Nairobi,Foreign Used,2887500
Nissan,X-Trail,2022,89172,2000 cc,Automatic,Petrol,Nakuru,Locally Used,1487500
Honda,Fit,2008,89345,1500 cc,Manual,Petrol,Kisumu,Locally Used,1312500
BMW,X3,2009,89518,2000 cc,Automatic,Diesel,Nairobi,Foreign Used,3780000
Audi,A4,2010,89691,2000 cc,Automatic,Diesel,Mombasa,Foreign Used,3607500
Toyota,Premio,2011,89864,1800 cc,Automatic,Petrol,Nairobi,Foreign Used,1995000
Subaru,Outback,2012,90037,2500 cc,Automatic,Petrol,Nairobi,Locally Used,2340000
Mazda,CX-5,2013,90210,2200 cc,Automatic,Diesel,Mombasa,Foreign Used,2850000
Mercedes-Benz,C200,2014,90383,2000 cc,Automatic,Petrol,Nairobi,Foreign Used,3587499
Nissan,X-Trail,2015,90556,2000 cc,Automatic,Petrol,Nakuru,Locally Used,1837500
Honda,Fit,2016,90729,1500 cc,Manual,Petrol,Kisumu,Locally Used,1612500
BMW,X3,2017,90902,2000 cc,Automatic,Diesel,Nairobi,Foreign Used,4620000
Audi,A4,2018,91075,2000 cc,Automatic,Diesel,Mombasa,Foreign Used,4387500
Toyota,Premio,2019,91248,1800 cc,Automatic,Petrol,Nairobi,Foreign Used,2415000
Subaru,Outback,2020,91421,2500 cc,Automatic,Petrol,Nairobi,Locally Used,2820000
Mazda,CX-5,2021,91594,2200 cc,Automatic,Diesel,Mombasa,Foreign Used,3420000
Mercedes-Benz,C200,2022,91767,2000 cc,Automatic,Petrol,Nairobi,Foreign Used,4287500
Nissan,X-Trail,2008,91940,2000 cc,Automatic,Petrol,Nakuru,Locally Used,1312500
Honda,Fit,2009,92113,1500 cc,Manual,Petrol,Kisumu,Locally Used,1162500
BMW,X3,2010,92286,2000 cc,Automatic,Diesel,Nairobi,Foreign Used,3360000
Audi,A4,2011,92459,2000 cc,Automatic,Diesel,Mombasa,Foreign Used,3217500
Toyota,Premio,2012,92632,1800 cc,Automatic,Petrol,Nairobi,Foreign Used,1785000
Subaru,Outback,2013,92805,2500 cc,Automatic,Petrol,Nairobi,Locally Used,2100000
Mazda,CX-5,2014,92978,2200 cc,Automatic,Diesel,Mombasa,Foreign Used,2565000
Mercedes-Benz,C200,2015,93151,2000 cc,Automatic,Petrol,Nairobi,Foreign Used,3237500
Nissan,X-Trail,2016,93324,2000 cc,Automatic,Petrol,Nakuru,Locally Used,1662500
Honda,Fit,2017,93497,1500 cc,Manual,Petrol,Kisumu,Locally Used,1462500
BMW,X3,2018,93670,2000 cc,Automatic,Diesel,Nairobi,Foreign Used,4200000
Audi,A4,2019,93843,2000 cc,Automatic,Diesel,Mombasa,Foreign Used,3997499
Toyota,Premio,2020,94016,1800 cc,Automatic,Petrol,Nairobi,Foreign Used,2205000
Subaru,Outback,2021,94189,2500 cc,Automatic,Petrol,Nairobi,Locally Used,2580000
Mazda,CX-5,2022,94362,2200 cc,Automatic,Diesel,Mombasa,Foreign Used,3135000
Mercedes-Benz,C200,2008,94535,2000 cc,Automatic,Petrol,Nairobi,Foreign Used,3937500
Nissan,X-Trail,2009,94708,2000 cc,Automatic,Petrol,Nakuru,Locally Used,2012499
Honda,Fit,2010,94881,1500 cc,Manual,Petrol,Kisumu,Locally Used,1762500
BMW,X3,2011,95054,2000 cc,Automatic,Diesel,Nairobi,Foreign Used,5040000
Audi,A4,2012,95227,2000 cc,Automatic,Diesel,Mombasa,Foreign Used,4777500
Toyota,Premio,2013,95400,1800 cc,Automatic,Petrol,Nairobi,Foreign Used,1575000
Subaru,Outback,2014,95573,2500 cc,Automatic,Petrol,Nairobi,Locally Used,1860000
Mazda,CX-5,2015,95746,2200 cc,Automatic,Diesel,Mombasa,Foreign Used,2280000
Mercedes-Benz,C200,2016,95919,2000 cc,Automatic,Petrol,Nairobi,Foreign Used,2887500
Nissan,X-Trail,2017,96092,2000 cc,Automatic,Petrol,Nakuru,Locally Used,1487500
Honda,Fit,2018,96265,1500 cc,Manual,Petrol,Kisumu,Locally Used,1312500
BMW,X3,2019,96438,2000 cc,Automatic,Diesel,Nairobi,Foreign Used,3780000
Audi,A4,2020,96611,2000 cc,Automatic,Diesel,Mombasa,Foreign Used,3607500
Toyota,Premio,2021,96784,1800 cc,Automatic,Petrol,Nairobi,Foreign Used,1995000
Subaru,Outback,2022,96957,2500 cc,Automatic,Petrol,Nairobi,Locally Used,2340000
Mazda,CX-5,2008,97130,2200 cc,Automatic,Diesel,Mombasa,Foreign Used,2850000
Mercedes-Benz,C200,2009,97303,2000 cc,Automatic,Petrol,Nairobi,Foreign Used,3587499
Nissan,X-Trail,2010,97476,2000 cc,Automatic,Petrol,Nakuru,Locally Used,1837500
Honda,Fit,2011,97649,1500 cc,Manual,Petrol,Kisumu,Locally Used,1612500
BMW,X3,2012,97822,2000 cc,Automatic,Diesel,Nairobi,Foreign Used,4620000
Audi,A4,2013,97995,2000 cc,Automatic,Diesel,Mombasa,Foreign Used,4387500
Toyota,Premio,2014,98168,1800 cc,Automatic,Petrol,Nairobi,Foreign Used,2415000
Subaru,Outback,2015,98341,2500 cc,Automatic,Petrol,Nairobi,Locally Used,2820000
Mazda,CX-5,2016,98514,2200 cc,Automatic,Diesel,Mombasa,Foreign Used,3420000
Mercedes-Benz,C200,2017,98687,2000 cc,Automatic,Petrol,Nairobi,Foreign Used,4287500
Nissan,X-Trail,2018,98860,2000 cc,Automatic,Petrol,Nakuru,Locally Used,1312500
Honda,Fit,2019,99033,1500 cc,Manual,Petrol,Kisumu,Locally Used,1162500
BMW,X3,2020,99206,2000 cc,Automatic,Diesel,Nairobi,Foreign Used,3360000
Audi,A4,2021,99379,2000 cc,Automatic,Diesel,Mombasa,Foreign Used,3217500
Toyota,Premio,2022,99552,1800 cc,Automatic,Petrol,Nairobi,Foreign Used,1785000
Subaru,Outback,2008,99725,2500 cc,Automatic,Petrol,Nairobi,Locally Used,2100000
Mazda,CX-5,2009,99898,2200 cc,Automatic,Diesel,Mombasa,Foreign Used,2565000
Mercedes-Benz,C200,2010,100071,2000 cc,Automatic,Petrol,Nairobi,Foreign Used,3237500
Nissan,X-Trail,2011,100244,2000 cc,Automatic,Petrol,Nakuru,Locally Used,1662500
Honda,Fit,2012,100417,1500 cc,Manual,Petrol,Kisumu,Locally Used,1462500
BMW,X3,2013,100590,2000 cc,Automatic,Diesel,Nairobi,Foreign Used,4200000
Audi,A4,2014,100763,2000 cc,Automatic,Diesel,Mombasa,Foreign Used,3997499
Toyota,Premio,2015,100936,1800 cc,Automatic,Petrol,Nairobi,Foreign Used,2205000
Subaru,Outback,2016,101109,2500 cc,Automatic,Petrol,Nairobi,Locally Used,2580000
Mazda,CX-5,2017,101282,2200 cc,Automatic,Diesel,Mombasa,Foreign Used,3135000
Mercedes-Benz,C200,2018,101455,2000 cc,Automatic,Petrol,Nairobi,Foreign Used,3937500
Nissan,X-Trail,2019,101628,2000 cc,Automatic,Petrol,Nakuru,Locally Used,2012499
Honda,Fit,2020,101801,1500 cc,Manual,Petrol,Kisumu,Locally Used,1762500
BMW,X3,2021,101974,2000 cc,Automatic,Diesel,Nairobi,Foreign Used,5040000
Audi,A4,2022,102147,2000 cc,Automatic,Diesel,Mombasa,Foreign Used,4777500
Toyota,Premio,2008,102320,1800 cc,Automatic,Petrol,Nairobi,Foreign Used,1575000
Subaru,Outback,2009,102493,2500 cc,Automatic,Petrol,Nairobi,Locally Used,1860000
Mazda,CX-5,2010,102666,2200 cc,Automatic,Diesel,Mombasa,Foreign Used,2280000
Mercedes-Benz,C200,2011,102839,2000 cc,Automatic,Petrol,Nairobi,Foreign Used,2887500
Nissan,X-Trail,2012,103012,2000 cc,Automatic,Petrol,Nakuru,Locally Used,1487500
Honda,Fit,2013,103185,1500 cc,Manual,Petrol,Kisumu,Locally Used,1312500
BMW,X3,2014,103358,2000 cc,Automatic,Diesel,Nairobi,Foreign Used,3780000
Audi,A4,2015,103531,2000 cc,Automatic,Diesel,Mombasa,Foreign Used,3607500
Toyota,Premio,2016,103704,1800 cc,Automatic,Petrol,Nairobi,Foreign Used,1995000
Subaru,Outback,2017,103877,2500 cc,Automatic,Petrol,Nairobi,Locally Used,2340000
Mazda,CX-5,2018,104050,2200 cc,Automatic,Diesel,Mombasa,Foreign Used,2850000
Mercedes-Benz,C200,2019,104223,2000 cc,Automatic,Petrol,Nairobi,Foreign Used,3587499
Nissan,X-Trail,2020,104396,2000 cc,Automatic,Petrol,Nakuru,Locally Used,1837500
Honda,Fit,2021,104569,1500 cc,Manual,Petrol,Kisumu,Locally Used,1612500
BMW,X3,2022,104742,2000 cc,Automatic,Diesel,Nairobi,Foreign Used,4620000
Audi,A4,2008,104915,2000 cc,Automatic,Diesel,Mombasa,Foreign Used,4387500
Toyota,Premio,2009,105088,1800 cc,Automatic,Petrol,Nairobi,Foreign Used,2415000
Subaru,Outback,2010,105261,2500 cc,Automatic,Petrol,Nairobi,Locally Used,2820000
Mazda,CX-5,2011,105434,2200 cc,Automatic,Diesel,Mombasa,Foreign Used,3420000
Mercedes-Benz,C200,2012,105607,2000 cc,Automatic,Petrol,Nairobi,Foreign Used,4287500
Nissan,X-Trail,2013,105780,2000 cc,Automatic,Petrol,Nakuru,Locally Used,1312500
Honda,Fit,2014,105953,1500 cc,Manual,Petrol,Kisumu,Locally Used,1162500
BMW,X3,2015,106126,2000 cc,Automatic,Diesel,Nairobi,Foreign Used,3360000
Audi,A4,2016,106299,2000 cc,Automatic,Diesel,Mombasa,Foreign Used,3217500
Toyota,Premio,2017,106472,1800 cc,Automatic,Petrol,Nairobi,Foreign Used,1785000
Subaru,Outback,2018,106645,2500 cc,Automatic,Petrol,Nairobi,Locally Used,2100000
Mazda,CX-5,2019,106818,2200 cc,Automatic,Diesel,Mombasa,Foreign Used,2565000
Mercedes-Benz,C200,2020,106991,2000 cc,Automatic,Petrol,Nairobi,Foreign Used,3237500
Nissan,X-Trail,2021,107164,2000 cc,Automatic,Petrol,Nakuru,Locally Used,1662500
Honda,Fit,2022,107337,1500 cc,Manual,Petrol,Kisumu,Locally Used,1462500
BMW,X3,2008,107510,2000 cc,Automatic,Diesel,Nairobi,Foreign Used,4200000
Audi,A4,2009,107683,2000 cc,Automatic,Diesel,Mombasa,Foreign Used,3997499
Toyota,Premio,2010,107856,1800 cc,Automatic,Petrol,Nairobi,Foreign Used,2205000
Subaru,Outback,2011,108029,2500 cc,Automatic,Petrol,Nairobi,Locally Used,2580000
Mazda,CX-5,2012,108202,2200 cc,Automatic,Diesel,Mombasa,Foreign Used,3135000
Mercedes-Benz,C200,2013,108375,2000 cc,Automatic,Petrol,Nairobi,Foreign Used,3937500
Nissan,X-Trail,2014,108548,2000 cc,Automatic,Petrol,Nakuru,Locally Used,2012499
Honda,Fit,2015,108721,1500 cc,Manual,Petrol,Kisumu,Locally Used,1762500
BMW,X3,2016,108894,2000 cc,Automatic,Diesel,Nairobi,Foreign Used,5040000
Audi,A4,2017,109067,2000 cc,Automatic,Diesel,Mombasa,Foreign Used,4777500
Toyota,Premio,2018,109240,1800 cc,Automatic,Petrol,Nairobi,Foreign Used,1575000
Subaru,Outback,2019,109413,2500 cc,Automatic,Petrol,Nairobi,Locally Used,1860000
Mazda,CX-5,2020,109586,2200 cc,Automatic,Diesel,Mombasa,Foreign Used,2280000
Mercedes-Benz,C200,2021,109759,2000 cc,Automatic,Petrol,Nairobi,Foreign Used,2887500
Nissan,X-Trail,2022,109932,2000 cc,Automatic,Petrol,Nakuru,Locally Used,1487500
Honda,Fit,2008,110105,1500 cc,Manual,Petrol,Kisumu,Locally Used,1312500
BMW,X3,2009,110278,2000 cc,Automatic,Diesel,Nairobi,Foreign Used,3780000
Audi,A4,2010,110451,2000 cc,Automatic,Diesel,Mombasa,Foreign Used,3607500
Toyota,Premio,2011,110624,1800 cc,Automatic,Petrol,Nairobi,Foreign Used,1995000
Subaru,Outback,2012,110797,2500 cc,Automatic,Petrol,Nairobi,Locally Used,2340000
Mazda,CX-5,2013,110970,2200 cc,Automatic,Diesel,Mombasa,Foreign Used,2850000
Mercedes-Benz,C200,2014,111143,2000 cc,Automatic,Petrol,Nairobi,Foreign Used,3587499
Nissan,X-Trail,2015,111316,2000 cc,Automatic,Petrol,Nakuru,Locally Used,1837500
Honda,Fit,2016,111489,1500 cc,Manual,Petrol,Kisumu,Locally Used,1612500
BMW,X3,2017,111662,2000 cc,Automatic,Diesel,Nairobi,Foreign Used,4620000
Audi,A4,2018,111835,2000 cc,Automatic,Diesel,Mombasa,Foreign Used,4387500
Toyota,Premio,2019,112008,1800 cc,Automatic,Petrol,Nairobi,Foreign Used,2415000
Subaru,Outback,2020,112181,2500 cc,Automatic,Petrol,Nairobi,Locally Used,2820000
Mazda,CX-5,2021,112354,2200 cc,Automatic,Diesel,Mombasa,Foreign Used,3420000
Mercedes-Benz,C200,2022,112527,2000 cc,Automatic,Petrol,Nairobi,Foreign Used,4287500
Nissan,X-Trail,2008,112700,2000 cc,Automatic,Petrol,Nakuru,Locally Used,1312500
Honda,Fit,2009,112873,1500 cc,Manual,Petrol,Kisumu,Locally Used,1162500
BMW,X3,2010,113046,2000 cc,Automatic,Diesel,Nairobi,Foreign Used,3360000
Audi,A4,2011,113219,2000 cc,Automatic,Diesel,Mombasa,Foreign Used,3217500
Toyota,Premio,2012,113392,1800 cc,Automatic,Petrol,Nairobi,Foreign Used,1785000
Subaru,Outback,2013,113565,2500 cc,Automatic,Petrol,Nairobi,Locally Used,2100000
Mazda,CX-5,2014,113738,2200 cc,Automatic,Diesel,Mombasa,Foreign Used,2565000
Mercedes-Benz,C200,2015,113911,2000 cc,Automatic,Petrol,Nairobi,Foreign Used,3237500
Nissan,X-Trail,2016,114084,2000 cc,Automatic,Petrol,Nakuru,Locally Used,1662500
Honda,Fit,2017,114257,1500 cc,Manual,Petrol,Kisumu,Locally Used,1462500
BMW,X3,2018,114430,2000 cc,Automatic,Diesel,Nairobi,Foreign Used,4200000
Audi,A4,2019,114603,2000 cc,Automatic,Diesel,Mombasa,Foreign Used,3997499
Toyota,Premio,2020,114776,1800 cc,Automatic,Petrol,Nairobi,Foreign Used,2205000
Subaru,Outback,2021,114949,2500 cc,Automatic,Petrol,Nairobi,Locally Used,2580000
Mazda,CX-5,2022,115122,2200 cc,Automatic,Diesel,Mombasa,Foreign Used,3135000
Mercedes-Benz,C200,2008,115295,2000 cc,Automatic,Petrol,Nairobi,Foreign Used,3937500
Nissan,X-Trail,2009,115468,2000 cc,Automatic,Petrol,Nakuru,Locally Used,2012499
Honda,Fit,2010,115641,1500 cc,Manual,Petrol,Kisumu,Locally Used,1762500
BMW,X3,2011,115814,2000 cc,Automatic,Diesel,Nairobi,Foreign Used,5040000
Audi,A4,2012,115987,2000 cc,Automatic,Diesel,Mombasa,Foreign Used,4777500
Toyota,Premio,2013,116160,1800 cc,Automatic,Petrol,Nairobi,Foreign Used,1575000
Subaru,Outback,2014,116333,2500 cc,Automatic,Petrol,Nairobi,Locally Used,1860000
Mazda,CX-5,2015,116506,2200 cc,Automatic,Diesel,Mombasa,Foreign Used,2280000
Mercedes-Benz,C200,2016,116679,2000 cc,Automatic,Petrol,Nairobi,Foreign Used,2887500
Nissan,X-Trail,2017,116852,2000 cc,Automatic,Petrol,Nakuru,Locally Used,1487500
Honda,Fit,2018,117025,1500 cc,Manual,Petrol,Kisumu,Locally Used,1312500
BMW,X3,2019,117198,2000 cc,Automatic,Diesel,Nairobi,Foreign Used,3780000
Audi,A4,2020,117371,2000 cc,Automatic,Diesel,Mombasa,Foreign Used,3607500
Toyota,Premio,2021,117544,1800 cc,Automatic,Petrol,Nairobi,Foreign Used,1995000
Subaru,Outback,2022,117717,2500 cc,Automatic,Petrol,Nairobi,Locally Used,2340000
Mazda,CX-5,2008,117890,2200 cc,Automatic,Diesel,Mombasa,Foreign Used,2850000
Mercedes-Benz,C200,2009,118063,2000 cc,Automatic,Petrol,Nairobi,Foreign Used,3587499
Nissan,X-Trail,2010,118236,2000 cc,Automatic,Petrol,Nakuru,Locally Used,1837500
Honda,Fit,2011,118409,1500 cc,Manual,Petrol,Kisumu,Locally Used,1612500
BMW,X3,2012,118582,2000 cc,Automatic,Diesel,Nairobi,Foreign Used,4620000
Audi,A4,2013,118755,2000 cc,Automatic,Diesel,Mombasa,Foreign Used,4387500
Toyota,Premio,2014,118928,1800 cc,Automatic,Petrol,Nairobi,Foreign Used,2415000
Subaru,Outback,2015,119101,2500 cc,Automatic,Petrol,Nairobi,Locally Used,2820000
Mazda,CX-5,2016,119274,2200 cc,Automatic,Diesel,Mombasa,Foreign Used,3420000
Mercedes-Benz,C200,2017,119447,2000 cc,Automatic,Petrol,Nairobi,Foreign Used,4287500
Nissan,X-Trail,2018,119620,2000 cc,Automatic,Petrol,Nakuru,Locally Used,1312500
Honda,Fit,2019,119793,1500 cc,Manual,Petrol,Kisumu,Locally Used,1162500
BMW,X3,2020,119966,2000 cc,Automatic,Diesel,Nairobi,Foreign Used,3360000
Audi,A4,2021,120139,2000 cc,Automatic,Diesel,Mombasa,Foreign Used,3217500
Toyota,Premio,2022,120312,1800 cc,Automatic,Petrol,Nairobi,Foreign Used,1785000
Subaru,Outback,2008,120485,2500 cc,Automatic,Petrol,Nairobi,Locally Used,2100000
Mazda,CX-5,2009,120658,2200 cc,Automatic,Diesel,Mombasa,Foreign Used,2565000
Mercedes-Benz,C200,2010,120831,2000 cc,Automatic,Petrol,Nairobi,Foreign Used,3237500
Nissan,X-Trail,2011,121004,2000 cc,Automatic,Petrol,Nakuru,Locally Used,1662500
Honda,Fit,2012,121177,1500 cc,Manual,Petrol,Kisumu,Locally Used,1462500
BMW,X3,2013,121350,2000 cc,Automatic,Diesel,Nairobi,Foreign Used,4200000
Audi,A4,2014,121523,2000 cc,Automatic,Diesel,Mombasa,Foreign Used,3997499
Toyota,Premio,2015,121696,1800 cc,Automatic,Petrol,Nairobi,Foreign Used,2205000
Subaru,Outback,2016,121869,2500 cc,Automatic,Petrol,Nairobi,Locally Used,2580000
Mazda,CX-5,2017,122042,2200 cc,Automatic,Diesel,Mombasa,Foreign Used,3135000
Mercedes-Benz,C200,2018,122215,2000 cc,Automatic,Petrol,Nairobi,Foreign Used,3937500
Nissan,X-Trail,2019,122388,2000 cc,Automatic,Petrol,Nakuru,Locally Used,2012499
Honda,Fit,2020,122561,1500 cc,Manual,Petrol,Kisumu,Locally Used,1762500
BMW,X3,2021,122734,2000 cc,Automatic,Diesel,Nairobi,Foreign Used,5040000
Audi,A4,2022,122907,2000 cc,Automatic,Diesel,Mombasa,Foreign Used,4777500
Toyota,Premio,2008,123080,1800 cc,Automatic,Petrol,Nairobi,Foreign Used,1575000
Subaru,Outback,2009,123253,2500 cc,Automatic,Petrol,Nairobi,Locally Used,1860000
Mazda,CX-5,2010,123426,2200 cc,Automatic,Diesel,Mombasa,Foreign Used,2280000
Mercedes-Benz,C200,2011,123599,2000 cc,Automatic,Petrol,Nairobi,Foreign Used,2887500
Nissan,X-Trail,2012,123772,2000 cc,Automatic,Petrol,Nakuru,Locally Used,1487500
Honda,Fit,2013,123945,1500 cc,Manual,Petrol,Kisumu,Locally Used,1312500
BMW,X3,2014,124118,2000 cc,Automatic,Diesel,Nairobi,Foreign Used,3780000
Audi,A4,2015,124291,2000 cc,Automatic,Diesel,Mombasa,Foreign Used,3607500
Toyota,Premio,2016,124464,1800 cc,Automatic,Petrol,Nairobi,Foreign Used,1995000
Subaru,Outback,2017,124637,2500 cc,Automatic,Petrol,Nairobi,Locally Used,2340000
Mazda,CX-5,2018,124810,2200 cc,Automatic,Diesel,Mombasa,Foreign Used,2850000
Mercedes-Benz,C200,2019,124983,2000 cc,Automatic,Petrol,Nairobi,Foreign Used,3587499
Nissan,X-Trail,2020,125156,2000 cc,Automatic,Petrol,Nakuru,Locally Used,1837500
Honda,Fit,2021,125329,1500 cc,Manual,Petrol,Kisumu,Locally Used,1612500
BMW,X3,2022,125502,2000 cc,Automatic,Diesel,Nairobi,Foreign Used,4620000
Audi,A4,2008,125675,2000 cc,Automatic,Diesel,Mombasa,Foreign Used,4387500
Toyota,Premio,2009,125848,1800 cc,Automatic,Petrol,Nairobi,Foreign Used,2415000
Subaru,Outback,2010,126021,2500 cc,Automatic,Petrol,Nairobi,Locally Used,2820000
Mazda,CX-5,2011,126194,2200 cc,Automatic,Diesel,Mombasa,Foreign Used,3420000
Mercedes-Benz,C200,2012,126367,2000 cc,Automatic,Petrol,Nairobi,Foreign Used,4287500
Nissan,X-Trail,2013,126540,2000 cc,Automatic,Petrol,Nakuru,Locally Used,1312500
Honda,Fit,2014,126713,1500 cc,Manual,Petrol,Kisumu,Locally Used,1162500
BMW,X3,2015,126886,2000 cc,Automatic,Diesel,Nairobi,Foreign Used,3360000
Audi,A4,2016,127059,2000 cc,Automatic,Diesel,Mombasa,Foreign Used,3217500
Toyota,Premio,2017,127232,1800 cc,Automatic,Petrol,Nairobi,Foreign Used,1785000
Subaru,Outback,2018,127405,2500 cc,Automatic,Petrol,Nairobi,Locally Used,2100000
Mazda,CX-5,2019,127578,2200 cc,Automatic,Diesel,Mombasa,Foreign Used,2565000
Mercedes-Benz,C200,2020,127751,2000 cc,Automatic,Petrol,Nairobi,Foreign Used,3237500
Nissan,X-Trail,2021,127924,2000 cc,Automatic,Petrol,Nakuru,Locally Used,1662500
Honda,Fit,2022,128097,1500 cc,Manual,Petrol,Kisumu,Locally Used,1462500
BMW,X3,2008,128270,2000 cc,Automatic,Diesel,Nairobi,Foreign Used,4200000
Audi,A4,2009,128443,2000 cc,Automatic,Diesel,Mombasa,Foreign Used,3997499
Toyota,Premio,2010,128616,1800 cc,Automatic,Petrol,Nairobi,Foreign Used,2205000
Subaru,Outback,2011,128789,2500 cc,Automatic,Petrol,Nairobi,Locally Used,2580000
Mazda,CX-5,2012,128962,2200 cc,Automatic,Diesel,Mombasa,Foreign Used,3135000
Mercedes-Benz,C200,2013,129135,2000 cc,Automatic,Petrol,Nairobi,Foreign Used,3937500
Nissan,X-Trail,2014,129308,2000 cc,Automatic,Petrol,Nakuru,Locally Used,2012499
Honda,Fit,2015,129481,1500 cc,Manual,Petrol,Kisumu,Locally Used,1762500
BMW,X3,2016,129654,2000 cc,Automatic,Diesel,Nairobi,Foreign Used,5040000
Audi,A4,2017,129827,2000 cc,Automatic,Diesel,Mombasa,Foreign Used,4777500
Toyota,Premio,2018,130000,1800 cc,Automatic,Petrol,Nairobi,Foreign Used,1575000
Subaru,Outback,2019,130173,2500 cc,Automatic,Petrol,Nairobi,Locally Used,1860000
Mazda,CX-5,2020,130346,2200 cc,Automatic,Diesel,Mombasa,Foreign Used,2280000
Mercedes-Benz,C200,2021,130519,2000 cc,Automatic,Petrol,Nairobi,Foreign Used,2887500
Nissan,X-Trail,2022,130692,2000 cc,Automatic,Petrol,Nakuru,Locally Used,1487500
Honda,Fit,2008,130865,1500 cc,Manual,Petrol,Kisumu,Locally Used,1312500
BMW,X3,2009,131038,2000 cc,Automatic,Diesel,Nairobi,Foreign Used,3780000
Audi,A4,2010,131211,2000 cc,Automatic,Diesel,Mombasa,Foreign Used,3607500
Toyota,Premio,2011,131384,1800 cc,Automatic,Petrol,Nairobi,Foreign Used,1995000
Subaru,Outback,2012,131557,2500 cc,Automatic,Petrol,Nairobi,Locally Used,2340000
Mazda,CX-5,2013,131730,2200 cc,Automatic,Diesel,Mombasa,Foreign Used,2850000
Mercedes-Benz,C200,2014,131903,2000 cc,Automatic,Petrol,Nairobi,Foreign Used,3587499
Nissan,X-Trail,2015,132076,2000 cc,Automatic,Petrol,Nakuru,Locally Used,1837500
Honda,Fit,2016,132249,1500 cc,Manual,Petrol,Kisumu,Locally Used,1612500
BMW,X3,2017,132422,2000 cc,Automatic,Diesel,Nairobi,Foreign Used,4620000
Audi,A4,2018,132595,2000 cc,Automatic,Diesel,Mombasa,Foreign Used,4387500
Toyota,Premio,2019,132768,1800 cc,Automatic,Petrol,Nairobi,Foreign Used,2415000
Subaru,Outback,2020,132941,2500 cc,Automatic,Petrol,Nairobi,Locally Used,2820000
Mazda,CX-5,2021,133114,2200 cc,Automatic,Diesel,Mombasa,Foreign Used,3420000
Mercedes-Benz,C200,2022,133287,2000 cc,Automatic,Petrol,Nairobi,Foreign Used,4287500
Nissan,X-Trail,2008,133460,2000 cc,Automatic,Petrol,Nakuru,Locally Used,1312500
Honda,Fit,2009,133633,1500 cc,Manual,Petrol,Kisumu,Locally Used,1162500
BMW,X3,2010,133806,2000 cc,Automatic,Diesel,Nairobi,Foreign Used,3360000
Audi,A4,2011,133979,2000 cc,Automatic,Diesel,Mombasa,Foreign Used,3217500
Toyota,Premio,2012,134152,1800 cc,Automatic,Petrol,Nairobi,Foreign Used,1785000
Subaru,Outback,2013,134325,2500 cc,Automatic,Petrol,Nairobi,Locally Used,2100000
Mazda,CX-5,2014,134498,2200 cc,Automatic,Diesel,Mombasa,Foreign Used,2565000
Mercedes-Benz,C200,2015,134671,2000 cc,Automatic,Petrol,Nairobi,Foreign Used,3237500
Nissan,X-Trail,2016,134844,2000 cc,Automatic,Petrol,Nakuru,Locally Used,1662500
Honda,Fit,2017,135017,1500 cc,Manual,Petrol,Kisumu,Locally Used,1462500
BMW,X3,2018,135190,2000 cc,Automatic,Diesel,Nairobi,Foreign Used,4200000
Audi,A4,2019,135363,2000 cc,Automatic,Diesel,Mombasa,Foreign Used,3997499
Toyota,Premio,2020,135536,1800 cc,Automatic,Petrol,Nairobi,Foreign Used,2205000
Subaru,Outback,2021,135709,2500 cc,Automatic,Petrol,Nairobi,Locally Used,2580000
Mazda,CX-5,2022,135882,2200 cc,Automatic,Diesel,Mombasa,Foreign Used,3135000
Mercedes-Benz,C200,2008,136055,2000 cc,Automatic,Petrol,Nairobi,Foreign Used,3937500
Nissan,X-Trail,2009,136228,2000 cc,Automatic,Petrol,Nakuru,Locally Used,2012499
Honda,Fit,2010,136401,1500 cc,Manual,Petrol,Kisumu,Locally Used,1762500
BMW,X3,2011,136574,2000 cc,Automatic,Diesel,Nairobi,Foreign Used,5040000
Audi,A4,2012,136747,2000 cc,Automatic,Diesel,Mombasa,Foreign Used,4777500
Toyota,Premio,2013,136920,1800 cc,Automatic,Petrol,Nairobi,Foreign Used,1575000
Subaru,Outback,2014,137093,2500 cc,Automatic,Petrol,Nairobi,Locally Used,1860000
Mazda,CX-5,2015,137266,2200 cc,Automatic,Diesel,Mombasa,Foreign Used,2280000
Mercedes-Benz,C200,2016,137439,2000 cc,Automatic,Petrol,Nairobi,Foreign Used,2887500
Nissan,X-Trail,2017,137612,2000 cc,Automatic,Petrol,Nakuru,Locally Used,1487500
Honda,Fit,2018,137785,1500 cc,Manual,Petrol,Kisumu,Locally Used,1312500
BMW,X3,2019,137958,2000 cc,Automatic,Diesel,Nairobi,Foreign Used,3780000
Audi,A4,2020,138131,2000 cc,Automatic,Diesel,Mombasa,Foreign Used,3607500
Toyota,Premio,2021,138304,1800 cc,Automatic,Petrol,Nairobi,Foreign Used,1995000
Subaru,Outback,2022,138477,2500 cc,Automatic,Petrol,Nairobi,Locally Used,2340000
Mazda,CX-5,2008,138650,2200 cc,Automatic,Diesel,Mombasa,Foreign Used,2850000
Mercedes-Benz,C200,2009,138823,2000 cc,Automatic,Petrol,Nairobi,Foreign Used,3587499
Nissan,X-Trail,2010,138996,2000 cc,Automatic,Petrol,Nakuru,Locally Used,1837500
Honda,Fit,2011,139169,1500 cc,Manual,Petrol,Kisumu,Locally Used,1612500
BMW,X3,2012,139342,2000 cc,Automatic,Diesel,Nairobi,Foreign Used,4620000
Audi,A4,2013,139515,2000 cc,Automatic,Diesel,Mombasa,Foreign Used,4387500
Toyota,Premio,2014,139688,1800 cc,Automatic,Petrol,Nairobi,Foreign Used,2415000
Subaru,Outback,2015,139861,2500 cc,Automatic,Petrol,Nairobi,Locally Used,2820000
Mazda,CX-5,2016,140034,2200 cc,Automatic,Diesel,Mombasa,Foreign Used,3420000
Mercedes-Benz,C200,2017,140207,2000 cc,Automatic,Petrol,Nairobi,Foreign Used,4287500
Nissan,X-Trail,2018,140380,2000 cc,Automatic,Petrol,Nakuru,Locally Used,1312500
Honda,Fit,2019,140553,1500 cc,Manual,Petrol,Kisumu,Locally Used,1162500
BMW,X3,2020,140726,2000 cc,Automatic,Diesel,Nairobi,Foreign Used,3360000
Audi,A4,2021,140899,2000 cc,Automatic,Diesel,Mombasa,Foreign Used,3217500
Toyota,Premio,2022,141072,1800 cc,Automatic,Petrol,Nairobi,Foreign Used,1785000
Subaru,Outback,2008,141245,2500 cc,Automatic,Petrol,Nairobi,Locally Used,2100000
Mazda,CX-5,2009,141418,2200 cc,Automatic,Diesel,Mombasa,Foreign Used,2565000
Mercedes-Benz,C200,2010,141591,2000 cc,Automatic,Petrol,Nairobi,Foreign Used,3237500
Nissan,X-Trail,2011,141764,2000 cc,Automatic,Petrol,Nakuru,Locally Used,1662500
Honda,Fit,2012,141937,1500 cc,Manual,Petrol,Kisumu,Locally Used,1462500
BMW,X3,2013,142110,2000 cc,Automatic,Diesel,Nairobi,Foreign Used,4200000
Audi,A4,2014,142283,2000 cc,Automatic,Diesel,Mombasa,Foreign Used,3997499
Toyota,Premio,2015,142456,1800 cc,Automatic,Petrol,Nairobi,Foreign Used,2205000
Subaru,Outback,2016,142629,2500 cc,Automatic,Petrol,Nairobi,Locally Used,2580000
Mazda,CX-5,2017,142802,2200 cc,Automatic,Diesel,Mombasa,Foreign Used,3135000
Mercedes-Benz,C200,2018,142975,2000 cc,Automatic,Petrol,Nairobi,Foreign Used,3937500
Nissan,X-Trail,2019,143148,2000 cc,Automatic,Petrol,Nakuru,Locally Used,2012499
Honda,Fit,2020,143321,1500 cc,Manual,Petrol,Kisumu,Locally Used,1762500
BMW,X3,2021,143494,2000 cc,Automatic,Diesel,Nairobi,Foreign Used,5040000
Audi,A4,2022,143667,2000 cc,Automatic,Diesel,Mombasa,Foreign Used,4777500
Toyota,Premio,2008,143840,1800 cc,Automatic,Petrol,Nairobi,Foreign Used,1575000
Subaru,Outback,2009,144013,2500 cc,Automatic,Petrol,Nairobi,Locally Used,1860000
Mazda,CX-5,2010,144186,2200 cc,Automatic,Diesel,Mombasa,Foreign Used,2280000
Mercedes-Benz,C200,2011,144359,2000 cc,Automatic,Petrol,Nairobi,Foreign Used,2887500
Nissan,X-Trail,2012,144532,2000 cc,Automatic,Petrol,Nakuru,Locally Used,1487500
Honda,Fit,2013,144705,1500 cc,Manual,Petrol,Kisumu,Locally Used,1312500
BMW,X3,2014,144878,2000 cc,Automatic,Diesel,Nairobi,Foreign Used,3780000
Audi,A4,2015,145051,2000 cc,Automatic,Diesel,Mombasa,Foreign Used,3607500
Toyota,Premio,2016,145224,1800 cc,Automatic,Petrol,Nairobi,Foreign Used,1995000
Subaru,Outback,2017,145397,2500 cc,Automatic,Petrol,Nairobi,Locally Used,2340000
Mazda,CX-5,2018,145570,2200 cc,Automatic,Diesel,Mombasa,Foreign Used,2850000
Mercedes-Benz,C200,2019,145743,2000 cc,Automatic,Petrol,Nairobi,Foreign Used,3587499
Nissan,X-Trail,2020,145916,2000 cc,Automatic,Petrol,Nakuru,Locally Used,1837500
Honda,Fit,2021,146089,1500 cc,Manual,Petrol,Kisumu,Locally Used,1612500
BMW,X3,2022,146262,2000 cc,Automatic,Diesel,Nairobi,Foreign Used,4620000
Audi,A4,2008,146435,2000 cc,Automatic,Diesel,Mombasa,Foreign Used,4387500
Toyota,Premio,2009,146608,1800 cc,Automatic,Petrol,Nairobi,Foreign Used,2415000
Subaru,Outback,2010,146781,2500 cc,Automatic,Petrol,Nairobi,Locally Used,2820000
Mazda,CX-5,2011,146954,2200 cc,Automatic,Diesel,Mombasa,Foreign Used,3420000
Mercedes-Benz,C200,2012,147127,2000 cc,Automatic,Petrol,Nairobi,Foreign Used,4287500
Nissan,X-Trail,2013,147300,2000 cc,Automatic,Petrol,Nakuru,Locally Used,1312500
Honda,Fit,2014,147473,1500 cc,Manual,Petrol,Kisumu,Locally Used,1162500
BMW,X3,2015,147646,2000 cc,Automatic,Diesel,Nairobi,Foreign Used,3360000
Audi,A4,2016,147819,2000 cc,Automatic,Diesel,Mombasa,Foreign Used,3217500
Toyota,Premio,2017,147992,1800 cc,Automatic,Petrol,Nairobi,Foreign Used,1785000
Subaru,Outback,2018,148165,2500 cc,Automatic,Petrol,Nairobi,Locally Used,2100000
Mazda,CX-5,2019,148338,2200 cc,Automatic,Diesel,Mombasa,Foreign Used,2565000
Mercedes-Benz,C200,2020,148511,2000 cc,Automatic,Petrol,Nairobi,Foreign Used,3237500
Nissan,X-Trail,2021,148684,2000 cc,Automatic,Petrol,Nakuru,Locally Used,1662500
Honda,Fit,2022,148857,1500 cc,Manual,Petrol,Kisumu,Locally Used,1462500
BMW,X3,2008,149030,2000 cc,Automatic,Diesel,Nairobi,Foreign Used,4200000
Audi,A4,2009,149203,2000 cc,Automatic,Diesel,Mombasa,Foreign Used,3997499
Toyota,Premio,2010,149376,1800 cc,Automatic,Petrol,Nairobi,Foreign Used,2205000
Subaru,Outback,2011,149549,2500 cc,Automatic,Petrol,Nairobi,Locally Used,2580000
Mazda,CX-5,2012,149722,2200 cc,Automatic,Diesel,Mombasa,Foreign Used,3135000
Mercedes-Benz,C200,2013,149895,2000 cc,Automatic,Petrol,Nairobi,Foreign Used,3937500
Nissan,X-Trail,2014,150068,2000 cc,Automatic,Petrol,Nakuru,Locally Used,2012499
Honda,Fit,2015,150241,1500 cc,Manual,Petrol,Kisumu,Locally Used,1762500
BMW,X3,2016,150414,2000 cc,Automatic,Diesel,Nairobi,Foreign Used,5040000
Audi,A4,2017,150587,2000 cc,Automatic,Diesel,Mombasa,Foreign Used,4777500
Toyota,Premio,2018,150760,1800 cc,Automatic,Petrol,Nairobi,Foreign Used,1575000
Subaru,Outback,2019,150933,2500 cc,Automatic,Petrol,Nairobi,Locally Used,1860000
Mazda,CX-5,2020,151106,2200 cc,Automatic,Diesel,Mombasa,Foreign Used,2280000
Mercedes-Benz,C200,2021,151279,2000 cc,Automatic,Petrol,Nairobi,Foreign Used,2887500
Nissan,X-Trail,2022,151452,2000 cc,Automatic,Petrol,Nakuru,Locally Used,1487500
Honda,Fit,2008,151625,1500 cc,Manual,Petrol,Kisumu,Locally Used,1312500
BMW,X3,2009,151798,2000 cc,Automatic,Diesel,Nairobi,Foreign Used,3780000
Audi,A4,2010,151971,2000 cc,Automatic,Diesel,Mombasa,Foreign Used,3607500
Toyota,Premio,2011,152144,1800 cc,Automatic,Petrol,Nairobi,Foreign Used,1995000
Subaru,Outback,2012,152317,2500 cc,Automatic,Petrol,Nairobi,Locally Used,2340000
Mazda,CX-5,2013,152490,2200 cc,Automatic,Diesel,Mombasa,Foreign Used,2850000
Mercedes-Benz,C200,2014,152663,2000 cc,Automatic,Petrol,Nairobi,Foreign Used,3587499
Nissan,X-Trail,2015,152836,2000 cc,Automatic,Petrol,Nakuru,Locally Used,1837500
Honda,Fit,2016,153009,1500 cc,Manual,Petrol,Kisumu,Locally Used,1612500
BMW,X3,2017,153182,2000 cc,Automatic,Diesel,Nairobi,Foreign Used,4620000
Audi,A4,2018,153355,2000 cc,Automatic,Diesel,Mombasa,Foreign Used,4387500
Toyota,Premio,2019,153528,1800 cc,Automatic,Petrol,Nairobi,Foreign Used,2415000
Subaru,Outback,2020,153701,2500 cc,Automatic,Petrol,Nairobi,Locally Used,2820000
Mazda,CX-5,2021,153874,2200 cc,Automatic,Diesel,Mombasa,Foreign Used,3420000
Mercedes-Benz,C200,2022,154047,2000 cc,Automatic,Petrol,Nairobi,Foreign Used,4287500
Nissan,X-Trail,2008,154220,2000 cc,Automatic,Petrol,Nakuru,Locally Used,1312500
Honda,Fit,2009,154393,1500 cc,Manual,Petrol,Kisumu,Locally Used,1162500
BMW,X3,2010,154566,2000 cc,Automatic,Diesel,Nairobi,Foreign Used,3360000
Audi,A4,2011,154739,2000 cc,Automatic,Diesel,Mombasa,Foreign Used,3217500
Toyota,Premio,2012,154912,1800 cc,Automatic,Petrol,Nairobi,Foreign Used,1785000
Subaru,Outback,2013,155085,2500 cc,Automatic,Petrol,Nairobi,Locally Used,2100000
Mazda,CX-5,2014,155258,2200 cc,Automatic,Diesel,Mombasa,Foreign Used,2565000
Mercedes-Benz,C200,2015,155431,2000 cc,Automatic,Petrol,Nairobi,Foreign Used,3237500
Nissan,X-Trail,2016,155604,2000 cc,Automatic,Petrol,Nakuru,Locally Used,1662500
Honda,Fit,2017,155777,1500 cc,Manual,Petrol,Kisumu,Locally Used,1462500
BMW,X3,2018,155950,2000 cc,Automatic,Diesel,Nairobi,Foreign Used,4200000
Audi,A4,2019,156123,2000 cc,Automatic,Diesel,Mombasa,Foreign Used,3997499
Toyota,Premio,2020,156296,1800 cc,Automatic,Petrol,Nairobi,Foreign Used,2205000
Subaru,Outback,2021,156469,2500 cc,Automatic,Petrol,Nairobi,Locally Used,2580000
Mazda,CX-5,2022,156642,2200 cc,Automatic,Diesel,Mombasa,Foreign Used,3135000
Mercedes-Benz,C200,2008,156815,2000 cc,Automatic,Petrol,Nairobi,Foreign Used,3937500
Nissan,X-Trail,2009,156988,2000 cc,Automatic,Petrol,Nakuru,Locally Used,2012499
Honda,Fit,2010,157161,1500 cc,Manual,Petrol,Kisumu,Locally Used,1762500
BMW,X3,2011,157334,2000 cc,Automatic,Diesel,Nairobi,Foreign Used,5040000
Audi,A4,2012,157507,2000 cc,Automatic,Diesel,Mombasa,Foreign Used,4777500
Toyota,Premio,2013,157680,1800 cc,Automatic,Petrol,Nairobi,Foreign Used,1575000
Subaru,Outback,2014,157853,2500 cc,Automatic,Petrol,Nairobi,Locally Used,1860000
Mazda,CX-5,2015,158026,2200 cc,Automatic,Diesel,Mombasa,Foreign Used,2280000
Mercedes-Benz,C200,2016,158199,2000 cc,Automatic,Petrol,Nairobi,Foreign Used,2887500
Nissan,X-Trail,2017,158372,2000 cc,Automatic,Petrol,Nakuru,Locally Used,1487500
Honda,Fit,2018,158545,1500 cc,Manual,Petrol,Kisumu,Locally Used,1312500
BMW,X3,2019,158718,2000 cc,Automatic,Diesel,Nairobi,Foreign Used,3780000
Audi,A4,2020,158891,2000 cc,Automatic,Diesel,Mombasa,Foreign Used,3607500
Toyota,Premio,2021,159064,1800 cc,Automatic,Petrol,Nairobi,Foreign Used,1995000
Subaru,Outback,2022,159237,2500 cc,Automatic,Petrol,Nairobi,Locally Used,2340000
Mazda,CX-5,2008,159410,2200 cc,Automatic,Diesel,Mombasa,Foreign Used,2850000
Mercedes-Benz,C200,2009,159583,2000 cc,Automatic,Petrol,Nairobi,Foreign Used,3587499
Nissan,X-Trail,2010,159756,2000 cc,Automatic,Petrol,Nakuru,Locally Used,1837500
Honda,Fit,2011,159929,1500 cc,Manual,Petrol,Kisumu,Locally Used,1612500
BMW,X3,2012,160102,2000 cc,Automatic,Diesel,Nairobi,Foreign Used,4620000
Audi,A4,2013,160275,2000 cc,Automatic,Diesel,Mombasa,Foreign Used,4387500
Toyota,Premio,2014,160448,1800 cc,Automatic,Petrol,Nairobi,Foreign Used,2415000
Subaru,Outback,2015,160621,2500 cc,Automatic,Petrol,Nairobi,Locally Used,2820000
Mazda,CX-5,2016,160794,2200 cc,Automatic,Diesel,Mombasa,Foreign Used,3420000
Mercedes-Benz,C200,2017,160967,2000 cc,Automatic,Petrol,Nairobi,Foreign Used,4287500
Nissan,X-Trail,2018,161140,2000 cc,Automatic,Petrol,Nakuru,Locally Used,1312500
Honda,Fit,2019,161313,1500 cc,Manual,Petrol,Kisumu,Locally Used,1162500
BMW,X3,2020,161486,2000 cc,Automatic,Diesel,Nairobi,Foreign Used,3360000
Audi,A4,2021,161659,2000 cc,Automatic,Diesel,Mombasa,Foreign Used,3217500
Toyota,Premio,2022,161832,1800 cc,Automatic,Petrol,Nairobi,Foreign Used,1785000
Subaru,Outback,2008,162005,2500 cc,Automatic,Petrol,Nairobi,Locally Used,2100000
Mazda,CX-5,2009,162178,2200 cc,Automatic,Diesel,Mombasa,Foreign Used,2565000
Mercedes-Benz,C200,2010,162351,2000 cc,Automatic,Petrol,Nairobi,Foreign Used,3237500
Nissan,X-Trail,2011,162524,2000 cc,Automatic,Petrol,Nakuru,Locally Used,1662500
Honda,Fit,2012,162697,1500 cc,Manual,Petrol,Kisumu,Locally Used,1462500
BMW,X3,2013,162870,2000 cc,Automatic,Diesel,Nairobi,Foreign Used,4200000
Audi,A4,2014,163043,2000 cc,Automatic,Diesel,Mombasa,Foreign Used,3997499
Toyota,Premio,2015,163216,1800 cc,Automatic,Petrol,Nairobi,Foreign Used,2205000
Subaru,Outback,2016,163389,2500 cc,Automatic,Petrol,Nairobi,Locally Used,2580000
Mazda,CX-5,2017,163562,2200 cc,Automatic,Diesel,Mombasa,Foreign Used,3135000
Mercedes-Benz,C200,2018,163735,2000 cc,Automatic,Petrol,Nairobi,Foreign Used,3937500
Nissan,X-Trail,2019,163908,2000 cc,Automatic,Petrol,Nakuru,Locally Used,2012499
Honda,Fit,2020,164081,1500 cc,Manual,Petrol,Kisumu,Locally Used,1762500
BMW,X3,2021,164254,2000 cc,Automatic,Diesel,Nairobi,Foreign Used,5040000
Audi,A4,2022,164427,2000 cc,Automatic,Diesel,Mombasa,Foreign Used,4777500
Toyota,Premio,2008,164600,1800 cc,Automatic,Petrol,Nairobi,Foreign Used,1575000
Subaru,Outback,2009,164773,2500 cc,Automatic,Petrol,Nairobi,Locally Used,1860000
Mazda,CX-5,2010,164946,2200 cc,Automatic,Diesel,Mombasa,Foreign Used,2280000
Mercedes-Benz,C200,2011,165119,2000 cc,Automatic,Petrol,Nairobi,Foreign Used,2887500
Nissan,X-Trail,2012,165292,2000 cc,Automatic,Petrol,Nakuru,Locally Used,1487500
Honda,Fit,2013,165465,1500 cc,Manual,Petrol,Kisumu,Locally Used,1312500
BMW,X3,2014,165638,2000 cc,Automatic,Diesel,Nairobi,Foreign Used,3780000
Audi,A4,2015,165811,2000 cc,Automatic,Diesel,Mombasa,Foreign Used,3607500
Toyota,Premio,2016,165984,1800 cc,Automatic,Petrol,Nairobi,Foreign Used,1995000
Subaru,Outback,2017,166157,2500 cc,Automatic,Petrol,Nairobi,Locally Used,2340000
Mazda,CX-5,2018,166330,2200 cc,Automatic,Diesel,Mombasa,Foreign Used,2850000
Mercedes-Benz,C200,2019,166503,2000 cc,Automatic,Petrol,Nairobi,Foreign Used,3587499
Nissan,X-Trail,2020,166676,2000 cc,Automatic,Petrol,Nakuru,Locally Used,1837500
Honda,Fit,2021,166849,1500 cc,Manual,Petrol,Kisumu,Locally Used,1612500
BMW,X3,2022,167022,2000 cc,Automatic,Diesel,Nairobi,Foreign Used,4620000
Audi,A4,2008,167195,2000 cc,Automatic,Diesel,Mombasa,Foreign Used,4387500
Toyota,Premio,2009,167368,1800 cc,Automatic,Petrol,Nairobi,Foreign Used,2415000
Subaru,Outback,2010,167541,2500 cc,Automatic,Petrol,Nairobi,Locally Used,2820000
Mazda,CX-5,2011,167714,2200 cc,Automatic,Diesel,Mombasa,Foreign Used,3420000
Mercedes-Benz,C200,2012,167887,2000 cc,Automatic,Petrol,Nairobi,Foreign Used,4287500
Nissan,X-Trail,2013,168060,2000 cc,Automatic,Petrol,Nakuru,Locally Used,1312500
Honda,Fit,2014,168233,1500 cc,Manual,Petrol,Kisumu,Locally Used,1162500
BMW,X3,2015,168406,2000 cc,Automatic,Diesel,Nairobi,Foreign Used,3360000
Audi,A4,2016,168579,2000 cc,Automatic,Diesel,Mombasa,Foreign Used,3217500
Toyota,Premio,2017,168752,1800 cc,Automatic,Petrol,Nairobi,Foreign Used,1785000
Subaru,Outback,2018,168925,2500 cc,Automatic,Petrol,Nairobi,Locally Used,2100000
Mazda,CX-5,2019,169098,2200 cc,Automatic,Diesel,Mombasa,Foreign Used,2565000
Mercedes-Benz,C200,2020,169271,2000 cc,Automatic,Petrol,Nairobi,Foreign Used,3237500
Nissan,X-Trail,2021,169444,2000 cc,Automatic,Petrol,Nakuru,Locally Used,1662500
Honda,Fit,2022,169617,1500 cc,Manual,Petrol,Kisumu,Locally Used,1462500
BMW,X3,2008,169790,2000 cc,Automatic,Diesel,Nairobi,Foreign Used,4200000
Audi,A4,2009,169963,2000 cc,Automatic,Diesel,Mombasa,Foreign Used,3997499
Toyota,Premio,2010,170136,1800 cc,Automatic,Petrol,Nairobi,Foreign Used,2205000
Subaru,Outback,2011,170309,2500 cc,Automatic,Petrol,Nairobi,Locally Used,2580000
Mazda,CX-5,2012,170482,2200 cc,Automatic,Diesel,Mombasa,Foreign Used,3135000
Mercedes-Benz,C200,2013,170655,2000 cc,Automatic,Petrol,Nairobi,Foreign Used,3937500
Nissan,X-Trail,2014,170828,2000 cc,Automatic,Petrol,Nakuru,Locally Used,2012499
Honda,Fit,2015,171001,1500 cc,Manual,Petrol,Kisumu,Locally Used,1762500
BMW,X3,2016,171174,2000 cc,Automatic,Diesel,Nairobi,Foreign Used,5040000
Audi,A4,2017,171347,2000 cc,Automatic,Diesel,Mombasa,Foreign Used,4777500
Toyota,Premio,2018,171520,1800 cc,Automatic,Petrol,Nairobi,Foreign Used,1575000
Subaru,Outback,2019,171693,2500 cc,Automatic,Petrol,Nairobi,Locally Used,1860000
Mazda,CX-5,2020,171866,2200 cc,Automatic,Diesel,Mombasa,Foreign Used,2280000
Mercedes-Benz,C200,2021,172039,2000 cc,Automatic,Petrol,Nairobi,Foreign Used,2887500
Nissan,X-Trail,2022,172212,2000 cc,Automatic,Petrol,Nakuru,Locally Used,1487500
Honda,Fit,2008,172385,1500 cc,Manual,Petrol,Kisumu,Locally Used,1312500
BMW,X3,2009,172558,2000 cc,Automatic,Diesel,Nairobi,Foreign Used,3780000
Audi,A4,2010,172731,2000 cc,Automatic,Diesel,Mombasa,Foreign Used,3607500
Toyota,Premio,2011,172904,1800 cc,Automatic,Petrol,Nairobi,Foreign Used,1995000
Subaru,Outback,2012,173077,2500 cc,Automatic,Petrol,Nairobi,Locally Used,2340000
Mazda,CX-5,2013,173250,2200 cc,Automatic,Diesel,Mombasa,Foreign Used,2850000
Mercedes-Benz,C200,2014,173423,2000 cc,Automatic,Petrol,Nairobi,Foreign Used,3587499
Nissan,X-Trail,2015,173596,2000 cc,Automatic,Petrol,Nakuru,Locally Used,1837500
Honda,Fit,2016,173769,1500 cc,Manual,Petrol,Kisumu,Locally Used,1612500
BMW,X3,2017,173942,2000 cc,Automatic,Diesel,Nairobi,Foreign Used,4620000
Audi,A4,2018,174115,2000 cc,Automatic,Diesel,Mombasa,Foreign Used,4387500
Toyota,Premio,2019,174288,1800 cc,Automatic,Petrol,Nairobi,Foreign Used,2415000
Subaru,Outback,2020,174461,2500 cc,Automatic,Petrol,Nairobi,Locally Used,2820000
Mazda,CX-5,2021,174634,2200 cc,Automatic,Diesel,Mombasa,Foreign Used,3420000
Mercedes-Benz,C200,2022,174807,2000 cc,Automatic,Petrol,Nairobi,Foreign Used,4287500
Nissan,X-Trail,2008,174980,2000 cc,Automatic,Petrol,Nakuru,Locally Used,1312500
Honda,Fit,2009,175153,1500 cc,Manual,Petrol,Kisumu,Locally Used,1162500
BMW,X3,2010,175326,2000 cc,Automatic,Diesel,Nairobi,Foreign Used,3360000
Audi,A4,2011,175499,2000 cc,Automatic,Diesel,Mombasa,Foreign Used,3217500
Toyota,Premio,2012,175672,1800 cc,Automatic,Petrol,Nairobi,Foreign Used,1785000
Subaru,Outback,2013,175845,2500 cc,Automatic,Petrol,Nairobi,Locally Used,2100000
Mazda,CX-5,2014,176018,2200 cc,Automatic,Diesel,Mombasa,Foreign Used,2565000
Mercedes-Benz,C200,2015,176191,2000 cc,Automatic,Petrol,Nairobi,Foreign Used,3237500
Nissan,X-Trail,2016,176364,2000 cc,Automatic,Petrol,Nakuru,Locally Used,1662500
Honda,Fit,2017,176537,1500 cc,Manual,Petrol,Kisumu,Locally Used,1462500
BMW,X3,2018,176710,2000 cc,Automatic,Diesel,Nairobi,Foreign Used,4200000
Audi,A4,2019,176883,2000 cc,Automatic,Diesel,Mombasa,Foreign Used,3997499
Toyota,Premio,2020,177056,1800 cc,Automatic,Petrol,Nairobi,Foreign Used,2205000
Subaru,Outback,2021,177229,2500 cc,Automatic,Petrol,Nairobi,Locally Used,2580000
Mazda,CX-5,2022,177402,2200 cc,Automatic,Diesel,Mombasa,Foreign Used,3135000
Mercedes-Benz,C200,2008,177575,2000 cc,Automatic,Petrol,Nairobi,Foreign Used,3937500
Nissan,X-Trail,2009,177748,2000 cc,Automatic,Petrol,Nakuru,Locally Used,2012499
Honda,Fit,2010,177921,1500 cc,Manual,Petrol,Kisumu,Locally Used,1762500
BMW,X3,2011,178094,2000 cc,Automatic,Diesel,Nairobi,Foreign Used,5040000
Audi,A4,2012,178267,2000 cc,Automatic,Diesel,Mombasa,Foreign Used,4777500
Toyota,Premio,2013,178440,1800 cc,Automatic,Petrol,Nairobi,Foreign Used,1575000
Subaru,Outback,2014,178613,2500 cc,Automatic,Petrol,Nairobi,Locally Used,1860000
Mazda,CX-5,2015,178786,2200 cc,Automatic,Diesel,Mombasa,Foreign Used,2280000
Mercedes-Benz,C200,2016,178959,2000 cc,Automatic,Petrol,Nairobi,Foreign Used,2887500
Nissan,X-Trail,2017,179132,2000 cc,Automatic,Petrol,Nakuru,Locally Used,1487500
Honda,Fit,2018,179305,1500 cc,Manual,Petrol,Kisumu,Locally Used,1312500
BMW,X3,2019,179478,2000 cc,Automatic,Diesel,Nairobi,Foreign Used,3780000
Audi,A4,2020,179651,2000 cc,Automatic,Diesel,Mombasa,Foreign Used,3607500
Toyota,Premio,2021,179824,1800 cc,Automatic,Petrol,Nairobi,Foreign Used,1995000
Subaru,Outback,2022,179997,2500 cc,Automatic,Petrol,Nairobi,Locally Used,2340000
Mazda,CX-5,2008,180170,2200 cc,Automatic,Diesel,Mombasa,Foreign Used,2850000
Mercedes-Benz,C200,2009,180343,2000 cc,Automatic,Petrol,Nairobi,Foreign Used,3587499
Nissan,X-Trail,2010,180516,2000 cc,Automatic,Petrol,Nakuru,Locally Used,1837500
Honda,Fit,2011,180689,1500 cc,Manual,Petrol,Kisumu,Locally Used,1612500
BMW,X3,2012,180862,2000 cc,Automatic,Diesel,Nairobi,Foreign Used,4620000
Audi,A4,2013,181035,2000 cc,Automatic,Diesel,Mombasa,Foreign Used,4387500
Toyota,Premio,2014,181208,1800 cc,Automatic,Petrol,Nairobi,Foreign Used,2415000
Subaru,Outback,2015,181381,2500 cc,Automatic,Petrol,Nairobi,Locally Used,2820000
Mazda,CX-5,2016,181554,2200 cc,Automatic,Diesel,Mombasa,Foreign Used,3420000
Mercedes-Benz,C200,2017,181727,2000 cc,Automatic,Petrol,Nairobi,Foreign Used,4287500
Nissan,X-Trail,2018,181900,2000 cc,Automatic,Petrol,Nakuru,Locally Used,1312500
Honda,Fit,2019,182073,1500 cc,Manual,Petrol,Kisumu,Locally Used,1162500
BMW,X3,2020,182246,2000 cc,Automatic,Diesel,Nairobi,Foreign Used,3360000
Audi,A4,2021,182419,2000 cc,Automatic,Diesel,Mombasa,Foreign Used,3217500
Toyota,Premio,2022,182592,1800 cc,Automatic,Petrol,Nairobi,Foreign Used,1785000
Subaru,Outback,2008,182765,2500 cc,Automatic,Petrol,Nairobi,Locally Used,2100000
Mazda,CX-5,2009,182938,2200 cc,Automatic,Diesel,Mombasa,Foreign Used,2565000
Mercedes-Benz,C200,2010,183111,2000 cc,Automatic,Petrol,Nairobi,Foreign Used,3237500
Nissan,X-Trail,2011,183284,2000 cc,Automatic,Petrol,Nakuru,Locally Used,1662500
Honda,Fit,2012,183457,1500 cc,Manual,Petrol,Kisumu,Locally Used,1462500
BMW,X3,2013,183630,2000 cc,Automatic,Diesel,Nairobi,Foreign Used,4200000
Audi,A4,2014,183803,2000 cc,Automatic,Diesel,Mombasa,Foreign Used,3997499
Toyota,Premio,2015,183976,1800 cc,Automatic,Petrol,Nairobi,Foreign Used,2205000
Subaru,Outback,2016,184149,2500 cc,Automatic,Petrol,Nairobi,Locally Used,2580000
Mazda,CX-5,2017,184322,2200 cc,Automatic,Diesel,Mombasa,Foreign Used,3135000
Mercedes-Benz,C200,2018,184495,2000 cc,Automatic,Petrol,Nairobi,Foreign Used,3937500
Nissan,X-Trail,2019,184668,2000 cc,Automatic,Petrol,Nakuru,Locally Used,2012499
Honda,Fit,2020,184841,1500 cc,Manual,Petrol,Kisumu,Locally Used,1762500
BMW,X3,2021,185014,2000 cc,Automatic,Diesel,Nairobi,Foreign Used,5040000
Audi,A4,2022,185187,2000 cc,Automatic,Diesel,Mombasa,Foreign Used,4777500
Toyota,Premio,2008,185360,1800 cc,Automatic,Petrol,Nairobi,Foreign Used,1575000
Subaru,Outback,2009,185533,2500 cc,Automatic,Petrol,Nairobi,Locally Used,1860000
Mazda,CX-5,2010,185706,2200 cc,Automatic,Diesel,Mombasa,Foreign Used,2280000
Mercedes-Benz,C200,2011,185879,2000 cc,Automatic,Petrol,Nairobi,Foreign Used,2887500
Nissan,X-Trail,2012,186052,2000 cc,Automatic,Petrol,Nakuru,Locally Used,1487500
Honda,Fit,2013,186225,1500 cc,Manual,Petrol,Kisumu,Locally Used,1312500
BMW,X3,2014,186398,2000 cc,Automatic,Diesel,Nairobi,Foreign Used,3780000
Audi,A4,2015,186571,2000 cc,Automatic,Diesel,Mombasa,Foreign Used,3607500
Toyota,Premio,2016,186744,1800 cc,Automatic,Petrol,Nairobi,Foreign Used,1995000
Subaru,Outback,2017,186917,2500 cc,Automatic,Petrol,Nairobi,Locally Used,2340000
Mazda,CX-5,2018,187090,2200 cc,Automatic,Diesel,Mombasa,Foreign Used,2850000
Mercedes-Benz,C200,2019,187263,2000 cc,Automatic,Petrol,Nairobi,Foreign Used,3587499
Nissan,X-Trail,2020,187436,2000 cc,Automatic,Petrol,Nakuru,Locally Used,1837500
Honda,Fit,2021,187609,1500 cc,Manual,Petrol,Kisumu,Locally Used,1612500
BMW,X3,2022,187782,2000 cc,Automatic,Diesel,Nairobi,Foreign Used,4620000
Audi,A4,2008,187955,2000 cc,Automatic,Diesel,Mombasa,Foreign Used,4387500
Toyota,Premio,2009,188128,1800 cc,Automatic,Petrol,Nairobi,Foreign Used,2415000
Subaru,Outback,2010,188301,2500 cc,Automatic,Petrol,Nairobi,Locally Used,2820000
Mazda,CX-5,2011,188474,2200 cc,Automatic,Diesel,Mombasa,Foreign Used,3420000
Mercedes-Benz,C200,2012,188647,2000 cc,Automatic,Petrol,Nairobi,Foreign Used,4287500
Nissan,X-Trail,2013,188820,2000 cc,Automatic,Petrol,Nakuru,Locally Used,1312500
Honda,Fit,2014,188993,1500 cc,Manual,Petrol,Kisumu,Locally Used,1162500
BMW,X3,2015,189166,2000 cc,Automatic,Diesel,Nairobi,Foreign Used,3360000
Audi,A4,2016,189339,2000 cc,Automatic,Diesel,Mombasa,Foreign Used,3217500
Toyota,Premio,2017,189512,1800 cc,Automatic,Petrol,Nairobi,Foreign Used,1785000
Subaru,Outback,2018,189685,2500 cc,Automatic,Petrol,Nairobi,Locally Used,2100000
Mazda,CX-5,2019,189858,2200 cc,Automatic,Diesel,Mombasa,Foreign Used,2565000
Mercedes-Benz,C200,2020,190031,2000 cc,Automatic,Petrol,Nairobi,Foreign Used,3237500
Nissan,X-Trail,2021,190204,2000 cc,Automatic,Petrol,Nakuru,Locally Used,1662500
Honda,Fit,2022,190377,1500 cc,Manual,Petrol,Kisumu,Locally Used,1462500
BMW,X3,2008,190550,2000 cc,Automatic,Diesel,Nairobi,Foreign Used,4200000
Audi,A4,2009,190723,2000 cc,Automatic,Diesel,Mombasa,Foreign Used,3997499
Toyota,Premio,2010,190896,1800 cc,Automatic,Petrol,Nairobi,Foreign Used,2205000
Subaru,Outback,2011,191069,2500 cc,Automatic,Petrol,Nairobi,Locally Used,2580000
Mazda,CX-5,2012,191242,2200 cc,Automatic,Diesel,Mombasa,Foreign Used,3135000
Mercedes-Benz,C200,2013,191415,2000 cc,Automatic,Petrol,Nairobi,Foreign Used,3937500
Nissan,X-Trail,2014,191588,2000 cc,Automatic,Petrol,Nakuru,Locally Used,2012499
Honda,Fit,2015,191761,1500 cc,Manual,Petrol,Kisumu,Locally Used,1762500
BMW,X3,2016,191934,2000 cc,Automatic,Diesel,Nairobi,Foreign Used,5040000
Audi,A4,2017,192107,2000 cc,Automatic,Diesel,Mombasa,Foreign Used,4777500
Toyota,Premio,2018,192280,1800 cc,Automatic,Petrol,Nairobi,Foreign Used,1575000
Subaru,Outback,2019,192453,2500 cc,Automatic,Petrol,Nairobi,Locally Used,1860000
Mazda,CX-5,2020,192626,2200 cc,Automatic,Diesel,Mombasa,Foreign Used,2280000
Mercedes-Benz,C200,2021,192799,2000 cc,Automatic,Petrol,Nairobi,Foreign Used,2887500
Nissan,X-Trail,2022,192972,2000 cc,Automatic,Petrol,Nakuru,Locally Used,1487500
Honda,Fit,2008,193145,1500 cc,Manual,Petrol,Kisumu,Locally Used,1312500
BMW,X3,2009,193318,2000 cc,Automatic,Diesel,Nairobi,Foreign Used,3780000
Audi,A4,2010,193491,2000 cc,Automatic,Diesel,Mombasa,Foreign Used,3607500
Toyota,Premio,2011,193664,1800 cc,Automatic,Petrol,Nairobi,Foreign Used,1995000
Subaru,Outback,2012,193837,2500 cc,Automatic,Petrol,Nairobi,Locally Used,2340000
Mazda,CX-5,2013,194010,2200 cc,Automatic,Diesel,Mombasa,Foreign Used,2850000
Mercedes-Benz,C200,2014,194183,2000 cc,Automatic,Petrol,Nairobi,Foreign Used,3587499
Nissan,X-Trail,2015,194356,2000 cc,Automatic,Petrol,Nakuru,Locally Used,1837500
Honda,Fit,2016,194529,1500 cc,Manual,Petrol,Kisumu,Locally Used,1612500
BMW,X3,2017,194702,2000 cc,Automatic,Diesel,Nairobi,Foreign Used,4620000
Audi,A4,2018,194875,2000 cc,Automatic,Diesel,Mombasa,Foreign Used,4387500
Toyota,Premio,2019,195048,1800 cc,Automatic,Petrol,Nairobi,Foreign Used,2415000
Subaru,Outback,2020,195221,2500 cc,Automatic,Petrol,Nairobi,Locally Used,2820000
Mazda,CX-5,2021,195394,2200 cc,Automatic,Diesel,Mombasa,Foreign Used,3420000
Mercedes-Benz,C200,2022,195567,2000 cc,Automatic,Petrol,Nairobi,Foreign Used,4287500
Nissan,X-Trail,2008,195740,2000 cc,Automatic,Petrol,Nakuru,Locally Used,1312500
Honda,Fit,2009,195913,1500 cc,Manual,Petrol,Kisumu,Locally Used,1162500
BMW,X3,2010,196086,2000 cc,Automatic,Diesel,Nairobi,Foreign Used,3360000
Audi,A4,2011,196259,2000 cc,Automatic,Diesel,Mombasa,Foreign Used,3217500
Toyota,Premio,2012,196432,1800 cc,Automatic,Petrol,Nairobi,Foreign Used,1785000
Subaru,Outback,2013,196605,2500 cc,Automatic,Petrol,Nairobi,Locally Used,2100000
Mazda,CX-5,2014,196778,2200 cc,Automatic,Diesel,Mombasa,Foreign Used,2565000
Mercedes-Benz,C200,2015,196951,2000 cc,Automatic,Petrol,Nairobi,Foreign Used,3237500
Nissan,X-Trail,2016,197124,2000 cc,Automatic,Petrol,Nakuru,Locally Used,1662500
Honda,Fit,2017,197297,1500 cc,Manual,Petrol,Kisumu,Locally Used,1462500
BMW,X3,2018,197470,2000 cc,Automatic,Diesel,Nairobi,Foreign Used,4200000
Audi,A4,2019,197643,2000 cc,Automatic,Diesel,Mombasa,Foreign Used,3997499
Toyota,Premio,2020,197816,1800 cc,Automatic,Petrol,Nairobi,Foreign Used,2205000
Subaru,Outback,2021,197989,2500 cc,Automatic,Petrol,Nairobi,Locally Used,2580000
Mazda,CX-5,2022,198162,2200 cc,Automatic,Diesel,Mombasa,Foreign Used,3135000
Mercedes-Benz,C200,2008,198335,2000 cc,Automatic,Petrol,Nairobi,Foreign Used,3937500
Nissan,X-Trail,2009,198508,2000 cc,Automatic,Petrol,Nakuru,Locally Used,2012499
Honda,Fit,2010,198681,1500 cc,Manual,Petrol,Kisumu,Locally Used,1762500
BMW,X3,2011,198854,2000 cc,Automatic,Diesel,Nairobi,Foreign Used,5040000
Audi,A4,2012,199027,2000 cc,Automatic,Diesel,Mombasa,Foreign Used,4777500
Toyota,Premio,2013,199200,1800 cc,Automatic,Petrol,Nairobi,Foreign Used,1575000
Subaru,Outback,2014,199373,2500 cc,Automatic,Petrol,Nairobi,Locally Used,1860000
Mazda,CX-5,2015,199546,2200 cc,Automatic,Diesel,Mombasa,Foreign Used,2280000
Mercedes-Benz,C200,2016,199719,2000 cc,Automatic,Petrol,Nairobi,Foreign Used,2887500
Nissan,X-Trail,2017,199892,2000 cc,Automatic,Petrol,Nakuru,Locally Used,1487500
Honda,Fit,2018,20065,1500 cc,Manual,Petrol,Kisumu,Locally Used,1312500
BMW,X3,2019,20238,2000 cc,Automatic,Diesel,Nairobi,Foreign Used,3780000
Audi,A4,2020,20411,2000 cc,Automatic,Diesel,Mombasa,Foreign Used,3607500
Toyota,Premio,2021,20584,1800 cc,Automatic,Petrol,Nairobi,Foreign Used,1995000
Subaru,Outback,2022,20757,2500 cc,Automatic,Petrol,Nairobi,Locally Used,2340000
Mazda,CX-5,2008,20930,2200 cc,Automatic,Diesel,Mombasa,Foreign Used,2850000
Mercedes-Benz,C200,2009,21103,2000 cc,Automatic,Petrol,Nairobi,Foreign Used,3587499
Nissan,X-Trail,2010,21276,2000 cc,Automatic,Petrol,Nakuru,Locally Used,1837500
Honda,Fit,2011,21449,1500 cc,Manual,Petrol,Kisumu,Locally Used,1612500
BMW,X3,2012,21622,2000 cc,Automatic,Diesel,Nairobi,Foreign Used,4620000
Audi,A4,2013,21795,2000 cc,Automatic,Diesel,Mombasa,Foreign Used,4387500
Toyota,Premio,2014,21968,1800 cc,Automatic,Petrol,Nairobi,Foreign Used,2415000
Subaru,Outback,2015,22141,2500 cc,Automatic,Petrol,Nairobi,Locally Used,2820000
Mazda,CX-5,2016,22314,2200 cc,Automatic,Diesel,Mombasa,Foreign Used,3420000
Mercedes-Benz,C200,2017,22487,2000 cc,Automatic,Petrol,Nairobi,Foreign Used,4287500
Nissan,X-Trail,2018,22660,2000 cc,Automatic,Petrol,Nakuru,Locally Used,1312500
Honda,Fit,2019,22833,1500 cc,Manual,Petrol,Kisumu,Locally Used,1162500
BMW,X3,2020,23006,2000 cc,Automatic,Diesel,Nairobi,Foreign Used,3360000
Audi,A4,2021,23179,2000 cc,Automatic,Diesel,Mombasa,Foreign Used,3217500
Toyota,Premio,2022,23352,1800 cc,Automatic,Petrol,Nairobi,Foreign Used,1785000
Subaru,Outback,2008,23525,2500 cc,Automatic,Petrol,Nairobi,Locally Used,2100000
Mazda,CX-5,2009,23698,2200 cc,Automatic,Diesel,Mombasa,Foreign Used,2565000
Mercedes-Benz,C200,2010,23871,2000 cc,Automatic,Petrol,Nairobi,Foreign Used,3237500
Nissan,X-Trail,2011,24044,2000 cc,Automatic,Petrol,Nakuru,Locally Used,1662500
Honda,Fit,2012,24217,1500 cc,Manual,Petrol,Kisumu,Locally Used,1462500
BMW,X3,2013,24390,2000 cc,Automatic,Diesel,Nairobi,Foreign Used,4200000
Audi,A4,2014,24563,2000 cc,Automatic,Diesel,Mombasa,Foreign Used,3997499
Toyota,Premio,2015,24736,1800 cc,Automatic,Petrol,Nairobi,Foreign Used,2205000
Subaru,Outback,2016,24909,2500 cc,Automatic,Petrol,Nairobi,Locally Used,2580000
Mazda,CX-5,2017,25082,2200 cc,Automatic,Diesel,Mombasa,Foreign Used,3135000
Mercedes-Benz,C200,2018,25255,2000 cc,Automatic,Petrol,Nairobi,Foreign Used,3937500
Nissan,X-Trail,2019,25428,2000 cc,Automatic,Petrol,Nakuru,Locally Used,2012499
Honda,Fit,2020,25601,1500 cc,Manual,Petrol,Kisumu,Locally Used,1762500
BMW,X3,2021,25774,2000 cc,Automatic,Diesel,Nairobi,Foreign Used,5040000
Audi,A4,2022,25947,2000 cc,Automatic,Diesel,Mombasa,Foreign Used,4777500
Toyota,Premio,2008,26120,1800 cc,Automatic,Petrol,Nairobi,Foreign Used,1575000
Subaru,Outback,2009,26293,2500 cc,Automatic,Petrol,Nairobi,Locally Used,1860000
Mazda,CX-5,2010,26466,2200 cc,Automatic,Diesel,Mombasa,Foreign Used,2280000
Mercedes-Benz,C200,2011,26639,2000 cc,Automatic,Petrol,Nairobi,Foreign Used,2887500
Nissan,X-Trail,2012,26812,2000 cc,Automatic,Petrol,Nakuru,Locally Used,1487500
Honda,Fit,2013,26985,1500 cc,Manual,Petrol,Kisumu,Locally Used,1312500
BMW,X3,2014,27158,2000 cc,Automatic,Diesel,Nairobi,Foreign Used,3780000
Audi,A4,2015,27331,2000 cc,Automatic,Diesel,Mombasa,Foreign Used,3607500
Toyota,Premio,2016,27504,1800 cc,Automatic,Petrol,Nairobi,Foreign Used,1995000
Subaru,Outback,2017,27677,2500 cc,Automatic,Petrol,Nairobi,Locally Used,2340000
Mazda,CX-5,2018,27850,2200 cc,Automatic,Diesel,Mombasa,Foreign Used,2850000
Mercedes-Benz,C200,2019,28023,2000 cc,Automatic,Petrol,Nairobi,Foreign Used,3587499
Nissan,X-Trail,2020,28196,2000 cc,Automatic,Petrol,Nakuru,Locally Used,1837500
Honda,Fit,2021,28369,1500 cc,Manual,Petrol,Kisumu,Locally Used,1612500
BMW,X3,2022,28542,2000 cc,Automatic,Diesel,Nairobi,Foreign Used,4620000
Audi,A4,2008,28715,2000 cc,Automatic,Diesel,Mombasa,Foreign Used,4387500
Toyota,Premio,2009,28888,1800 cc,Automatic,Petrol,Nairobi,Foreign Used,2415000
Subaru,Outback,2010,29061,2500 cc,Automatic,Petrol,Nairobi,Locally Used,2820000
Mazda,CX-5,2011,29234,2200 cc,Automatic,Diesel,Mombasa,Foreign Used,3420000
Mercedes-Benz,C200,2012,29407,2000 cc,Automatic,Petrol,Nairobi,Foreign Used,4287500
Nissan,X-Trail,2013,29580,2000 cc,Automatic,Petrol,Nakuru,Locally Used,1312500
Honda,Fit,2014,29753,1500 cc,Manual,Petrol,Kisumu,Locally Used,1162500
BMW,X3,2015,29926,2000 cc,Automatic,Diesel,Nairobi,Foreign Used,3360000
Audi,A4,2016,30099,2000 cc,Automatic,Diesel,Mombasa,Foreign Used,3217500
Toyota,Premio,2017,30272,1800 cc,Automatic,Petrol,Nairobi,Foreign Used,1785000
Subaru,Outback,2018,30445,2500 cc,Automatic,Petrol,Nairobi,Locally Used,2100000
Mazda,CX-5,2019,30618,2200 cc,Automatic,Diesel,Mombasa,Foreign Used,2565000
Mercedes-Benz,C200,2020,30791,2000 cc,Automatic,Petrol,Nairobi,Foreign Used,3237500
Nissan,X-Trail,2021,30964,2000 cc,Automatic,Petrol,Nakuru,Locally Used,1662500
Honda,Fit,2022,31137,1500 cc,Manual,Petrol,Kisumu,Locally Used,1462500
BMW,X3,2008,31310,2000 cc,Automatic,Diesel,Nairobi,Foreign Used,4200000
Audi,A4,2009,31483,2000 cc,Automatic,Diesel,Mombasa,Foreign Used,3997499
Toyota,Premio,2010,31656,1800 cc,Automatic,Petrol,Nairobi,Foreign Used,2205000
Subaru,Outback,2011,31829,2500 cc,Automatic,Petrol,Nairobi,Locally Used,2580000
Mazda,CX-5,2012,32002,2200 cc,Automatic,Diesel,Mombasa,Foreign Used,3135000
Mercedes-Benz,C200,2013,32175,2000 cc,Automatic,Petrol,Nairobi,Foreign Used,3937500
Nissan,X-Trail,2014,32348,2000 cc,Automatic,Petrol,Nakuru,Locally Used,2012499
Honda,Fit,2015,32521,1500 cc,Manual,Petrol,Kisumu,Locally Used,1762500
BMW,X3,2016,32694,2000 cc,Automatic,Diesel,Nairobi,Foreign Used,5040000
Audi,A4,2017,32867,2000 cc,Automatic,Diesel,Mombasa,Foreign Used,4777500
Toyota,Premio,2018,33040,1800 cc,Automatic,Petrol,Nairobi,Foreign Used,1575000
Subaru,Outback,2019,33213,2500 cc,Automatic,Petrol,Nairobi,Locally Used,1860000
Mazda,CX-5,2020,33386,2200 cc,Automatic,Diesel,Mombasa,Foreign Used,2280000
Mercedes-Benz,C200,2021,33559,2000 cc,Automatic,Petrol,Nairobi,Foreign Used,2887500
Nissan,X-Trail,2022,33732,2000 cc,Automatic,Petrol,Nakuru,Locally Used,1487500
Honda,Fit,2008,33905,1500 cc,Manual,Petrol,Kisumu,Locally Used,1312500
BMW,X3,2009,34078,2000 cc,Automatic,Diesel,Nairobi,Foreign Used,3780000
Audi,A4,2010,34251,2000 cc,Automatic,Diesel,Mombasa,Foreign Used,3607500
Toyota,Premio,2011,34424,1800 cc,Automatic,Petrol,Nairobi,Foreign Used,1995000
Subaru,Outback,2012,34597,2500 cc,Automatic,Petrol,Nairobi,Locally Used,2340000
Mazda,CX-5,2013,34770,2200 cc,Automatic,Diesel,Mombasa,Foreign Used,2850000
Mercedes-Benz,C200,2014,34943,2000 cc,Automatic,Petrol,Nairobi,Foreign Used,3587499
Nissan,X-Trail,2015,35116,2000 cc,Automatic,Petrol,Nakuru,Locally Used,1837500
Honda,Fit,2016,35289,1500 cc,Manual,Petrol,Kisumu,Locally Used,1612500
BMW,X3,2017,35462,2000 cc,Automatic,Diesel,Nairobi,Foreign Used,4620000
Audi,A4,2018,35635,2000 cc,Automatic,Diesel,Mombasa,Foreign Used,4387500
Toyota,Premio,2019,35808,1800 cc,Automatic,Petrol,Nairobi,Foreign Used,2415000
Subaru,Outback,2020,35981,2500 cc,Automatic,Petrol,Nairobi,Locally Used,2820000
Mazda,CX-5,2021,36154,2200 cc,Automatic,Diesel,Mombasa,Foreign Used,3420000
Mercedes-Benz,C200,2022,36327,2000 cc,Automatic,Petrol,Nairobi,Foreign Used,4287500
Nissan,X-Trail,2008,36500,2000 cc,Automatic,Petrol,Nakuru,Locally Used,1312500
Honda,Fit,2009,36673,1500 cc,Manual,Petrol,Kisumu,Locally Used,1162500
BMW,X3,2010,36846,2000 cc,Automatic,Diesel,Nairobi,Foreign Used,3360000
Audi,A4,2011,37019,2000 cc,Automatic,Diesel,Mombasa,Foreign Used,3217500
Toyota,Premio,2012,37192,1800 cc,Automatic,Petrol,Nairobi,Foreign Used,1785000
Subaru,Outback,2013,37365,2500 cc,Automatic,Petrol,Nairobi,Locally Used,2100000
Mazda,CX-5,2014,37538,2200 cc,Automatic,Diesel,Mombasa,Foreign Used,2565000
Mercedes-Benz,C200,2015,37711,2000 cc,Automatic,Petrol,Nairobi,Foreign Used,3237500
Nissan,X-Trail,2016,37884,2000 cc,Automatic,Petrol,Nakuru,Locally Used,1662500
Honda,Fit,2017,38057,1500 cc,Manual,Petrol,Kisumu,Locally Used,1462500
BMW,X3,2018,38230,2000 cc,Automatic,Diesel,Nairobi,Foreign Used,4200000
Audi,A4,2019,38403,2000 cc,Automatic,Diesel,Mombasa,Foreign Used,3997499
Toyota,Premio,2020,38576,1800 cc,Automatic,Petrol,Nairobi,Foreign Used,2205000
Subaru,Outback,2021,38749,2500 cc,Automatic,Petrol,Nairobi,Locally Used,2580000
Mazda,CX-5,2022,38922,2200 cc,Automatic,Diesel,Mombasa,Foreign Used,3135000
Mercedes-Benz,C200,2008,39095,2000 cc,Automatic,Petrol,Nairobi,Foreign Used,3937500
Nissan,X-Trail,2009,39268,2000 cc,Automatic,Petrol,Nakuru,Locally Used,2012499
Honda,Fit,2010,39441,1500 cc,Manual,Petrol,Kisumu,Locally Used,1762500
BMW,X3,2011,39614,2000 cc,Automatic,Diesel,Nairobi,Foreign Used,5040000
Audi,A4,2012,39787,2000 cc,Automatic,Diesel,Mombasa,Foreign Used,4777500
Toyota,Premio,2013,39960,1800 cc,Automatic,Petrol,Nairobi,Foreign Used,1575000
Subaru,Outback,2014,40133,2500 cc,Automatic,Petrol,Nairobi,Locally Used,1860000
Mazda,CX-5,2015,40306,2200 cc,Automatic,Diesel,Mombasa,Foreign Used,2280000
Mercedes-Benz,C200,2016,40479,2000 cc,Automatic,Petrol,Nairobi,Foreign Used,2887500
Nissan,X-Trail,2017,40652,2000 cc,Automatic,Petrol,Nakuru,Locally Used,1487500
Honda,Fit,2018,40825,1500 cc,Manual,Petrol,Kisumu,Locally Used,1312500
BMW,X3,2019,40998,2000 cc,Automatic,Diesel,Nairobi,Foreign Used,3780000
Audi,A4,2020,41171,2000 cc,Automatic,Diesel,Mombasa,Foreign Used,3607500
Toyota,Premio,2021,41344,1800 cc,Automatic,Petrol,Nairobi,Foreign Used,1995000
Subaru,Outback,2022,41517,2500 cc,Automatic,Petrol,Nairobi,Locally Used,2340000
Mazda,CX-5,2008,41690,2200 cc,Automatic,Diesel,Mombasa,Foreign Used,2850000
Mercedes-Benz,C200,2009,41863,2000 cc,Automatic,Petrol,Nairobi,Foreign Used,3587499
Nissan,X-Trail,2010,42036,2000 cc,Automatic,Petrol,Nakuru,Locally Used,1837500
Honda,Fit,2011,42209,1500 cc,Manual,Petrol,Kisumu,Locally Used,1612500
BMW,X3,2012,42382,2000 cc,Automatic,Diesel,Nairobi,Foreign Used,4620000
Audi,A4,2013,42555,2000 cc,Automatic,Diesel,Mombasa,Foreign Used,4387500
Toyota,Premio,2014,42728,1800 cc,Automatic,Petrol,Nairobi,Foreign Used,2415000
Subaru,Outback,2015,42901,2500 cc,Automatic,Petrol,Nairobi,Locally Used,2820000
Mazda,CX-5,2016,43074,2200 cc,Automatic,Diesel,Mombasa,Foreign Used,3420000
Mercedes-Benz,C200,2017,43247,2000 cc,Automatic,Petrol,Nairobi,Foreign Used,4287500
Nissan,X-Trail,2018,43420,2000 cc,Automatic,Petrol,Nakuru,Locally Used,1312500
Honda,Fit,2019,43593,1500 cc,Manual,Petrol,Kisumu,Locally Used,1162500
BMW,X3,2020,43766,2000 cc,Automatic,Diesel,Nairobi,Foreign Used,3360000
Audi,A4,2021,43939,2000 cc,Automatic,Diesel,Mombasa,Foreign Used,3217500
Toyota,Premio,2022,44112,1800 cc,Automatic,Petrol,Nairobi,Foreign Used,1785000
Subaru,Outback,2008,44285,2500 cc,Automatic,Petrol,Nairobi,Locally Used,2100000
Mazda,CX-5,2009,44458,2200 cc,Automatic,Diesel,Mombasa,Foreign Used,2565000
Mercedes-Benz,C200,2010,44631,2000 cc,Automatic,Petrol,Nairobi,Foreign Used,3237500
Nissan,X-Trail,2011,44804,2000 cc,Automatic,Petrol,Nakuru,Locally Used,1662500
Honda,Fit,2012,44977,1500 cc,Manual,Petrol,Kisumu,Locally Used,1462500
BMW,X3,2013,45150,2000 cc,Automatic,Diesel,Nairobi,Foreign Used,4200000
Audi,A4,2014,45323,2000 cc,Automatic,Diesel,Mombasa,Foreign Used,3997499
Toyota,Premio,2015,45496,1800 cc,Automatic,Petrol,Nairobi,Foreign Used,2205000
Subaru,Outback,2016,45669,2500 cc,Automatic,Petrol,Nairobi,Locally Used,2580000
Mazda,CX-5,2017,45842,2200 cc,Automatic,Diesel,Mombasa,Foreign Used,3135000
Mercedes-Benz,C200,2018,46015,2000 cc,Automatic,Petrol,Nairobi,Foreign Used,3937500
Nissan,X-Trail,2019,46188,2000 cc,Automatic,Petrol,Nakuru,Locally Used,2012499
Honda,Fit,2020,46361,1500 cc,Manual,Petrol,Kisumu,Locally Used,1762500
BMW,X3,2021,46534,2000 cc,Automatic,Diesel,Nairobi,Foreign Used,5040000
Audi,A4,2022,46707,2000 cc,Automatic,Diesel,Mombasa,Foreign Used,4777500
Toyota,Premio,2008,46880,1800 cc,Automatic,Petrol,Nairobi,Foreign Used,1575000
Subaru,Outback,2009,47053,2500 cc,Automatic,Petrol,Nairobi,Locally Used,1860000
Mazda,CX-5,2010,47226,2200 cc,Automatic,Diesel,Mombasa,Foreign Used,2280000
Mercedes-Benz,C200,2011,47399,2000 cc,Automatic,Petrol,Nairobi,Foreign Used,2887500
Nissan,X-Trail,2012,47572,2000 cc,Automatic,Petrol,Nakuru,Locally Used,1487500
Honda,Fit,2013,47745,1500 cc,Manual,Petrol,Kisumu,Locally Used,1312500
BMW,X3,2014,47918,2000 cc,Automatic,Diesel,Nairobi,Foreign Used,3780000
Audi,A4,2015,48091,2000 cc,Automatic,Diesel,Mombasa,Foreign Used,3607500
Toyota,Premio,2016,48264,1800 cc,Automatic,Petrol,Nairobi,Foreign Used,1995000
Subaru,Outback,2017,48437,2500 cc,Automatic,Petrol,Nairobi,Locally Used,2340000
Mazda,CX-5,2018,48610,2200 cc,Automatic,Diesel,Mombasa,Foreign Used,2850000
Mercedes-Benz,C200,2019,48783,2000 cc,Automatic,Petrol,Nairobi,Foreign Used,3587499
Nissan,X-Trail,2020,48956,2000 cc,Automatic,Petrol,Nakuru,Locally Used,1837500
Honda,Fit,2021,49129,1500 cc,Manual,Petrol,Kisumu,Locally Used,1612500
BMW,X3,2022,49302,2000 cc,Automatic,Diesel,Nairobi,Foreign Used,4620000
Audi,A4,2008,49475,2000 cc,Automatic,Diesel,Mombasa,Foreign Used,4387500
Toyota,Premio,2009,49648,1800 cc,Automatic,Petrol,Nairobi,Foreign Used,2415000
Subaru,Outback,2010,49821,2500 cc,Automatic,Petrol,Nairobi,Locally Used,2820000
Mazda,CX-5,2011,49994,2200 cc,Automatic,Diesel,Mombasa,Foreign Used,3420000
Mercedes-Benz,C200,2012,50167,2000 cc,Automatic,Petrol,Nairobi,Foreign Used,4287500
Nissan,X-Trail,2013,50340,2000 cc,Automatic,Petrol,Nakuru,Locally Used,1312500
Honda,Fit,2014,50513,1500 cc,Manual,Petrol,Kisumu,Locally Used,1162500
BMW,X3,2015,50686,2000 cc,Automatic,Diesel,Nairobi,Foreign Used,3360000
Audi,A4,2016,50859,2000 cc,Automatic,Diesel,Mombasa,Foreign Used,3217500
Toyota,Premio,2017,51032,1800 cc,Automatic,Petrol,Nairobi,Foreign Used,1785000
Subaru,Outback,2018,51205,2500 cc,Automatic,Petrol,Nairobi,Locally Used,2100000
Mazda,CX-5,2019,51378,2200 cc,Automatic,Diesel,Mombasa,Foreign Used,2565000
Mercedes-Benz,C200,2020,51551,2000 cc,Automatic,Petrol,Nairobi,Foreign Used,3237500
Nissan,X-Trail,2021,51724,2000 cc,Automatic,Petrol,Nakuru,Locally Used,1662500
Honda,Fit,2022,51897,1500 cc,Manual,Petrol,Kisumu,Locally Used,1462500
BMW,X3,2008,52070,2000 cc,Automatic,Diesel,Nairobi,Foreign Used,4200000
Audi,A4,2009,52243,2000 cc,Automatic,Diesel,Mombasa,Foreign Used,3997499
Toyota,Premio,2010,52416,1800 cc,Automatic,Petrol,Nairobi,Foreign Used,2205000
Subaru,Outback,2011,52589,2500 cc,Automatic,Petrol,Nairobi,Locally Used,2580000
Mazda,CX-5,2012,52762,2200 cc,Automatic,Diesel,Mombasa,Foreign Used,3135000
Mercedes-Benz,C200,2013,52935,2000 cc,Automatic,Petrol,Nairobi,Foreign Used,3937500
Nissan,X-Trail,2014,53108,2000 cc,Automatic,Petrol,Nakuru,Locally Used,2012499
Honda,Fit,2015,53281,1500 cc,Manual,Petrol,Kisumu,Locally Used,1762500
BMW,X3,2016,53454,2000 cc,Automatic,Diesel,Nairobi,Foreign Used,5040000
Audi,A4,2017,53627,2000 cc,Automatic,Diesel,Mombasa,Foreign Used,4777500
Toyota,Premio,2018,53800,1800 cc,Automatic,Petrol,Nairobi,Foreign Used,1575000
Subaru,Outback,2019,53973,2500 cc,Automatic,Petrol,Nairobi,Locally Used,1860000
Mazda,CX-5,2020,54146,2200 cc,Automatic,Diesel,Mombasa,Foreign Used,2280000
Mercedes-Benz,C200,2021,54319,2000 cc,Automatic,Petrol,Nairobi,Foreign Used,2887500
Nissan,X-Trail,2022,54492,2000 cc,Automatic,Petrol,Nakuru,Locally Used,1487500
Honda,Fit,2008,54665,1500 cc,Manual,Petrol,Kisumu,Locally Used,1312500
BMW,X3,2009,54838,2000 cc,Automatic,Diesel,Nairobi,Foreign Used,3780000
Audi,A4,2010,55011,2000 cc,Automatic,Diesel,Mombasa,Foreign Used,3607500
Toyota,Premio,2011,55184,1800 cc,Automatic,Petrol,Nairobi,Foreign Used,1995000
Subaru,Outback,2012,55357,2500 cc,Automatic,Petrol,Nairobi,Locally Used,2340000
Mazda,CX-5,2013,55530,2200 cc,Automatic,Diesel,Mombasa,Foreign Used,2850000
Mercedes-Benz,C200,2014,55703,2000 cc,Automatic,Petrol,Nairobi,Foreign Used,3587499
Nissan,X-Trail,2015,55876,2000 cc,Automatic,Petrol,Nakuru,Locally Used,1837500
Honda,Fit,2016,56049,1500 cc,Manual,Petrol,Kisumu,Locally Used,1612500
BMW,X3,2017,56222,2000 cc,Automatic,Diesel,Nairobi,Foreign Used,4620000
Audi,A4,2018,56395,2000 cc,Automatic,Diesel,Mombasa,Foreign Used,4387500
Toyota,Premio,2019,56568,1800 cc,Automatic,Petrol,Nairobi,Foreign Used,2415000
Subaru,Outback,2020,56741,2500 cc,Automatic,Petrol,Nairobi,Locally Used,2820000
Mazda,CX-5,2021,56914,2200 cc,Automatic,Diesel,Mombasa,Foreign Used,3420000
Mercedes-Benz,C200,2022,57087,2000 cc,Automatic,Petrol,Nairobi,Foreign Used,4287500
Nissan,X-Trail,2008,57260,2000 cc,Automatic,Petrol,Nakuru,Locally Used,1312500
Honda,Fit,2009,57433,1500 cc,Manual,Petrol,Kisumu,Locally Used,1162500
BMW,X3,2010,57606,2000 cc,Automatic,Diesel,Nairobi,Foreign Used,3360000
Audi,A4,2011,57779,2000 cc,Automatic,Diesel,Mombasa,Foreign Used,3217500
Toyota,Premio,2012,57952,1800 cc,Automatic,Petrol,Nairobi,Foreign Used,1785000
Subaru,Outback,2013,58125,2500 cc,Automatic,Petrol,Nairobi,Locally Used,2100000
Mazda,CX-5,2014,58298,2200 cc,Automatic,Diesel,Mombasa,Foreign Used,2565000
Mercedes-Benz,C200,2015,58471,2000 cc,Automatic,Petrol,Nairobi,Foreign Used,3237500
Nissan,X-Trail,2016,58644,2000 cc,Automatic,Petrol,Nakuru,Locally Used,1662500
Honda,Fit,2017,58817,1500 cc,Manual,Petrol,Kisumu,Locally Used,1462500
BMW,X3,2018,58990,2000 cc,Automatic,Diesel,Nairobi,Foreign Used,4200000
Audi,A4,2019,59163,2000 cc,Automatic,Diesel,Mombasa,Foreign Used,3997499
Toyota,Premio,2020,59336,1800 cc,Automatic,Petrol,Nairobi,Foreign Used,2205000
Subaru,Outback,2021,59509,2500 cc,Automatic,Petrol,Nairobi,Locally Used,2580000
Mazda,CX-5,2022,59682,2200 cc,Automatic,Diesel,Mombasa,Foreign Used,3135000
Mercedes-Benz,C200,2008,59855,2000 cc,Automatic,Petrol,Nairobi,Foreign Used,3937500
Nissan,X-Trail,2009,60028,2000 cc,Automatic,Petrol,Nakuru,Locally Used,2012499
Honda,Fit,2010,60201,1500 cc,Manual,Petrol,Kisumu,Locally Used,1762500
BMW,X3,2011,60374,2000 cc,Automatic,Diesel,Nairobi,Foreign Used,5040000
Audi,A4,2012,60547,2000 cc,Automatic,Diesel,Mombasa,Foreign Used,4777500
Toyota,Premio,2013,60720,1800 cc,Automatic,Petrol,Nairobi,Foreign Used,1575000
Subaru,Outback,2014,60893,2500 cc,Automatic,Petrol,Nairobi,Locally Used,1860000
Mazda,CX-5,2015,61066,2200 cc,Automatic,Diesel,Mombasa,Foreign Used,2280000
Mercedes-Benz,C200,2016,61239,2000 cc,Automatic,Petrol,Nairobi,Foreign Used,2887500
Nissan,X-Trail,2017,61412,2000 cc,Automatic,Petrol,Nakuru,Locally Used,1487500
Honda,Fit,2018,61585,1500 cc,Manual,Petrol,Kisumu,Locally Used,1312500
BMW,X3,2019,61758,2000 cc,Automatic,Diesel,Nairobi,Foreign Used,3780000
Audi,A4,2020,61931,2000 cc,Automatic,Diesel,Mombasa,Foreign Used,3607500
Toyota,Premio,2021,62104,1800 cc,Automatic,Petrol,Nairobi,Foreign Used,1995000
Subaru,Outback,2022,62277,2500 cc,Automatic,Petrol,Nairobi,Locally Used,2340000
Mazda,CX-5,2008,62450,2200 cc,Automatic,Diesel,Mombasa,Foreign Used,2850000
Mercedes-Benz,C200,2009,62623,2000 cc,Automatic,Petrol,Nairobi,Foreign Used,3587499
Nissan,X-Trail,2010,62796,2000 cc,Automatic,Petrol,Nakuru,Locally Used,1837500
Honda,Fit,2011,62969,1500 cc,Manual,Petrol,Kisumu,Locally Used,1612500
BMW,X3,2012,63142,2000 cc,Automatic,Diesel,Nairobi,Foreign Used,4620000
Audi,A4,2013,63315,2000 cc,Automatic,Diesel,Mombasa,Foreign Used,4387500
Toyota,Premio,2014,63488,1800 cc,Automatic,Petrol,Nairobi,Foreign Used,2415000
Subaru,Outback,2015,63661,2500 cc,Automatic,Petrol,Nairobi,Locally Used,2820000
Mazda,CX-5,2016,63834,2200 cc,Automatic,Diesel,Mombasa,Foreign Used,3420000
Mercedes-Benz,C200,2017,64007,2000 cc,Automatic,Petrol,Nairobi,Foreign Used,4287500
Nissan,X-Trail,2018,64180,2000 cc,Automatic,Petrol,Nakuru,Locally Used,1312500
Honda,Fit,2019,64353,1500 cc,Manual,Petrol,Kisumu,Locally Used,1162500
BMW,X3,2020,64526,2000 cc,Automatic,Diesel,Nairobi,Foreign Used,3360000
Audi,A4,2021,64699,2000 cc,Automatic,Diesel,Mombasa,Foreign Used,3217500
Toyota,Premio,2022,64872,1800 cc,Automatic,Petrol,Nairobi,Foreign Used,1785000
Subaru,Outback,2008,65045,2500 cc,Automatic,Petrol,Nairobi,Locally Used,2100000
Mazda,CX-5,2009,65218,2200 cc,Automatic,Diesel,Mombasa,Foreign Used,2565000
Mercedes-Benz,C200,2010,65391,2000 cc,Automatic,Petrol,Nairobi,Foreign Used,3237500
Nissan,X-Trail,2011,65564,2000 cc,Automatic,Petrol,Nakuru,Locally Used,1662500
Honda,Fit,2012,65737,1500 cc,Manual,Petrol,Kisumu,Locally Used,1462500
BMW,X3,2013,65910,2000 cc,Automatic,Diesel,Nairobi,Foreign Used,4200000
Audi,A4,2014,66083,2000 cc,Automatic,Diesel,Mombasa,Foreign Used,3997499
Toyota,Premio,2015,66256,1800 cc,Automatic,Petrol,Nairobi,Foreign Used,2205000
Subaru,Outback,2016,66429,2500 cc,Automatic,Petrol,Nairobi,Locally Used,2580000
Mazda,CX-5,2017,66602,2200 cc,Automatic,Diesel,Mombasa,Foreign Used,3135000
Mercedes-Benz,C200,2018,66775,2000 cc,Automatic,Petrol,Nairobi,Foreign Used,3937500
Nissan,X-Trail,2019,66948,2000 cc,Automatic,Petrol,Nakuru,Locally Used,2012499
Honda,Fit,2020,67121,1500 cc,Manual,Petrol,Kisumu,Locally Used,1762500
BMW,X3,2021,67294,2000 cc,Automatic,Diesel,Nairobi,Foreign Used,5040000
Audi,A4,2022,67467,2000 cc,Automatic,Diesel,Mombasa,Foreign Used,4777500
Toyota,Premio,2008,67640,1800 cc,Automatic,Petrol,Nairobi,Foreign Used,1575000
Subaru,Outback,2009,67813,2500 cc,Automatic,Petrol,Nairobi,Locally Used,1860000
Mazda,CX-5,2010,67986,2200 cc,Automatic,Diesel,Mombasa,Foreign Used,2280000
Mercedes-Benz,C200,2011,68159,2000 cc,Automatic,Petrol,Nairobi,Foreign Used,2887500
Nissan,X-Trail,2012,68332,2000 cc,Automatic,Petrol,Nakuru,Locally Used,1487500
Honda,Fit,2013,68505,1500 cc,Manual,Petrol,Kisumu,Locally Used,1312500
BMW,X3,2014,68678,2000 cc,Automatic,Diesel,Nairobi,Foreign Used,3780000
Audi,A4,2015,68851,2000 cc,Automatic,Diesel,Mombasa,Foreign Used,3607500
Toyota,Premio,2016,69024,1800 cc,Automatic,Petrol,Nairobi,Foreign Used,1995000
Subaru,Outback,2017,69197,2500 cc,Automatic,Petrol,Nairobi,Locally Used,2340000
Mazda,CX-5,2018,69370,2200 cc,Automatic,Diesel,Mombasa,Foreign Used,2850000
Mercedes-Benz,C200,2019,69543,2000 cc,Automatic,Petrol,Nairobi,Foreign Used,3587499
Nissan,X-Trail,2020,69716,2000 cc,Automatic,Petrol,Nakuru,Locally Used,1837500
Honda,Fit,2021,69889,1500 cc,Manual,Petrol,Kisumu,Locally Used,1612500
BMW,X3,2022,70062,2000 cc,Automatic,Diesel,Nairobi,Foreign Used,4620000
Audi,A4,2008,70235,2000 cc,Automatic,Diesel,Mombasa,Foreign Used,4387500
Toyota,Premio,2009,70408,1800 cc,Automatic,Petrol,Nairobi,Foreign Used,2415000
Subaru,Outback,2010,70581,2500 cc,Automatic,Petrol,Nairobi,Locally Used,2820000
Mazda,CX-5,2011,70754,2200 cc,Automatic,Diesel,Mombasa,Foreign Used,3420000
Mercedes-Benz,C200,2012,70927,2000 cc,Automatic,Petrol,Nairobi,Foreign Used,4287500
Nissan,X-Trail,2013,71100,2000 cc,Automatic,Petrol,Nakuru,Locally Used,1312500
Honda,Fit,2014,71273,1500 cc,Manual,Petrol,Kisumu,Locally Used,1162500
BMW,X3,2015,71446,2000 cc,Automatic,Diesel,Nairobi,Foreign Used,3360000
Audi,A4,2016,71619,2000 cc,Automatic,Diesel,Mombasa,Foreign Used,3217500
Toyota,Premio,2017,71792,1800 cc,Automatic,Petrol,Nairobi,Foreign Used,1785000
Subaru,Outback,2018,71965,2500 cc,Automatic,Petrol,Nairobi,Locally Used,2100000
Mazda,CX-5,2019,72138,2200 cc,Automatic,Diesel,Mombasa,Foreign Used,2565000
Mercedes-Benz,C200,2020,72311,2000 cc,Automatic,Petrol,Nairobi,Foreign Used,3237500
Nissan,X-Trail,2021,72484,2000 cc,Automatic,Petrol,Nakuru,Locally Used,1662500
Honda,Fit,2022,72657,1500 cc,Manual,Petrol,Kisumu,Locally Used,1462500
BMW,X3,2008,72830,2000 cc,Automatic,Diesel,Nairobi,Foreign Used,4200000
Audi,A4,2009,73003,2000 cc,Automatic,Diesel,Mombasa,Foreign Used,3997499
Toyota,Premio,2010,73176,1800 cc,Automatic,Petrol,Nairobi,Foreign Used,2205000
Subaru,Outback,2011,73349,2500 cc,Automatic,Petrol,Nairobi,Locally Used,2580000
Mazda,CX-5,2012,73522,2200 cc,Automatic,Diesel,Mombasa,Foreign Used,3135000
Mercedes-Benz,C200,2013,73695,2000 cc,Automatic,Petrol,Nairobi,Foreign Used,3937500
Nissan,X-Trail,2014,73868,2000 cc,Automatic,Petrol,Nakuru,Locally Used,2012499
Honda,Fit,2015,74041,1500 cc,Manual,Petrol,Kisumu,Locally Used,1762500
BMW,X3,2016,74214,2000 cc,Automatic,Diesel,Nairobi,Foreign Used,5040000
Audi,A4,2017,74387,2000 cc,Automatic,Diesel,Mombasa,Foreign Used,4777500
Toyota,Premio,2018,74560,1800 cc,Automatic,Petrol,Nairobi,Foreign Used,1575000
Subaru,Outback,2019,74733,2500 cc,Automatic,Petrol,Nairobi,Locally Used,1860000
Mazda,CX-5,2020,74906,2200 cc,Automatic,Diesel,Mombasa,Foreign Used,2280000
Mercedes-Benz,C200,2021,75079,2000 cc,Automatic,Petrol,Nairobi,Foreign Used,2887500
Nissan,X-Trail,2022,75252,2000 cc,Automatic,Petrol,Nakuru,Locally Used,1487500
Honda,Fit,2008,75425,1500 cc,Manual,Petrol,Kisumu,Locally Used,1312500
BMW,X3,2009,75598,2000 cc,Automatic,Diesel,Nairobi,Foreign Used,3780000
Audi,A4,2010,75771,2000 cc,Automatic,Diesel,Mombasa,Foreign Used,3607500
Toyota,Premio,2011,75944,1800 cc,Automatic,Petrol,Nairobi,Foreign Used,1995000
Subaru,Outback,2012,76117,2500 cc,Automatic,Petrol,Nairobi,Locally Used,2340000
Mazda,CX-5,2013,76290,2200 cc,Automatic,Diesel,Mombasa,Foreign Used,2850000
Mercedes-Benz,C200,2014,76463,2000 cc,Automatic,Petrol,Nairobi,Foreign Used,3587499
Nissan,X-Trail,2015,76636,2000 cc,Automatic,Petrol,Nakuru,Locally Used,1837500
Honda,Fit,2016,76809,1500 cc,Manual,Petrol,Kisumu,Locally Used,1612500
BMW,X3,2017,76982,2000 cc,Automatic,Diesel,Nairobi,Foreign Used,4620000
Audi,A4,2018,77155,2000 cc,Automatic,Diesel,Mombasa,Foreign Used,4387500
Toyota,Premio,2019,77328,1800 cc,Automatic,Petrol,Nairobi,Foreign Used,2415000
Subaru,Outback,2020,77501,2500 cc,Automatic,Petrol,Nairobi,Locally Used,2820000
Mazda,CX-5,2021,77674,2200 cc,Automatic,Diesel,Mombasa,Foreign Used,3420000
Mercedes-Benz,C200,2022,77847,2000 cc,Automatic,Petrol,Nairobi,Foreign Used,4287500
Nissan,X-Trail,2008,78020,2000 cc,Automatic,Petrol,Nakuru,Locally Used,1312500
Honda,Fit,2009,78193,1500 cc,Manual,Petrol,Kisumu,Locally Used,1162500
BMW,X3,2010,78366,2000 cc,Automatic,Diesel,Nairobi,Foreign Used,3360000
Audi,A4,2011,78539,2000 cc,Automatic,Diesel,Mombasa,Foreign Used,3217500
Toyota,Premio,2012,78712,1800 cc,Automatic,Petrol,Nairobi,Foreign Used,1785000
Subaru,Outback,2013,78885,2500 cc,Automatic,Petrol,Nairobi,Locally Used,2100000
Mazda,CX-5,2014,79058,2200 cc,Automatic,Diesel,Mombasa,Foreign Used,2565000
Mercedes-Benz,C200,2015,79231,2000 cc,Automatic,Petrol,Nairobi,Foreign Used,3237500
Nissan,X-Trail,2016,79404,2000 cc,Automatic,Petrol,Nakuru,Locally Used,1662500
Honda,Fit,2017,79577,1500 cc,Manual,Petrol,Kisumu,Locally Used,1462500
BMW,X3,2018,79750,2000 cc,Automatic,Diesel,Nairobi,Foreign Used,4200000
Audi,A4,2019,79923,2000 cc,Automatic,Diesel,Mombasa,Foreign Used,3997499
Toyota,Premio,2020,80096,1800 cc,Automatic,Petrol,Nairobi,Foreign Used,2205000
Subaru,Outback,2021,80269,2500 cc,Automatic,Petrol,Nairobi,Locally Used,2580000
Mazda,CX-5,2022,80442,2200 cc,Automatic,Diesel,Mombasa,Foreign Used,3135000
Mercedes-Benz,C200,2008,80615,2000 cc,Automatic,Petrol,Nairobi,Foreign Used,3937500
Nissan,X-Trail,2009,80788,2000 cc,Automatic,Petrol,Nakuru,Locally Used,2012499
Honda,Fit,2010,80961,1500 cc,Manual,Petrol,Kisumu,Locally Used,1762500
BMW,X3,2011,81134,2000 cc,Automatic,Diesel,Nairobi,Foreign Used,5040000
Audi,A4,2012,81307,2000 cc,Automatic,Diesel,Mombasa,Foreign Used,4777500
Toyota,Premio,2013,81480,1800 cc,Automatic,Petrol,Nairobi,Foreign Used,1575000
Subaru,Outback,2014,81653,2500 cc,Automatic,Petrol,Nairobi,Locally Used,1860000
Mazda,CX-5,2015,81826,2200 cc,Automatic,Diesel,Mombasa,Foreign Used,2280000
Mercedes-Benz,C200,2016,81999,2000 cc,Automatic,Petrol,Nairobi,Foreign Used,2887500
Nissan,X-Trail,2017,82172,2000 cc,Automatic,Petrol,Nakuru,Locally Used,1487500
Honda,Fit,2018,82345,1500 cc,Manual,Petrol,Kisumu,Locally Used,1312500
BMW,X3,2019,82518,2000 cc,Automatic,Diesel,Nairobi,Foreign Used,3780000
Audi,A4,2020,82691,2000 cc,Automatic,Diesel,Mombasa,Foreign Used,3607500
Toyota,Premio,2021,82864,1800 cc,Automatic,Petrol,Nairobi,Foreign Used,1995000
Subaru,Outback,2022,83037,2500 cc,Automatic,Petrol,Nairobi,Locally Used,2340000
Mazda,CX-5,2008,83210,2200 cc,Automatic,Diesel,Mombasa,Foreign Used,2850000
Mercedes-Benz,C200,2009,83383,2000 cc,Automatic,Petrol,Nairobi,Foreign Used,3587499
Nissan,X-Trail,2010,83556,2000 cc,Automatic,Petrol,Nakuru,Locally Used,1837500
Honda,Fit,2011,83729,1500 cc,Manual,Petrol,Kisumu,Locally Used,1612500
BMW,X3,2012,83902,2000 cc,Automatic,Diesel,Nairobi,Foreign Used,4620000
Audi,A4,2013,84075,2000 cc,Automatic,Diesel,Mombasa,Foreign Used,4387500
Toyota,Premio,2014,84248,1800 cc,Automatic,Petrol,Nairobi,Foreign Used,2415000
Subaru,Outback,2015,84421,2500 cc,Automatic,Petrol,Nairobi,Locally Used,2820000
Mazda,CX-5,2016,84594,2200 cc,Automatic,Diesel,Mombasa,Foreign Used,3420000
Mercedes-Benz,C200,2017,84767,2000 cc,Automatic,Petrol,Nairobi,Foreign Used,4287500
Nissan,X-Trail,2018,84940,2000 cc,Automatic,Petrol,Nakuru,Locally Used,1312500
Honda,Fit,2019,85113,1500 cc,Manual,Petrol,Kisumu,Locally Used,1162500
BMW,X3,2020,85286,2000 cc,Automatic,Diesel,Nairobi,Foreign Used,3360000
Audi,A4,2021,85459,2000 cc,Automatic,Diesel,Mombasa,Foreign Used,3217500
Toyota,Premio,2022,85632,1800 cc,Automatic,Petrol,Nairobi,Foreign Used,1785000
Subaru,Outback,2008,85805,2500 cc,Automatic,Petrol,Nairobi,Locally Used,2100000
Mazda,CX-5,2009,85978,2200 cc,Automatic,Diesel,Mombasa,Foreign Used,2565000
Mercedes-Benz,C200,2010,86151,2000 cc,Automatic,Petrol,Nairobi,Foreign Used,3237500
Nissan,X-Trail,2011,86324,2000 cc,Automatic,Petrol,Nakuru,Locally Used,1662500
Honda,Fit,2012,86497,1500 cc,Manual,Petrol,Kisumu,Locally Used,1462500
BMW,X3,2013,86670,2000 cc,Automatic,Diesel,Nairobi,Foreign Used,4200000
Audi,A4,2014,86843,2000 cc,Automatic,Diesel,Mombasa,Foreign Used,3997499
Toyota,Premio,2015,87016,1800 cc,Automatic,Petrol,Nairobi,Foreign Used,2205000
Subaru,Outback,2016,87189,2500 cc,Automatic,Petrol,Nairobi,Locally Used,2580000
Mazda,CX-5,2017,87362,2200 cc,Automatic,Diesel,Mombasa,Foreign Used,3135000
Mercedes-Benz,C200,2018,87535,2000 cc,Automatic,Petrol,Nairobi,Foreign Used,3937500
Nissan,X-Trail,2019,87708,2000 cc,Automatic,Petrol,Nakuru,Locally Used,2012499
Honda,Fit,2020,87881,1500 cc,Manual,Petrol,Kisumu,Locally Used,1762500
BMW,X3,2021,88054,2000 cc,Automatic,Diesel,Nairobi,Foreign Used,5040000
Audi,A4,2022,88227,2000 cc,Automatic,Diesel,Mombasa,Foreign Used,4777500
Toyota,Premio,2008,88400,1800 cc,Automatic,Petrol,Nairobi,Foreign Used,1575000
Subaru,Outback,2009,88573,2500 cc,Automatic,Petrol,Nairobi,Locally Used,1860000
Mazda,CX-5,2010,88746,2200 cc,Automatic,Diesel,Mombasa,Foreign Used,2280000
Mercedes-Benz,C200,2011,88919,2000 cc,Automatic,Petrol,Nairobi,Foreign Used,2887500
Nissan,X-Trail,2012,89092,2000 cc,Automatic,Petrol,Nakuru,Locally Used,1487500
Honda,Fit,2013,89265,1500 cc,Manual,Petrol,Kisumu,Locally Used,1312500
BMW,X3,2014,89438,2000 cc,Automatic,Diesel,Nairobi,Foreign Used,3780000
Audi,A4,2015,89611,2000 cc,Automatic,Diesel,Mombasa,Foreign Used,3607500
Toyota,Premio,2016,89784,1800 cc,Automatic,Petrol,Nairobi,Foreign Used,1995000
Subaru,Outback,2017,89957,2500 cc,Automatic,Petrol,Nairobi,Locally Used,2340000
Mazda,CX-5,2018,90130,2200 cc,Automatic,Diesel,Mombasa,Foreign Used,2850000
Mercedes-Benz,C200,2019,90303,2000 cc,Automatic,Petrol,Nairobi,Foreign Used,3587499
Nissan,X-Trail,2020,90476,2000 cc,Automatic,Petrol,Nakuru,Locally Used,1837500
Honda,Fit,2021,90649,1500 cc,Manual,Petrol,Kisumu,Locally Used,1612500
BMW,X3,2022,90822,2000 cc,Automatic,Diesel,Nairobi,Foreign Used,4620000
Audi,A4,2008,90995,2000 cc,Automatic,Diesel,Mombasa,Foreign Used,4387500
Toyota,Premio,2009,91168,1800 cc,Automatic,Petrol,Nairobi,Foreign Used,2415000
Subaru,Outback,2010,91341,2500 cc,Automatic,Petrol,Nairobi,Locally Used,2820000
Mazda,CX-5,2011,91514,2200 cc,Automatic,Diesel,Mombasa,Foreign Used,3420000
Mercedes-Benz,C200,2012,91687,2000 cc,Automatic,Petrol,Nairobi,Foreign Used,4287500
Nissan,X-Trail,2013,91860,2000 cc,Automatic,Petrol,Nakuru,Locally Used,1312500
Honda,Fit,2014,92033,1500 cc,Manual,Petrol,Kisumu,Locally Used,1162500
BMW,X3,2015,92206,2000 cc,Automatic,Diesel,Nairobi,Foreign Used,3360000
Audi,A4,2016,92379,2000 cc,Automatic,Diesel,Mombasa,Foreign Used,3217500
Toyota,Premio,2017,92552,1800 cc,Automatic,Petrol,Nairobi,Foreign Used,1785000
Subaru,Outback,2018,92725,2500 cc,Automatic,Petrol,Nairobi,Locally Used,2100000
Mazda,CX-5,2019,92898,2200 cc,Automatic,Diesel,Mombasa,Foreign Used,2565000
Mercedes-Benz,C200,2020,93071,2000 cc,Automatic,Petrol,Nairobi,Foreign Used,3237500
Nissan,X-Trail,2021,93244,2000 cc,Automatic,Petrol,Nakuru,Locally Used,1662500
Honda,Fit,2022,93417,1500 cc,Manual,Petrol,Kisumu,Locally Used,1462500
BMW,X3,2008,93590,2000 cc,Automatic,Diesel,Nairobi,Foreign Used,4200000
Audi,A4,2009,93763,2000 cc,Automatic,Diesel,Mombasa,Foreign Used,3997499
Toyota,Premio,2010,93936,1800 cc,Automatic,Petrol,Nairobi,Foreign Used,2205000
Subaru,Outback,2011,94109,2500 cc,Automatic,Petrol,Nairobi,Locally Used,2580000
Mazda,CX-5,2012,94282,2200 cc,Automatic,Diesel,Mombasa,Foreign Used,3135000
Mercedes-Benz,C200,2013,94455,2000 cc,Automatic,Petrol,Nairobi,Foreign Used,3937500
Nissan,X-Trail,2014,94628,2000 cc,Automatic,Petrol,Nakuru,Locally Used,2012499
Honda,Fit,2015,94801,1500 cc,Manual,Petrol,Kisumu,Locally Used,1762500
BMW,X3,2016,94974,2000 cc,Automatic,Diesel,Nairobi,Foreign Used,5040000
Audi,A4,2017,95147,2000 cc,Automatic,Diesel,Mombasa,Foreign Used,4777500
Toyota,Premio,2018,95320,1800 cc,Automatic,Petrol,Nairobi,Foreign Used,1575000
Subaru,Outback,2019,95493,2500 cc,Automatic,Petrol,Nairobi,Locally Used,1860000
Mazda,CX-5,2020,95666,2200 cc,Automatic,Diesel,Mombasa,Foreign Used,2280000
Mercedes-Benz,C200,2021,95839,2000 cc,Automatic,Petrol,Nairobi,Foreign Used,2887500
Nissan,X-Trail,2022,96012,2000 cc,Automatic,Petrol,Nakuru,Locally Used,1487500
Honda,Fit,2008,96185,1500 cc,Manual,Petrol,Kisumu,Locally Used,1312500
BMW,X3,2009,96358,2000 cc,Automatic,Diesel,Nairobi,Foreign Used,3780000
Audi,A4,2010,96531,2000 cc,Automatic,Diesel,Mombasa,Foreign Used,3607500
Toyota,Premio,2011,96704,1800 cc,Automatic,Petrol,Nairobi,Foreign Used,1995000
Subaru,Outback,2012,96877,2500 cc,Automatic,Petrol,Nairobi,Locally Used,2340000
Mazda,CX-5,2013,97050,2200 cc,Automatic,Diesel,Mombasa,Foreign Used,2850000
Mercedes-Benz,C200,2014,97223,2000 cc,Automatic,Petrol,Nairobi,Foreign Used,3587499
Nissan,X-Trail,2015,97396,2000 cc,Automatic,Petrol,Nakuru,Locally Used,1837500
Honda,Fit,2016,97569,1500 cc,Manual,Petrol,Kisumu,Locally Used,1612500
BMW,X3,2017,97742,2000 cc,Automatic,Diesel,Nairobi,Foreign Used,4620000
Audi,A4,2018,97915,2000 cc,Automatic,Diesel,Mombasa,Foreign Used,4387500
Toyota,Premio,2019,98088,1800 cc,Automatic,Petrol,Nairobi,Foreign Used,2415000
Subaru,Outback,2020,98261,2500 cc,Automatic,Petrol,Nairobi,Locally Used,2820000
Mazda,CX-5,2021,98434,2200 cc,Automatic,Diesel,Mombasa,Foreign Used,3420000
Mercedes-Benz,C200,2022,98607,2000 cc,Automatic,Petrol,Nairobi,Foreign Used,4287500
Nissan,X-Trail,2008,98780,2000 cc,Automatic,Petrol,Nakuru,Locally Used,1312500
Honda,Fit,2009,98953,1500 cc,Manual,Petrol,Kisumu,Locally Used,1162500
BMW,X3,2010,99126,2000 cc,Automatic,Diesel,Nairobi,Foreign Used,3360000
Audi,A4,2011,99299,2000 cc,Automatic,Diesel,Mombasa,Foreign Used,3217500
Toyota,Premio,2012,99472,1800 cc,Automatic,Petrol,Nairobi,Foreign Used,1785000
Subaru,Outback,2013,99645,2500 cc,Automatic,Petrol,Nairobi,Locally Used,2100000
Mazda,CX-5,2014,99818,2200 cc,Automatic,Diesel,Mombasa,Foreign Used,2565000
Mercedes-Benz,C200,2015,99991,2000 cc,Automatic,Petrol,Nairobi,Foreign Used,3237500
Nissan,X-Trail,2016,100164,2000 cc,Automatic,Petrol,Nakuru,Locally Used,1662500
Honda,Fit,2017,100337,1500 cc,Manual,Petrol,Kisumu,Locally Used,1462500
BMW,X3,2018,100510,2000 cc,Automatic,Diesel,Nairobi,Foreign Used,4200000
Audi,A4,2019,100683,2000 cc,Automatic,Diesel,Mombasa,Foreign Used,3997499
Toyota,Premio,2020,100856,1800 cc,Automatic,Petrol,Nairobi,Foreign Used,2205000
Subaru,Outback,2021,101029,2500 cc,Automatic,Petrol,Nairobi,Locally Used,2580000
Mazda,CX-5,2022,101202,2200 cc,Automatic,Diesel,Mombasa,Foreign Used,3135000
Mercedes-Benz,C200,2008,101375,2000 cc,Automatic,Petrol,Nairobi,Foreign Used,3937500
Nissan,X-Trail,2009,101548,2000 cc,Automatic,Petrol,Nakuru,Locally Used,2012499
Honda,Fit,2010,101721,1500 cc,Manual,Petrol,Kisumu,Locally Used,1762500
BMW,X3,2011,101894,2000 cc,Automatic,Diesel,Nairobi,Foreign Used,5040000
Audi,A4,2012,102067,2000 cc,Automatic,Diesel,Mombasa,Foreign Used,4777500
Toyota,Premio,2013,102240,1800 cc,Automatic,Petrol,Nairobi,Foreign Used,1575000
Subaru,Outback,2014,102413,2500 cc,Automatic,Petrol,Nairobi,Locally Used,1860000
Mazda,CX-5,2015,102586,2200 cc,Automatic,Diesel,Mombasa,Foreign Used,2280000
Mercedes-Benz,C200,2016,102759,2000 cc,Automatic,Petrol,Nairobi,Foreign Used,2887500
Nissan,X-Trail,2017,102932,2000 cc,Automatic,Petrol,Nakuru,Locally Used,1487500
Honda,Fit,2018,103105,1500 cc,Manual,Petrol,Kisumu,Locally Used,1312500
BMW,X3,2019,103278,2000 cc,Automatic,Diesel,Nairobi,Foreign Used,3780000
Audi,A4,2020,103451,2000 cc,Automatic,Diesel,Mombasa,Foreign Used,3607500
Toyota,Premio,2021,103624,1800 cc,Automatic,Petrol,Nairobi,Foreign Used,1995000
Subaru,Outback,2022,103797,2500 cc,Automatic,Petrol,Nairobi,Locally Used,2340000
Mazda,CX-5,2008,103970,2200 cc,Automatic,Diesel,Mombasa,Foreign Used,2850000
Mercedes-Benz,C200,2009,104143,2000 cc,Automatic,Petrol,Nairobi,Foreign Used,3587499
Nissan,X-Trail,2010,104316,2000 cc,Automatic,Petrol,Nakuru,Locally Used,1837500
Honda,Fit,2011,104489,1500 cc,Manual,Petrol,Kisumu,Locally Used,1612500
BMW,X3,2012,104662,2000 cc,Automatic,Diesel,Nairobi,Foreign Used,4620000
Audi,A4,2013,104835,2000 cc,Automatic,Diesel,Mombasa,Foreign Used,4387500
Toyota,Premio,2014,105008,1800 cc,Automatic,Petrol,Nairobi,Foreign Used,2415000
Subaru,Outback,2015,105181,2500 cc,Automatic,Petrol,Nairobi,Locally Used,2820000
Mazda,CX-5,2016,105354,2200 cc,Automatic,Diesel,Mombasa,Foreign Used,3420000
Mercedes-Benz,C200,2017,105527,2000 cc,Automatic,Petrol,Nairobi,Foreign Used,4287500
Nissan,X-Trail,2018,105700,2000 cc,Automatic,Petrol,Nakuru,Locally Used,1312500
Honda,Fit,2019,105873,1500 cc,Manual,Petrol,Kisumu,Locally Used,1162500
BMW,X3,2020,106046,2000 cc,Automatic,Diesel,Nairobi,Foreign Used,3360000
Audi,A4,2021,106219,2000 cc,Automatic,Diesel,Mombasa,Foreign Used,3217500
Toyota,Premio,2022,106392,1800 cc,Automatic,Petrol,Nairobi,Foreign Used,1785000
Subaru,Outback,2008,106565,2500 cc,Automatic,Petrol,Nairobi,Locally Used,2100000
Mazda,CX-5,2009,106738,2200 cc,Automatic,Diesel,Mombasa,Foreign Used,2565000
Mercedes-Benz,C200,2010,106911,2000 cc,Automatic,Petrol,Nairobi,Foreign Used,3237500
Nissan,X-Trail,2011,107084,2000 cc,Automatic,Petrol,Nakuru,Locally Used,1662500
Honda,Fit,2012,107257,1500 cc,Manual,Petrol,Kisumu,Locally Used,1462500
BMW,X3,2013,107430,2000 cc,Automatic,Diesel,Nairobi,Foreign Used,4200000
Audi,A4,2014,107603,2000 cc,Automatic,Diesel,Mombasa,Foreign Used,3997499
Toyota,Premio,2015,107776,1800 cc,Automatic,Petrol,Nairobi,Foreign Used,2205000
Subaru,Outback,2016,107949,2500 cc,Automatic,Petrol,Nairobi,Locally Used,2580000
Mazda,CX-5,2017,108122,2200 cc,Automatic,Diesel,Mombasa,Foreign Used,3135000
Mercedes-Benz,C200,2018,108295,2000 cc,Automatic,Petrol,Nairobi,Foreign Used,3937500
Nissan,X-Trail,2019,108468,2000 cc,Automatic,Petrol,Nakuru,Locally Used,2012499
Honda,Fit,2020,108641,1500 cc,Manual,Petrol,Kisumu,Locally Used,1762500
BMW,X3,2021,108814,2000 cc,Automatic,Diesel,Nairobi,Foreign Used,5040000
Audi,A4,2022,108987,2000 cc,Automatic,Diesel,Mombasa,Foreign Used,4777500
Toyota,Premio,2008,109160,1800 cc,Automatic,Petrol,Nairobi,Foreign Used,1575000
Subaru,Outback,2009,109333,2500 cc,Automatic,Petrol,Nairobi,Locally Used,1860000
Mazda,CX-5,2010,109506,2200 cc,Automatic,Diesel,Mombasa,Foreign Used,2280000
Mercedes-Benz,C200,2011,109679,2000 cc,Automatic,Petrol,Nairobi,Foreign Used,2887500
Nissan,X-Trail,2012,109852,2000 cc,Automatic,Petrol,Nakuru,Locally Used,1487500
Honda,Fit,2013,110025,1500 cc,Manual,Petrol,Kisumu,Locally Used,1312500
BMW,X3,2014,110198,2000 cc,Automatic,Diesel,Nairobi,Foreign Used,3780000
Audi,A4,2015,110371,2000 cc,Automatic,Diesel,Mombasa,Foreign Used,3607500
Toyota,Premio,2016,110544,1800 cc,Automatic,Petrol,Nairobi,Foreign Used,1995000
Subaru,Outback,2017,110717,2500 cc,Automatic,Petrol,Nairobi,Locally Used,2340000
Mazda,CX-5,2018,110890,2200 cc,Automatic,Diesel,Mombasa,Foreign Used,2850000
Mercedes-Benz,C200,2019,111063,2000 cc,Automatic,Petrol,Nairobi,Foreign Used,3587499
Nissan,X-Trail,2020,111236,2000 cc,Automatic,Petrol,Nakuru,Locally Used,1837500
Honda,Fit,2021,111409,1500 cc,Manual,Petrol,Kisumu,Locally Used,1612500
BMW,X3,2022,111582,2000 cc,Automatic,Diesel,Nairobi,Foreign Used,4620000
Audi,A4,2008,111755,2000 cc,Automatic,Diesel,Mombasa,Foreign Used,4387500
Toyota,Premio,2009,111928,1800 cc,Automatic,Petrol,Nairobi,Foreign Used,2415000
Subaru,Outback,2010,112101,2500 cc,Automatic,Petrol,Nairobi,Locally Used,2820000
Mazda,CX-5,2011,112274,2200 cc,Automatic,Diesel,Mombasa,Foreign Used,3420000
Mercedes-Benz,C200,2012,112447,2000 cc,Automatic,Petrol,Nairobi,Foreign Used,4287500
Nissan,X-Trail,2013,112620,2000 cc,Automatic,Petrol,Nakuru,Locally Used,1312500
Honda,Fit,2014,112793,1500 cc,Manual,Petrol,Kisumu,Locally Used,1162500
BMW,X3,2015,112966,2000 cc,Automatic,Diesel,Nairobi,Foreign Used,3360000
Audi,A4,2016,113139,2000 cc,Automatic,Diesel,Mombasa,Foreign Used,3217500
Toyota,Premio,2017,113312,1800 cc,Automatic,Petrol,Nairobi,Foreign Used,1785000
Subaru,Outback,2018,113485,2500 cc,Automatic,Petrol,Nairobi,Locally Used,2100000
Mazda,CX-5,2019,113658,2200 cc,Automatic,Diesel,Mombasa,Foreign Used,2565000
Mercedes-Benz,C200,2020,113831,2000 cc,Automatic,Petrol,Nairobi,Foreign Used,3237500
Nissan,X-Trail,2021,114004,2000 cc,Automatic,Petrol,Nakuru,Locally Used,1662500
Honda,Fit,2022,114177,1500 cc,Manual,Petrol,Kisumu,Locally Used,1462500
BMW,X3,2008,114350,2000 cc,Automatic,Diesel,Nairobi,Foreign Used,4200000
Audi,A4,2009,114523,2000 cc,Automatic,Diesel,Mombasa,Foreign Used,3997499
Toyota,Premio,2010,114696,1800 cc,Automatic,Petrol,Nairobi,Foreign Used,2205000
Subaru,Outback,2011,114869,2500 cc,Automatic,Petrol,Nairobi,Locally Used,2580000
Mazda,CX-5,2012,115042,2200 cc,Automatic,Diesel,Mombasa,Foreign Used,3135000
Mercedes-Benz,C200,2013,115215,2000 cc,Automatic,Petrol,Nairobi,Foreign Used,3937500
Nissan,X-Trail,2014,115388,2000 cc,Automatic,Petrol,Nakuru,Locally Used,2012499
Honda,Fit,2015,115561,1500 cc,Manual,Petrol,Kisumu,Locally Used,1762500
BMW,X3,2016,115734,2000 cc,Automatic,Diesel,Nairobi,Foreign Used,5040000
Audi,A4,2017,115907,2000 cc,Automatic,Diesel,Mombasa,Foreign Used,4777500
Toyota,Premio,2018,116080,1800 cc,Automatic,Petrol,Nairobi,Foreign Used,1575000
Subaru,Outback,2019,116253,2500 cc,Automatic,Petrol,Nairobi,Locally Used,1860000
Mazda,CX-5,2020,116426,2200 cc,Automatic,Diesel,Mombasa,Foreign Used,2280000
Mercedes-Benz,C200,2021,116599,2000 cc,Automatic,Petrol,Nairobi,Foreign Used,2887500
Nissan,X-Trail,2022,116772,2000 cc,Automatic,Petrol,Nakuru,Locally Used,1487500
Honda,Fit,2008,116945,1500 cc,Manual,Petrol,Kisumu,Locally Used,1312500
BMW,X3,2009,117118,2000 cc,Automatic,Diesel,Nairobi,Foreign Used,3780000
Audi,A4,2010,117291,2000 cc,Automatic,Diesel,Mombasa,Foreign Used,3607500
Toyota,Premio,2011,117464,1800 cc,Automatic,Petrol,Nairobi,Foreign Used,1995000
Subaru,Outback,2012,117637,2500 cc,Automatic,Petrol,Nairobi,Locally Used,2340000
Mazda,CX-5,2013,117810,2200 cc,Automatic,Diesel,Mombasa,Foreign Used,2850000
Mercedes-Benz,C200,2014,117983,2000 cc,Automatic,Petrol,Nairobi,Foreign Used,3587499
Nissan,X-Trail,2015,118156,2000 cc,Automatic,Petrol,Nakuru,Locally Used,1837500
Honda,Fit,2016,118329,1500 cc,Manual,Petrol,Kisumu,Locally Used,1612500
BMW,X3,2017,118502,2000 cc,Automatic,Diesel,Nairobi,Foreign Used,4620000
Audi,A4,2018,118675,2000 cc,Automatic,Diesel,Mombasa,Foreign Used,4387500
Toyota,Premio,2019,118848,1800 cc,Automatic,Petrol,Nairobi,Foreign Used,2415000
Subaru,Outback,2020,119021,2500 cc,Automatic,Petrol,Nairobi,Locally Used,2820000
Mazda,CX-5,2021,119194,2200 cc,Automatic,Diesel,Mombasa,Foreign Used,3420000
Mercedes-Benz,C200,2022,119367,2000 cc,Automatic,Petrol,Nairobi,Foreign Used,4287500
Nissan,X-Trail,2008,119540,2000 cc,Automatic,Petrol,Nakuru,Locally Used,1312500
Honda,Fit,2009,119713,1500 cc,Manual,Petrol,Kisumu,Locally Used,1162500
BMW,X3,2010,119886,2000 cc,Automatic,Diesel,Nairobi,Foreign Used,3360000
Audi,A4,2011,120059,2000 cc,Automatic,Diesel,Mombasa,Foreign Used,3217500
Toyota,Premio,2012,120232,1800 cc,Automatic,Petrol,Nairobi,Foreign Used,1785000
Subaru,Outback,2013,120405,2500 cc,Automatic,Petrol,Nairobi,Locally Used,2100000
Mazda,CX-5,2014,120578,2200 cc,Automatic,Diesel,Mombasa,Foreign Used,2565000
Mercedes-Benz,C200,2015,120751,2000 cc,Automatic,Petrol,Nairobi,Foreign Used,3237500
Nissan,X-Trail,2016,120924,2000 cc,Automatic,Petrol,Nakuru,Locally Used,1662500
Honda,Fit,2017,121097,1500 cc,Manual,Petrol,Kisumu,Locally Used,1462500
BMW,X3,2018,121270,2000 cc,Automatic,Diesel,Nairobi,Foreign Used,4200000
Audi,A4,2019,121443,2000 cc,Automatic,Diesel,Mombasa,Foreign Used,3997499
Toyota,Premio,2020,121616,1800 cc,Automatic,Petrol,Nairobi,Foreign Used,2205000
Subaru,Outback,2021,121789,2500 cc,Automatic,Petrol,Nairobi,Locally Used,2580000
Mazda,CX-5,2022,121962,2200 cc,Automatic,Diesel,Mombasa,Foreign Used,3135000
Mercedes-Benz,C200,2008,122135,2000 cc,Automatic,Petrol,Nairobi,Foreign Used,3937500
Nissan,X-Trail,2009,122308,2000 cc,Automatic,Petrol,Nakuru,Locally Used,2012499
Honda,Fit,2010,122481,1500 cc,Manual,Petrol,Kisumu,Locally Used,1762500
BMW,X3,2011,122654,2000 cc,Automatic,Diesel,Nairobi,Foreign Used,5040000
Audi,A4,2012,122827,2000 cc,Automatic,Diesel,Mombasa,Foreign Used,4777500
Toyota,Premio,2013,123000,1800 cc,Automatic,Petrol,Nairobi,Foreign Used,1575000
Subaru,Outback,2014,123173,2500 cc,Automatic,Petrol,Nairobi,Locally Used,1860000
Mazda,CX-5,2015,123346,2200 cc,Automatic,Diesel,Mombasa,Foreign Used,2280000
Mercedes-Benz,C200,2016,123519,2000 cc,Automatic,Petrol,Nairobi,Foreign Used,2887500
Nissan,X-Trail,2017,123692,2000 cc,Automatic,Petrol,Nakuru,Locally Used,1487500
Honda,Fit,2018,123865,1500 cc,Manual,Petrol,Kisumu,Locally Used,1312500
BMW,X3,2019,124038,2000 cc,Automatic,Diesel,Nairobi,Foreign Used,3780000
Audi,A4,2020,124211,2000 cc,Automatic,Diesel,Mombasa,Foreign Used,3607500
Toyota,Premio,2021,124384,1800 cc,Automatic,Petrol,Nairobi,Foreign Used,1995000
Subaru,Outback,2022,124557,2500 cc,Automatic,Petrol,Nairobi,Locally Used,2340000
Mazda,CX-5,2008,124730,2200 cc,Automatic,Diesel,Mombasa,Foreign Used,2850000
Mercedes-Benz,C200,2009,124903,2000 cc,Automatic,Petrol,Nairobi,Foreign Used,3587499
Nissan,X-Trail,2010,125076,2000 cc,Automatic,Petrol,Nakuru,Locally Used,1837500
Honda,Fit,2011,125249,1500 cc,Manual,Petrol,Kisumu,Locally Used,1612500
BMW,X3,2012,125422,2000 cc,Automatic,Diesel,Nairobi,Foreign Used,4620000
Audi,A4,2013,125595,2000 cc,Automatic,Diesel,Mombasa,Foreign Used,4387500
Toyota,Premio,2014,125768,1800 cc,Automatic,Petrol,Nairobi,Foreign Used,2415000
Subaru,Outback,2015,125941,2500 cc,Automatic,Petrol,Nairobi,Locally Used,2820000
Mazda,CX-5,2016,126114,2200 cc,Automatic,Diesel,Mombasa,Foreign Used,3420000
Mercedes-Benz,C200,2017,126287,2000 cc,Automatic,Petrol,Nairobi,Foreign Used,4287500
Nissan,X-Trail,2018,126460,2000 cc,Automatic,Petrol,Nakuru,Locally Used,1312500
Honda,Fit,2019,126633,1500 cc,Manual,Petrol,Kisumu,Locally Used,1162500
BMW,X3,2020,126806,2000 cc,Automatic,Diesel,Nairobi,Foreign Used,3360000
Audi,A4,2021,126979,2000 cc,Automatic,Diesel,Mombasa,Foreign Used,3217500
Toyota,Premio,2022,127152,1800 cc,Automatic,Petrol,Nairobi,Foreign Used,1785000
Subaru,Outback,2008,127325,2500 cc,Automatic,Petrol,Nairobi,Locally Used,2100000
Mazda,CX-5,2009,127498,2200 cc,Automatic,Diesel,Mombasa,Foreign Used,2565000
Mercedes-Benz,C200,2010,127671,2000 cc,Automatic,Petrol,Nairobi,Foreign Used,3237500
Nissan,X-Trail,2011,127844,2000 cc,Automatic,Petrol,Nakuru,Locally Used,1662500
Honda,Fit,2012,128017,1500 cc,Manual,Petrol,Kisumu,Locally Used,1462500
BMW,X3,2013,128190,2000 cc,Automatic,Diesel,Nairobi,Foreign Used,4200000
Audi,A4,2014,128363,2000 cc,Automatic,Diesel,Mombasa,Foreign Used,3997499
Toyota,Premio,2015,128536,1800 cc,Automatic,Petrol,Nairobi,Foreign Used,2205000
Subaru,Outback,2016,128709,2500 cc,Automatic,Petrol,Nairobi,Locally Used,2580000
Mazda,CX-5,2017,128882,2200 cc,Automatic,Diesel,Mombasa,Foreign Used,3135000
Mercedes-Benz,C200,2018,129055,2000 cc,Automatic,Petrol,Nairobi,Foreign Used,3937500
Nissan,X-Trail,2019,129228,2000 cc,Automatic,Petrol,Nakuru,Locally Used,2012499
Honda,Fit,2020,129401,1500 cc,Manual,Petrol,Kisumu,Locally Used,1762500
BMW,X3,2021,129574,2000 cc,Automatic,Diesel,Nairobi,Foreign Used,5040000
Audi,A4,2022,129747,2000 cc,Automatic,Diesel,Mombasa,Foreign Used,4777500
Toyota,Premio,2008,129920,1800 cc,Automatic,Petrol,Nairobi,Foreign Used,1575000
Subaru,Outback,2009,130093,2500 cc,Automatic,Petrol,Nairobi,Locally Used,1860000
Mazda,CX-5,2010,130266,2200 cc,Automatic,Diesel,Mombasa,Foreign Used,2280000
Mercedes-Benz,C200,2011,130439,2000 cc,Automatic,Petrol,Nairobi,Foreign Used,2887500
Nissan,X-Trail,2012,130612,2000 cc,Automatic,Petrol,Nakuru,Locally Used,1487500
Honda,Fit,2013,130785,1500 cc,Manual,Petrol,Kisumu,Locally Used,1312500
BMW,X3,2014,130958,2000 cc,Automatic,Diesel,Nairobi,Foreign Used,3780000
Audi,A4,2015,131131,2000 cc,Automatic,Diesel,Mombasa,Foreign Used,3607500
Toyota,Premio,2016,131304,1800 cc,Automatic,Petrol,Nairobi,Foreign Used,1995000
Subaru,Outback,2017,131477,2500 cc,Automatic,Petrol,Nairobi,Locally Used,2340000
Mazda,CX-5,2018,131650,2200 cc,Automatic,Diesel,Mombasa,Foreign Used,2850000
Mercedes-Benz,C200,2019,131823,2000 cc,Automatic,Petrol,Nairobi,Foreign Used,3587499
Nissan,X-Trail,2020,131996,2000 cc,Automatic,Petrol,Nakuru,Locally Used,1837500
Honda,Fit,2021,132169,1500 cc,Manual,Petrol,Kisumu,Locally Used,1612500
BMW,X3,2022,132342,2000 cc,Automatic,Diesel,Nairobi,Foreign Used,4620000
Audi,A4,2008,132515,2000 cc,Automatic,Diesel,Mombasa,Foreign Used,4387500
Toyota,Premio,2009,132688,1800 cc,Automatic,Petrol,Nairobi,Foreign Used,2415000
Subaru,Outback,2010,132861,2500 cc,Automatic,Petrol,Nairobi,Locally Used,2820000
Mazda,CX-5,2011,133034,2200 cc,Automatic,Diesel,Mombasa,Foreign Used,3420000
Mercedes-Benz,C200,2012,133207,2000 cc,Automatic,Petrol,Nairobi,Foreign Used,4287500
Nissan,X-Trail,2013,133380,2000 cc,Automatic,Petrol,Nakuru,Locally Used,1312500
Honda,Fit,2014,133553,1500 cc,Manual,Petrol,Kisumu,Locally Used,1162500
BMW,X3,2015,133726,2000 cc,Automatic,Diesel,Nairobi,Foreign Used,3360000
Audi,A4,2016,133899,2000 cc,Automatic,Diesel,Mombasa,Foreign Used,3217500
Toyota,Premio,2017,134072,1800 cc,Automatic,Petrol,Nairobi,Foreign Used,1785000
Subaru,Outback,2018,134245,2500 cc,Automatic,Petrol,Nairobi,Locally Used,2100000
Mazda,CX-5,2019,134418,2200 cc,Automatic,Diesel,Mombasa,Foreign Used,2565000
Mercedes-Benz,C200,2020,134591,2000 cc,Automatic,Petrol,Nairobi,Foreign Used,3237500
Nissan,X-Trail,2021,134764,2000 cc,Automatic,Petrol,Nakuru,Locally Used,1662500
Honda,Fit,2022,134937,1500 cc,Manual,Petrol,Kisumu,Locally Used,1462500
BMW,X3,2008,135110,2000 cc,Automatic,Diesel,Nairobi,Foreign Used,4200000
Audi,A4,2009,135283,2000 cc,Automatic,Diesel,Mombasa,Foreign Used,3997499
Toyota,Premio,2010,135456,1800 cc,Automatic,Petrol,Nairobi,Foreign Used,2205000
Subaru,Outback,2011,135629,2500 cc,Automatic,Petrol,Nairobi,Locally Used,2580000
Mazda,CX-5,2012,135802,2200 cc,Automatic,Diesel,Mombasa,Foreign Used,3135000
Mercedes-Benz,C200,2013,135975,2000 cc,Automatic,Petrol,Nairobi,Foreign Used,3937500
Nissan,X-Trail,2014,136148,2000 cc,Automatic,Petrol,Nakuru,Locally Used,2012499
Honda,Fit,2015,136321,1500 cc,Manual,Petrol,Kisumu,Locally Used,1762500
BMW,X3,2016,136494,2000 cc,Automatic,Diesel,Nairobi,Foreign Used,5040000
Audi,A4,2017,136667,2000 cc,Automatic,Diesel,Mombasa,Foreign Used,4777500
Toyota,Premio,2018,136840,1800 cc,Automatic,Petrol,Nairobi,Foreign Used,1575000
Subaru,Outback,2019,137013,2500 cc,Automatic,Petrol,Nairobi,Locally Used,1860000
Mazda,CX-5,2020,137186,2200 cc,Automatic,Diesel,Mombasa,Foreign Used,2280000
Mercedes-Benz,C200,2021,137359,2000 cc,Automatic,Petrol,Nairobi,Foreign Used,2887500
Nissan,X-Trail,2022,137532,2000 cc,Automatic,Petrol,Nakuru,Locally Used,1487500
Honda,Fit,2008,137705,1500 cc,Manual,Petrol,Kisumu,Locally Used,1312500
BMW,X3,2009,137878,2000 cc,Automatic,Diesel,Nairobi,Foreign Used,3780000
Audi,A4,2010,138051,2000 cc,Automatic,Diesel,Mombasa,Foreign Used,3607500
Toyota,Premio,2011,138224,1800 cc,Automatic,Petrol,Nairobi,Foreign Used,1995000
Subaru,Outback,2012,138397,2500 cc,Automatic,Petrol,Nairobi,Locally Used,2340000
Mazda,CX-5,2013,138570,2200 cc,Automatic,Diesel,Mombasa,Foreign Used,2850000
Mercedes-Benz,C200,2014,138743,2000 cc,Automatic,Petrol,Nairobi,Foreign Used,3587499
Nissan,X-Trail,2015,138916,2000 cc,Automatic,Petrol,Nakuru,Locally Used,1837500
Honda,Fit,2016,139089,1500 cc,Manual,Petrol,Kisumu,Locally Used,1612500
BMW,X3,2017,139262,2000 cc,Automatic,Diesel,Nairobi,Foreign Used,4620000
Audi,A4,2018,139435,2000 cc,Automatic,Diesel,Mombasa,Foreign Used,4387500
Toyota,Premio,2019,139608,1800 cc,Automatic,Petrol,Nairobi,Foreign Used,2415000
Subaru,Outback,2020,139781,2500 cc,Automatic,Petrol,Nairobi,Locally Used,2820000
Mazda,CX-5,2021,139954,2200 cc,Automatic,Diesel,Mombasa,Foreign Used,3420000
Mercedes-Benz,C200,2022,140127,2000 cc,Automatic,Petrol,Nairobi,Foreign Used,4287500
Nissan,X-Trail,2008,140300,2000 cc,Automatic,Petrol,Nakuru,Locally Used,1312500
Honda,Fit,2009,140473,1500 cc,Manual,Petrol,Kisumu,Locally Used,1162500
BMW,X3,2010,140646,2000 cc,Automatic,Diesel,Nairobi,Foreign Used,3360000
Audi,A4,2011,140819,2000 cc,Automatic,Diesel,Mombasa,Foreign Used,3217500
Toyota,Premio,2012,140992,1800 cc,Automatic,Petrol,Nairobi,Foreign Used,1785000
Subaru,Outback,2013,141165,2500 cc,Automatic,Petrol,Nairobi,Locally Used,2100000
Mazda,CX-5,2014,141338,2200 cc,Automatic,Diesel,Mombasa,Foreign Used,2565000
Mercedes-Benz,C200,2015,141511,2000 cc,Automatic,Petrol,Nairobi,Foreign Used,3237500
Nissan,X-Trail,2016,141684,2000 cc,Automatic,Petrol,Nakuru,Locally Used,1662500
Honda,Fit,2017,141857,1500 cc,Manual,Petrol,Kisumu,Locally Used,1462500
BMW,X3,2018,142030,2000 cc,Automatic,Diesel,Nairobi,Foreign Used,4200000
Audi,A4,2019,142203,2000 cc,Automatic,Diesel,Mombasa,Foreign Used,3997499
Toyota,Premio,2020,142376,1800 cc,Automatic,Petrol,Nairobi,Foreign Used,2205000
Subaru,Outback,2021,142549,2500 cc,Automatic,Petrol,Nairobi,Locally Used,2580000
Mazda,CX-5,2022,142722,2200 cc,Automatic,Diesel,Mombasa,Foreign Used,3135000
Mercedes-Benz,C200,2008,142895,2000 cc,Automatic,Petrol,Nairobi,Foreign Used,3937500
Nissan,X-Trail,2009,143068,2000 cc,Automatic,Petrol,Nakuru,Locally Used,2012499
Honda,Fit,2010,143241,1500 cc,Manual,Petrol,Kisumu,Locally Used,1762500
BMW,X3,2011,143414,2000 cc,Automatic,Diesel,Nairobi,Foreign Used,5040000
Audi,A4,2012,143587,2000 cc,Automatic,Diesel,Mombasa,Foreign Used,4777500
Toyota,Premio,2013,143760,1800 cc,Automatic,Petrol,Nairobi,Foreign Used,1575000
Subaru,Outback,2014,143933,2500 cc,Automatic,Petrol,Nairobi,Locally Used,1860000
Mazda,CX-5,2015,144106,2200 cc,Automatic,Diesel,Mombasa,Foreign Used,2280000
Mercedes-Benz,C200,2016,144279,2000 cc,Automatic,Petrol,Nairobi,Foreign Used,2887500
Nissan,X-Trail,2017,144452,2000 cc,Automatic,Petrol,Nakuru,Locally Used,1487500
Honda,Fit,2018,144625,1500 cc,Manual,Petrol,Kisumu,Locally Used,1312500
BMW,X3,2019,144798,2000 cc,Automatic,Diesel,Nairobi,Foreign Used,3780000
Audi,A4,2020,144971,2000 cc,Automatic,Diesel,Mombasa,Foreign Used,3607500
Toyota,Premio,2021,145144,1800 cc,Automatic,Petrol,Nairobi,Foreign Used,1995000
Subaru,Outback,2022,145317,2500 cc,Automatic,Petrol,Nairobi,Locally Used,2340000
Mazda,CX-5,2008,145490,2200 cc,Automatic,Diesel,Mombasa,Foreign Used,2850000
Mercedes-Benz,C200,2009,145663,2000 cc,Automatic,Petrol,Nairobi,Foreign Used,3587499
Nissan,X-Trail,2010,145836,2000 cc,Automatic,Petrol,Nakuru,Locally Used,1837500
Honda,Fit,2011,146009,1500 cc,Manual,Petrol,Kisumu,Locally Used,1612500
BMW,X3,2012,146182,2000 cc,Automatic,Diesel,Nairobi,Foreign Used,4620000
Audi,A4,2013,146355,2000 cc,Automatic,Diesel,Mombasa,Foreign Used,4387500
Toyota,Premio,2014,146528,1800 cc,Automatic,Petrol,Nairobi,Foreign Used,2415000
Subaru,Outback,2015,146701,2500 cc,Automatic,Petrol,Nairobi,Locally Used,2820000
Mazda,CX-5,2016,146874,2200 cc,Automatic,Diesel,Mombasa,Foreign Used,3420000
Mercedes-Benz,C200,2017,147047,2000 cc,Automatic,Petrol,Nairobi,Foreign Used,4287500
Nissan,X-Trail,2018,147220,2000 cc,Automatic,Petrol,Nakuru,Locally Used,1312500
Honda,Fit,2019,147393,1500 cc,Manual,Petrol,Kisumu,Locally Used,1162500
BMW,X3,2020,147566,2000 cc,Automatic,Diesel,Nairobi,Foreign Used,3360000
Audi,A4,2021,147739,2000 cc,Automatic,Diesel,Mombasa,Foreign Used,3217500
Toyota,Premio,2022,147912,1800 cc,Automatic,Petrol,Nairobi,Foreign Used,1785000
Subaru,Outback,2008,148085,2500 cc,Automatic,Petrol,Nairobi,Locally Used,2100000
Mazda,CX-5,2009,148258,2200 cc,Automatic,Diesel,Mombasa,Foreign Used,2565000
Mercedes-Benz,C200,2010,148431,2000 cc,Automatic,Petrol,Nairobi,Foreign Used,3237500
Nissan,X-Trail,2011,148604,2000 cc,Automatic,Petrol,Nakuru,Locally Used,1662500
Honda,Fit,2012,148777,1500 cc,Manual,Petrol,Kisumu,Locally Used,1462500
BMW,X3,2013,148950,2000 cc,Automatic,Diesel,Nairobi,Foreign Used,4200000
Audi,A4,2014,149123,2000 cc,Automatic,Diesel,Mombasa,Foreign Used,3997499
Toyota,Premio,2015,149296,1800 cc,Automatic,Petrol,Nairobi,Foreign Used,2205000
Subaru,Outback,2016,149469,2500 cc,Automatic,Petrol,Nairobi,Locally Used,2580000
Mazda,CX-5,2017,149642,2200 cc,Automatic,Diesel,Mombasa,Foreign Used,3135000
Mercedes-Benz,C200,2018,149815,2000 cc,Automatic,Petrol,Nairobi,Foreign Used,3937500
Nissan,X-Trail,2019,149988,2000 cc,Automatic,Petrol,Nakuru,Locally Used,2012499
Honda,Fit,2020,150161,1500 cc,Manual,Petrol,Kisumu,Locally Used,1762500
BMW,X3,2021,150334,2000 cc,Automatic,Diesel,Nairobi,Foreign Used,5040000
Audi,A4,2022,150507,2000 cc,Automatic,Diesel,Mombasa,Foreign Used,4777500
Toyota,Premio,2008,150680,1800 cc,Automatic,Petrol,Nairobi,Foreign Used,1575000
Subaru,Outback,2009,150853,2500 cc,Automatic,Petrol,Nairobi,Locally Used,1860000
Mazda,CX-5,2010,151026,2200 cc,Automatic,Diesel,Mombasa,Foreign Used,2280000
Mercedes-Benz,C200,2011,151199,2000 cc,Automatic,Petrol,Nairobi,Foreign Used,2887500
Nissan,X-Trail,2012,151372,2000 cc,Automatic,Petrol,Nakuru,Locally Used,1487500
Honda,Fit,2013,151545,1500 cc,Manual,Petrol,Kisumu,Locally Used,1312500
BMW,X3,2014,151718,2000 cc,Automatic,Diesel,Nairobi,Foreign Used,3780000
Audi,A4,2015,151891,2000 cc,Automatic,Diesel,Mombasa,Foreign Used,3607500
Toyota,Premio,2016,152064,1800 cc,Automatic,Petrol,Nairobi,Foreign Used,1995000
Subaru,Outback,2017,152237,2500 cc,Automatic,Petrol,Nairobi,Locally Used,2340000
Mazda,CX-5,2018,152410,2200 cc,Automatic,Diesel,Mombasa,Foreign Used,2850000
Mercedes-Benz,C200,2019,152583,2000 cc,Automatic,Petrol,Nairobi,Foreign Used,3587499
Nissan,X-Trail,2020,152756,2000 cc,Automatic,Petrol,Nakuru,Locally Used,1837500
Honda,Fit,2021,152929,1500 cc,Manual,Petrol,Kisumu,Locally Used,1612500
BMW,X3,2022,153102,2000 cc,Automatic,Diesel,Nairobi,Foreign Used,4620000
Audi,A4,2008,153275,2000 cc,Automatic,Diesel,Mombasa,Foreign Used,4387500
Toyota,Premio,2009,153448,1800 cc,Automatic,Petrol,Nairobi,Foreign Used,2415000
Subaru,Outback,2010,153621,2500 cc,Automatic,Petrol,Nairobi,Locally Used,2820000
Mazda,CX-5,2011,153794,2200 cc,Automatic,Diesel,Mombasa,Foreign Used,3420000
Mercedes-Benz,C200,2012,153967,2000 cc,Automatic,Petrol,Nairobi,Foreign Used,4287500
Nissan,X-Trail,2013,154140,2000 cc,Automatic,Petrol,Nakuru,Locally Used,1312500
Honda,Fit,2014,154313,1500 cc,Manual,Petrol,Kisumu,Locally Used,1162500
BMW,X3,2015,154486,2000 cc,Automatic,Diesel,Nairobi,Foreign Used,3360000
Audi,A4,2016,154659,2000 cc,Automatic,Diesel,Mombasa,Foreign Used,3217500
Toyota,Premio,2017,154832,1800 cc,Automatic,Petrol,Nairobi,Foreign Used,1785000
Subaru,Outback,2018,155005,2500 cc,Automatic,Petrol,Nairobi,Locally Used,2100000
Mazda,CX-5,2019,155178,2200 cc,Automatic,Diesel,Mombasa,Foreign Used,2565000
Mercedes-Benz,C200,2020,155351,2000 cc,Automatic,Petrol,Nairobi,Foreign Used,3237500
Nissan,X-Trail,2021,155524,2000 cc,Automatic,Petrol,Nakuru,Locally Used,1662500
Honda,Fit,2022,155697,1500 cc,Manual,Petrol,Kisumu,Locally Used,1462500
BMW,X3,2008,155870,2000 cc,Automatic,Diesel,Nairobi,Foreign Used,4200000
Audi,A4,2009,156043,2000 cc,Automatic,Diesel,Mombasa,Foreign Used,3997499
Toyota,Premio,2010,156216,1800 cc,Automatic,Petrol,Nairobi,Foreign Used,2205000
Subaru,Outback,2011,156389,2500 cc,Automatic,Petrol,Nairobi,Locally Used,2580000
Mazda,CX-5,2012,156562,2200 cc,Automatic,Diesel,Mombasa,Foreign Used,3135000
Mercedes-Benz,C200,2013,156735,2000 cc,Automatic,Petrol,Nairobi,Foreign Used,3937500
Nissan,X-Trail,2014,156908,2000 cc,Automatic,Petrol,Nakuru,Locally Used,2012499
Honda,Fit,2015,157081,1500 cc,Manual,Petrol,Kisumu,Locally Used,1762500
BMW,X3,2016,157254,2000 cc,Automatic,Diesel,Nairobi,Foreign Used,5040000
Audi,A4,2017,157427,2000 cc,Automatic,Diesel,Mombasa,Foreign Used,4777500
Toyota,Premio,2018,157600,1800 cc,Automatic,Petrol,Nairobi,Foreign Used,1575000
Subaru,Outback,2019,157773,2500 cc,Automatic,Petrol,Nairobi,Locally Used,1860000
Mazda,CX-5,2020,157946,2200 cc,Automatic,Diesel,Mombasa,Foreign Used,2280000
Mercedes-Benz,C200,2021,158119,2000 cc,Automatic,Petrol,Nairobi,Foreign Used,2887500
Nissan,X-Trail,2022,158292,2000 cc,Automatic,Petrol,Nakuru,Locally Used,1487500
Honda,Fit,2008,158465,1500 cc,Manual,Petrol,Kisumu,Locally Used,1312500
BMW,X3,2009,158638,2000 cc,Automatic,Diesel,Nairobi,Foreign Used,3780000
Audi,A4,2010,158811,2000 cc,Automatic,Diesel,Mombasa,Foreign Used,3607500
Toyota,Premio,2011,158984,1800 cc,Automatic,Petrol,Nairobi,Foreign Used,1995000
Subaru,Outback,2012,159157,2500 cc,Automatic,Petrol,Nairobi,Locally Used,2340000
Mazda,CX-5,2013,159330,2200 cc,Automatic,Diesel,Mombasa,Foreign Used,2850000
Mercedes-Benz,C200,2014,159503,2000 cc,Automatic,Petrol,Nairobi,Foreign Used,3587499
Nissan,X-Trail,2015,159676,2000 cc,Automatic,Petrol,Nakuru,Locally Used,1837500
Honda,Fit,2016,159849,1500 cc,Manual,Petrol,Kisumu,Locally Used,1612500
BMW,X3,2017,160022,2000 cc,Automatic,Diesel,Nairobi,Foreign Used,4620000
Audi,A4,2018,160195,2000 cc,Automatic,Diesel,Mombasa,Foreign Used,4387500
Toyota,Premio,2019,160368,1800 cc,Automatic,Petrol,Nairobi,Foreign Used,2415000
Subaru,Outback,2020,160541,2500 cc,Automatic,Petrol,Nairobi,Locally Used,2820000
Mazda,CX-5,2021,160714,2200 cc,Automatic,Diesel,Mombasa,Foreign Used,3420000
Mercedes-Benz,C200,2022,160887,2000 cc,Automatic,Petrol,Nairobi,Foreign Used,4287500
Nissan,X-Trail,2008,161060,2000 cc,Automatic,Petrol,Nakuru,Locally Used,1312500
Honda,Fit,2009,161233,1500 cc,Manual,Petrol,Kisumu,Locally Used,1162500
BMW,X3,2010,161406,2000 cc,Automatic,Diesel,Nairobi,Foreign Used,3360000
Audi,A4,2011,161579,2000 cc,Automatic,Diesel,Mombasa,Foreign Used,3217500
Toyota,Premio,2012,161752,1800 cc,Automatic,Petrol,Nairobi,Foreign Used,1785000
Subaru,Outback,2013,161925,2500 cc,Automatic,Petrol,Nairobi,Locally Used,2100000
Mazda,CX-5,2014,162098,2200 cc,Automatic,Diesel,Mombasa,Foreign Used,2565000
Mercedes-Benz,C200,2015,162271,2000 cc,Automatic,Petrol,Nairobi,Foreign Used,3237500
Nissan,X-Trail,2016,162444,2000 cc,Automatic,Petrol,Nakuru,Locally Used,1662500
Honda,Fit,2017,162617,1500 cc,Manual,Petrol,Kisumu,Locally Used,1462500
BMW,X3,2018,162790,2000 cc,Automatic,Diesel,Nairobi,Foreign Used,4200000
Audi,A4,2019,162963,2000 cc,Automatic,Diesel,Mombasa,Foreign Used,3997499
Toyota,Premio,2020,163136,1800 cc,Automatic,Petrol,Nairobi,Foreign Used,2205000
Subaru,Outback,2021,163309,2500 cc,Automatic,Petrol,Nairobi,Locally Used,2580000
Mazda,CX-5,2022,163482,2200 cc,Automatic,Diesel,Mombasa,Foreign Used,3135000
Mercedes-Benz,C200,2008,163655,2000 cc,Automatic,Petrol,Nairobi,Foreign Used,3937500
Nissan,X-Trail,2009,163828,2000 cc,Automatic,Petrol,Nakuru,Locally Used,2012499
Honda,Fit,2010,164001,1500 cc,Manual,Petrol,Kisumu,Locally Used,1762500
BMW,X3,2011,164174,2000 cc,Automatic,Diesel,Nairobi,Foreign Used,5040000
Audi,A4,2012,164347,2000 cc,Automatic,Diesel,Mombasa,Foreign Used,4777500
Toyota,Premio,2013,164520,1800 cc,Automatic,Petrol,Nairobi,Foreign Used,1575000
Subaru,Outback,2014,164693,2500 cc,Automatic,Petrol,Nairobi,Locally Used,1860000
Mazda,CX-5,2015,164866,2200 cc,Automatic,Diesel,Mombasa,Foreign Used,2280000
Mercedes-Benz,C200,2016,165039,2000 cc,Automatic,Petrol,Nairobi,Foreign Used,2887500
Nissan,X-Trail,2017,165212,2000 cc,Automatic,Petrol,Nakuru,Locally Used,1487500
Honda,Fit,2018,165385,1500 cc,Manual,Petrol,Kisumu,Locally Used,1312500
BMW,X3,2019,165558,2000 cc,Automatic,Diesel,Nairobi,Foreign Used,3780000
Audi,A4,2020,165731,2000 cc,Automatic,Diesel,Mombasa,Foreign Used,3607500
Toyota,Premio,2021,165904,1800 cc,Automatic,Petrol,Nairobi,Foreign Used,1995000
Subaru,Outback,2022,166077,2500 cc,Automatic,Petrol,Nairobi,Locally Used,2340000
Mazda,CX-5,2008,166250,2200 cc,Automatic,Diesel,Mombasa,Foreign Used,2850000
Mercedes-Benz,C200,2009,166423,2000 cc,Automatic,Petrol,Nairobi,Foreign Used,3587499
Nissan,X-Trail,2010,166596,2000 cc,Automatic,Petrol,Nakuru,Locally Used,1837500
Honda,Fit,2011,166769,1500 cc,Manual,Petrol,Kisumu,Locally Used,1612500
BMW,X3,2012,166942,2000 cc,Automatic,Diesel,Nairobi,Foreign Used,4620000
Audi,A4,2013,167115,2000 cc,Automatic,Diesel,Mombasa,Foreign Used,4387500
Toyota,Premio,2014,167288,1800 cc,Automatic,Petrol,Nairobi,Foreign Used,2415000
Subaru,Outback,2015,167461,2500 cc,Automatic,Petrol,Nairobi,Locally Used,2820000
Mazda,CX-5,2016,167634,2200 cc,Automatic,Diesel,Mombasa,Foreign Used,3420000
Mercedes-Benz,C200,2017,167807,2000 cc,Automatic,Petrol,Nairobi,Foreign Used,4287500
Nissan,X-Trail,2018,167980,2000 cc,Automatic,Petrol,Nakuru,Locally Used,1312500
Honda,Fit,2019,168153,1500 cc,Manual,Petrol,Kisumu,Locally Used,1162500
BMW,X3,2020,168326,2000 cc,Automatic,Diesel,Nairobi,Foreign Used,3360000
Audi,A4,2021,168499,2000 cc,Automatic,Diesel,Mombasa,Foreign Used,3217500
Toyota,Premio,2022,168672,1800 cc,Automatic,Petrol,Nairobi,Foreign Used,1785000
Subaru,Outback,2008,168845,2500 cc,Automatic,Petrol,Nairobi,Locally Used,2100000
Mazda,CX-5,2009,169018,2200 cc,Automatic,Diesel,Mombasa,Foreign Used,2565000
Mercedes-Benz,C200,2010,169191,2000 cc,Automatic,Petrol,Nairobi,Foreign Used,3237500
Nissan,X-Trail,2011,169364,2000 cc,Automatic,Petrol,Nakuru,Locally Used,1662500
Honda,Fit,2012,169537,1500 cc,Manual,Petrol,Kisumu,Locally Used,1462500
BMW,X3,2013,169710,2000 cc,Automatic,Diesel,Nairobi,Foreign Used,4200000
Audi,A4,2014,169883,2000 cc,Automatic,Diesel,Mombasa,Foreign Used,3997499
Toyota,Premio,2015,170056,1800 cc,Automatic,Petrol,Nairobi,Foreign Used,2205000
Subaru,Outback,2016,170229,2500 cc,Automatic,Petrol,Nairobi,Locally Used,2580000
Mazda,CX-5,2017,170402,2200 cc,Automatic,Diesel,Mombasa,Foreign Used,3135000
Mercedes-Benz,C200,2018,170575,2000 cc,Automatic,Petrol,Nairobi,Foreign Used,3937500
Nissan,X-Trail,2019,170748,2000 cc,Automatic,Petrol,Nakuru,Locally Used,2012499
Honda,Fit,2020,170921,1500 cc,Manual,Petrol,Kisumu,Locally Used,1762500
BMW,X3,2021,171094,2000 cc,Automatic,Diesel,Nairobi,Foreign Used,5040000
Audi,A4,2022,171267,2000 cc,Automatic,Diesel,Mombasa,Foreign Used,4777500
Toyota,Premio,2008,171440,1800 cc,Automatic,Petrol,Nairobi,Foreign Used,1575000
Subaru,Outback,2009,171613,2500 cc,Automatic,Petrol,Nairobi,Locally Used,1860000
Mazda,CX-5,2010,171786,2200 cc,Automatic,Diesel,Mombasa,Foreign Used,2280000
Mercedes-Benz,C200,2011,171959,2000 cc,Automatic,Petrol,Nairobi,Foreign Used,2887500
Nissan,X-Trail,2012,172132,2000 cc,Automatic,Petrol,Nakuru,Locally Used,1487500
Honda,Fit,2013,172305,1500 cc,Manual,Petrol,Kisumu,Locally Used,1312500
BMW,X3,2014,172478,2000 cc,Automatic,Diesel,Nairobi,Foreign Used,3780000
Audi,A4,2015,172651,2000 cc,Automatic,Diesel,Mombasa,Foreign Used,3607500
Toyota,Premio,2016,172824,1800 cc,Automatic,Petrol,Nairobi,Foreign Used,1995000
Subaru,Outback,2017,172997,2500 cc,Automatic,Petrol,Nairobi,Locally Used,2340000
Mazda,CX-5,2018,173170,2200 cc,Automatic,Diesel,Mombasa,Foreign Used,2850000
Mercedes-Benz,C200,2019,173343,2000 cc,Automatic,Petrol,Nairobi,Foreign Used,3587499
Nissan,X-Trail,2020,173516,2000 cc,Automatic,Petrol,Nakuru,Locally Used,1837500
Honda,Fit,2021,173689,1500 cc,Manual,Petrol,Kisumu,Locally Used,1612500
BMW,X3,2022,173862,2000 cc,Automatic,Diesel,Nairobi,Foreign Used,4620000
Audi,A4,2008,174035,2000 cc,Automatic,Diesel,Mombasa,Foreign Used,4387500
Toyota,Premio,2009,174208,1800 cc,Automatic,Petrol,Nairobi,Foreign Used,2415000
Subaru,Outback,2010,174381,2500 cc,Automatic,Petrol,Nairobi,Locally Used,2820000
Mazda,CX-5,2011,174554,2200 cc,Automatic,Diesel,Mombasa,Foreign Used,3420000
Mercedes-Benz,C200,2012,174727,2000 cc,Automatic,Petrol,Nairobi,Foreign Used,4287500
Nissan,X-Trail,2013,174900,2000 cc,Automatic,Petrol,Nakuru,Locally Used,1312500
Honda,Fit,2014,175073,1500 cc,Manual,Petrol,Kisumu,Locally Used,1162500
BMW,X3,2015,175246,2000 cc,Automatic,Diesel,Nairobi,Foreign Used,3360000
Audi,A4,2016,175419,2000 cc,Automatic,Diesel,Mombasa,Foreign Used,3217500
Toyota,Premio,2017,175592,1800 cc,Automatic,Petrol,Nairobi,Foreign Used,1785000
Subaru,Outback,2018,175765,2500 cc,Automatic,Petrol,Nairobi,Locally Used,2100000
Mazda,CX-5,2019,175938,2200 cc,Automatic,Diesel,Mombasa,Foreign Used,2565000
Mercedes-Benz,C200,2020,176111,2000 cc,Automatic,Petrol,Nairobi,Foreign Used,3237500
Nissan,X-Trail,2021,176284,2000 cc,Automatic,Petrol,Nakuru,Locally Used,1662500
Honda,Fit,2022,176457,1500 cc,Manual,Petrol,Kisumu,Locally Used,1462500
BMW,X3,2008,176630,2000 cc,Automatic,Diesel,Nairobi,Foreign Used,4200000
Audi,A4,2009,176803,2000 cc,Automatic,Diesel,Mombasa,Foreign Used,3997499
Toyota,Premio,2010,176976,1800 cc,Automatic,Petrol,Nairobi,Foreign Used,2205000
Subaru,Outback,2011,177149,2500 cc,Automatic,Petrol,Nairobi,Locally Used,2580000
Mazda,CX-5,2012,177322,2200 cc,Automatic,Diesel,Mombasa,Foreign Used,3135000
Mercedes-Benz,C200,2013,177495,2000 cc,Automatic,Petrol,Nairobi,Foreign Used,3937500
Nissan,X-Trail,2014,177668,2000 cc,Automatic,Petrol,Nakuru,Locally Used,2012499
Honda,Fit,2015,177841,1500 cc,Manual,Petrol,Kisumu,Locally Used,1762500
BMW,X3,2016,178014,2000 cc,Automatic,Diesel,Nairobi,Foreign Used,5040000
Audi,A4,2017,178187,2000 cc,Automatic,Diesel,Mombasa,Foreign Used,4777500
Toyota,Premio,2018,178360,1800 cc,Automatic,Petrol,Nairobi,Foreign Used,1575000
Subaru,Outback,2019,178533,2500 cc,Automatic,Petrol,Nairobi,Locally Used,1860000
Mazda,CX-5,2020,178706,2200 cc,Automatic,Diesel,Mombasa,Foreign Used,2280000
Mercedes-Benz,C200,2021,178879,2000 cc,Automatic,Petrol,Nairobi,Foreign Used,2887500
Nissan,X-Trail,2022,179052,2000 cc,Automatic,Petrol,Nakuru,Locally Used,1487500
Honda,Fit,2008,179225,1500 cc,Manual,Petrol,Kisumu,Locally Used,1312500
BMW,X3,2009,179398,2000 cc,Automatic,Diesel,Nairobi,Foreign Used,3780000
Audi,A4,2010,179571,2000 cc,Automatic,Diesel,Mombasa,Foreign Used,3607500
Toyota,Premio,2011,179744,1800 cc,Automatic,Petrol,Nairobi,Foreign Used,1995000
Subaru,Outback,2012,179917,2500 cc,Automatic,Petrol,Nairobi,Locally Used,2340000
Mazda,CX-5,2013,180090,2200 cc,Automatic,Diesel,Mombasa,Foreign Used,2850000
Mercedes-Benz,C200,2014,180263,2000 cc,Automatic,Petrol,Nairobi,Foreign Used,3587499
Nissan,X-Trail,2015,180436,2000 cc,Automatic,Petrol,Nakuru,Locally Used,1837500
Honda,Fit,2016,180609,1500 cc,Manual,Petrol,Kisumu,Locally Used,1612500
BMW,X3,2017,180782,2000 cc,Automatic,Diesel,Nairobi,Foreign Used,4620000
Audi,A4,2018,180955,2000 cc,Automatic,Diesel,Mombasa,Foreign Used,4387500
Toyota,Premio,2019,181128,1800 cc,Automatic,Petrol,Nairobi,Foreign Used,2415000
Subaru,Outback,2020,181301,2500 cc,Automatic,Petrol,Nairobi,Locally Used,2820000
Mazda,CX-5,2021,181474,2200 cc,Automatic,Diesel,Mombasa,Foreign Used,3420000
Mercedes-Benz,C200,2022,181647,2000 cc,Automatic,Petrol,Nairobi,Foreign Used,4287500
Nissan,X-Trail,2008,181820,2000 cc,Automatic,Petrol,Nakuru,Locally Used,1312500
Honda,Fit,2009,181993,1500 cc,Manual,Petrol,Kisumu,Locally Used,1162500
BMW,X3,2010,182166,2000 cc,Automatic,Diesel,Nairobi,Foreign Used,3360000
Audi,A4,2011,182339,2000 cc,Automatic,Diesel,Mombasa,Foreign Used,3217500
Toyota,Premio,2012,182512,1800 cc,Automatic,Petrol,Nairobi,Foreign Used,1785000
Subaru,Outback,2013,182685,2500 cc,Automatic,Petrol,Nairobi,Locally Used,2100000
Mazda,CX-5,2014,182858,2200 cc,Automatic,Diesel,Mombasa,Foreign Used,2565000
Mercedes-Benz,C200,2015,183031,2000 cc,Automatic,Petrol,Nairobi,Foreign Used,3237500
Nissan,X-Trail,2016,183204,2000 cc,Automatic,Petrol,Nakuru,Locally Used,1662500
Honda,Fit,2017,183377,1500 cc,Manual,Petrol,Kisumu,Locally Used,1462500
BMW,X3,2018,183550,2000 cc,Automatic,Diesel,Nairobi,Foreign Used,4200000
Audi,A4,2019,183723,2000 cc,Automatic,Diesel,Mombasa,Foreign Used,3997499
Toyota,Premio,2020,183896,1800 cc,Automatic,Petrol,Nairobi,Foreign Used,2205000
Subaru,Outback,2021,184069,2500 cc,Automatic,Petrol,Nairobi,Locally Used,2580000
Mazda,CX-5,2022,184242,2200 cc,Automatic,Diesel,Mombasa,Foreign Used,3135000
Mercedes-Benz,C200,2008,184415,2000 cc,Automatic,Petrol,Nairobi,Foreign Used,3937500
Nissan,X-Trail,2009,184588,2000 cc,Automatic,Petrol,Nakuru,Locally Used,2012499
Honda,Fit,2010,184761,1500 cc,Manual,Petrol,Kisumu,Locally Used,1762500
BMW,X3,2011,184934,2000 cc,Automatic,Diesel,Nairobi,Foreign Used,5040000
Audi,A4,2012,185107,2000 cc,Automatic,Diesel,Mombasa,Foreign Used,4777500
Toyota,Premio,2013,185280,1800 cc,Automatic,Petrol,Nairobi,Foreign Used,1575000
Subaru,Outback,2014,185453,2500 cc,Automatic,Petrol,Nairobi,Locally Used,1860000
Mazda,CX-5,2015,185626,2200 cc,Automatic,Diesel,Mombasa,Foreign Used,2280000
Mercedes-Benz,C200,2016,185799,2000 cc,Automatic,Petrol,Nairobi,Foreign Used,2887500
Nissan,X-Trail,2017,185972,2000 cc,Automatic,Petrol,Nakuru,Locally Used,1487500
Honda,Fit,2018,186145,1500 cc,Manual,Petrol,Kisumu,Locally Used,1312500
BMW,X3,2019,186318,2000 cc,Automatic,Diesel,Nairobi,Foreign Used,3780000
Audi,A4,2020,186491,2000 cc,Automatic,Diesel,Mombasa,Foreign Used,3607500
Toyota,Premio,2021,186664,1800 cc,Automatic,Petrol,Nairobi,Foreign Used,1995000
Subaru,Outback,2022,186837,2500 cc,Automatic,Petrol,Nairobi,Locally Used,2340000
Mazda,CX-5,2008,187010,2200 cc,Automatic,Diesel,Mombasa,Foreign Used,2850000
Mercedes-Benz,C200,2009,187183,2000 cc,Automatic,Petrol,Nairobi,Foreign Used,3587499
Nissan,X-Trail,2010,187356,2000 cc,Automatic,Petrol,Nakuru,Locally Used,1837500
Honda,Fit,2011,187529,1500 cc,Manual,Petrol,Kisumu,Locally Used,1612500
BMW,X3,2012,187702,2000 cc,Automatic,Diesel,Nairobi,Foreign Used,4620000
Audi,A4,2013,187875,2000 cc,Automatic,Diesel,Mombasa,Foreign Used,4387500
Toyota,Premio,2014,188048,1800 cc,Automatic,Petrol,Nairobi,Foreign Used,2415000
Subaru,Outback,2015,188221,2500 cc,Automatic,Petrol,Nairobi,Locally Used,2820000
Mazda,CX-5,2016,188394,2200 cc,Automatic,Diesel,Mombasa,Foreign Used,3420000
Mercedes-Benz,C200,2017,188567,2000 cc,Automatic,Petrol,Nairobi,Foreign Used,4287500
Nissan,X-Trail,2018,188740,2000 cc,Automatic,Petrol,Nakuru,Locally Used,1312500
Honda,Fit,2019,188913,1500 cc,Manual,Petrol,Kisumu,Locally Used,1162500
BMW,X3,2020,189086,2000 cc,Automatic,Diesel,Nairobi,Foreign Used,3360000
Audi,A4,2021,189259,2000 cc,Automatic,Diesel,Mombasa,Foreign Used,3217500
Toyota,Premio,2022,189432,1800 cc,Automatic,Petrol,Nairobi,Foreign Used,1785000
Subaru,Outback,2008,189605,2500 cc,Automatic,Petrol,Nairobi,Locally Used,2100000
Mazda,CX-5,2009,189778,2200 cc,Automatic,Diesel,Mombasa,Foreign Used,2565000
Mercedes-Benz,C200,2010,189951,2000 cc,Automatic,Petrol,Nairobi,Foreign Used,3237500
Nissan,X-Trail,2011,190124,2000 cc,Automatic,Petrol,Nakuru,Locally Used,1662500
Honda,Fit,2012,190297,1500 cc,Manual,Petrol,Kisumu,Locally Used,1462500
BMW,X3,2013,190470,2000 cc,Automatic,Diesel,Nairobi,Foreign Used,4200000
Audi,A4,2014,190643,2000 cc,Automatic,Diesel,Mombasa,Foreign Used,3997499
Toyota,Premio,2015,190816,1800 cc,Automatic,Petrol,Nairobi,Foreign Used,2205000
Subaru,Outback,2016,190989,2500 cc,Automatic,Petrol,Nairobi,Locally Used,2580000
Mazda,CX-5,2017,191162,2200 cc,Automatic,Diesel,Mombasa,Foreign Used,3135000
Mercedes-Benz,C200,2018,191335,2000 cc,Automatic,Petrol,Nairobi,Foreign Used,3937500
Nissan,X-Trail,2019,191508,2000 cc,Automatic,Petrol,Nakuru,Locally Used,2012499
Honda,Fit,2020,191681,1500 cc,Manual,Petrol,Kisumu,Locally Used,1762500
BMW,X3,2021,191854,2000 cc,Automatic,Diesel,Nairobi,Foreign Used,5040000
Audi,A4,2022,192027,2000 cc,Automatic,Diesel,Mombasa,Foreign Used,4777500
Toyota,Premio,2008,192200,1800 cc,Automatic,Petrol,Nairobi,Foreign Used,1575000
Subaru,Outback,2009,192373,2500 cc,Automatic,Petrol,Nairobi,Locally Used,1860000
Mazda,CX-5,2010,192546,2200 cc,Automatic,Diesel,Mombasa,Foreign Used,2280000
Mercedes-Benz,C200,2011,192719,2000 cc,Automatic,Petrol,Nairobi,Foreign Used,2887500
Nissan,X-Trail,2012,192892,2000 cc,Automatic,Petrol,Nakuru,Locally Used,1487500
Honda,Fit,2013,193065,1500 cc,Manual,Petrol,Kisumu,Locally Used,1312500
BMW,X3,2014,193238,2000 cc,Automatic,Diesel,Nairobi,Foreign Used,3780000
Audi,A4,2015,193411,2000 cc,Automatic,Diesel,Mombasa,Foreign Used,3607500
Toyota,Premio,2016,193584,1800 cc,Automatic,Petrol,Nairobi,Foreign Used,1995000
Subaru,Outback,2017,193757,2500 cc,Automatic,Petrol,Nairobi,Locally Used,2340000
Mazda,CX-5,2018,193930,2200 cc,Automatic,Diesel,Mombasa,Foreign Used,2850000
Mercedes-Benz,C200,2019,194103,2000 cc,Automatic,Petrol,Nairobi,Foreign Used,3587499
Nissan,X-Trail,2020,194276,2000 cc,Automatic,Petrol,Nakuru,Locally Used,1837500
Honda,Fit,2021,194449,1500 cc,Manual,Petrol,Kisumu,Locally Used,1612500
BMW,X3,2022,194622,2000 cc,Automatic,Diesel,Nairobi,Foreign Used,4620000
Audi,A4,2008,194795,2000 cc,Automatic,Diesel,Mombasa,Foreign Used,4387500
Toyota,Premio,2009,194968,1800 cc,Automatic,Petrol,Nairobi,Foreign Used,2415000
Subaru,Outback,2010,195141,2500 cc,Automatic,Petrol,Nairobi,Locally Used,2820000
Mazda,CX-5,2011,195314,2200 cc,Automatic,Diesel,Mombasa,Foreign Used,3420000
Mercedes-Benz,C200,2012,195487,2000 cc,Automatic,Petrol,Nairobi,Foreign Used,4287500
Nissan,X-Trail,2013,195660,2000 cc,Automatic,Petrol,Nakuru,Locally Used,1312500
Honda,Fit,2014,195833,1500 cc,Manual,Petrol,Kisumu,Locally Used,1162500
BMW,X3,2015,196006,2000 cc,Automatic,Diesel,Nairobi,Foreign Used,3360000
Audi,A4,2016,196179,2000 cc,Automatic,Diesel,Mombasa,Foreign Used,3217500
Toyota,Premio,2017,196352,1800 cc,Automatic,Petrol,Nairobi,Foreign Used,1785000
Subaru,Outback,2018,196525,2500 cc,Automatic,Petrol,Nairobi,Locally Used,2100000
Mazda,CX-5,2019,196698,2200 cc,Automatic,Diesel,Mombasa,Foreign Used,2565000
Mercedes-Benz,C200,2020,196871,2000 cc,Automatic,Petrol,Nairobi,Foreign Used,3237500
Nissan,X-Trail,2021,197044,2000 cc,Automatic,Petrol,Nakuru,Locally Used,1662500
Honda,Fit,2022,197217,1500 cc,Manual,Petrol,Kisumu,Locally Used,1462500
BMW,X3,2008,197390,2000 cc,Automatic,Diesel,Nairobi,Foreign Used,4200000
Audi,A4,2009,197563,2000 cc,Automatic,Diesel,Mombasa,Foreign Used,3997499
Toyota,Premio,2010,197736,1800 cc,Automatic,Petrol,Nairobi,Foreign Used,2205000
Subaru,Outback,2011,197909,2500 cc,Automatic,Petrol,Nairobi,Locally Used,2580000
Mazda,CX-5,2012,198082,2200 cc,Automatic,Diesel,Mombasa,Foreign Used,3135000
Mercedes-Benz,C200,2013,198255,2000 cc,Automatic,Petrol,Nairobi,Foreign Used,3937500
Nissan,X-Trail,2014,198428,2000 cc,Automatic,Petrol,Nakuru,Locally Used,2012499
Honda,Fit,2015,198601,1500 cc,Manual,Petrol,Kisumu,Locally Used,1762500
BMW,X3,2016,198774,2000 cc,Automatic,Diesel,Nairobi,Foreign Used,5040000
Audi,A4,2017,198947,2000 cc,Automatic,Diesel,Mombasa,Foreign Used,4777500
Toyota,Premio,2018,199120,1800 cc,Automatic,Petrol,Nairobi,Foreign Used,1575000
Subaru,Outback,2019,199293,2500 cc,Automatic,Petrol,Nairobi,Locally Used,1860000
Mazda,CX-5,2020,199466,2200 cc,Automatic,Diesel,Mombasa,Foreign Used,2280000
Mercedes-Benz,C200,2021,199639,2000 cc,Automatic,Petrol,Nairobi,Foreign Used,2887500
Nissan,X-Trail,2022,199812,2000 cc,Automatic,Petrol,Nakuru,Locally Used,1487500
Honda,Fit,2008,199985,1500 cc,Manual,Petrol,Kisumu,Locally Used,1312500
BMW,X3,2009,20158,2000 cc,Automatic,Diesel,Nairobi,Foreign Used,3780000
Audi,A4,2010,20331,2000 cc,Automatic,Diesel,Mombasa,Foreign Used,3607500
Toyota,Premio,2011,20504,1800 cc,Automatic,Petrol,Nairobi,Foreign Used,1995000
Subaru,Outback,2012,20677,2500 cc,Automatic,Petrol,Nairobi,Locally Used,2340000
Mazda,CX-5,2013,20850,2200 cc,Automatic,Diesel,Mombasa,Foreign Used,2850000
Mercedes-Benz,C200,2014,21023,2000 cc,Automatic,Petrol,Nairobi,Foreign Used,3587499
Nissan,X-Trail,2015,21196,2000 cc,Automatic,Petrol,Nakuru,Locally Used,1837500
Honda,Fit,2016,21369,1500 cc,Manual,Petrol,Kisumu,Locally Used,1612500
BMW,X3,2017,21542,2000 cc,Automatic,Diesel,Nairobi,Foreign Used,4620000
Audi,A4,2018,21715,2000 cc,Automatic,Diesel,Mombasa,Foreign Used,4387500
Toyota,Premio,2019,21888,1800 cc,Automatic,Petrol,Nairobi,Foreign Used,2415000
Subaru,Outback,2020,22061,2500 cc,Automatic,Petrol,Nairobi,Locally Used,2820000
Mazda,CX-5,2021,22234,2200 cc,Automatic,Diesel,Mombasa,Foreign Used,3420000
Mercedes-Benz,C200,2022,22407,2000 cc,Automatic,Petrol,Nairobi,Foreign Used,4287500
Nissan,X-Trail,2008,22580,2000 cc,Automatic,Petrol,Nakuru,Locally Used,1312500
Honda,Fit,2009,22753,1500 cc,Manual,Petrol,Kisumu,Locally Used,1162500
BMW,X3,2010,22926,2000 cc,Automatic,Diesel,Nairobi,Foreign Used,3360000
Audi,A4,2011,23099,2000 cc,Automatic,Diesel,Mombasa,Foreign Used,3217500
Toyota,Premio,2012,23272,1800 cc,Automatic,Petrol,Nairobi,Foreign Used,1785000
Subaru,Outback,2013,23445,2500 cc,Automatic,Petrol,Nairobi,Locally Used,2100000
Mazda,CX-5,2014,23618,2200 cc,Automatic,Diesel,Mombasa,Foreign Used,2565000
Mercedes-Benz,C200,2015,23791,2000 cc,Automatic,Petrol,Nairobi,Foreign Used,3237500
Nissan,X-Trail,2016,23964,2000 cc,Automatic,Petrol,Nakuru,Locally Used,1662500
Honda,Fit,2017,24137,1500 cc,Manual,Petrol,Kisumu,Locally Used,1462500
BMW,X3,2018,24310,2000 cc,Automatic,Diesel,Nairobi,Foreign Used,4200000
Audi,A4,2019,24483,2000 cc,Automatic,Diesel,Mombasa,Foreign Used,3997499
Toyota,Premio,2020,24656,1800 cc,Automatic,Petrol,Nairobi,Foreign Used,2205000
Subaru,Outback,2021,24829,2500 cc,Automatic,Petrol,Nairobi,Locally Used,2580000
Mazda,CX-5,2022,25002,2200 cc,Automatic,Diesel,Mombasa,Foreign Used,3135000
Mercedes-Benz,C200,2008,25175,2000 cc,Automatic,Petrol,Nairobi,Foreign Used,3937500
Nissan,X-Trail,2009,25348,2000 cc,Automatic,Petrol,Nakuru,Locally Used,2012499
Honda,Fit,2010,25521,1500 cc,Manual,Petrol,Kisumu,Locally Used,1762500
BMW,X3,2011,25694,2000 cc,Automatic,Diesel,Nairobi,Foreign Used,5040000
Audi,A4,2012,25867,2000 cc,Automatic,Diesel,Mombasa,Foreign Used,4777500
Toyota,Premio,2013,26040,1800 cc,Automatic,Petrol,Nairobi,Foreign Used,1575000
Subaru,Outback,2014,26213,2500 cc,Automatic,Petrol,Nairobi,Locally Used,1860000
Mazda,CX-5,2015,26386,2200 cc,Automatic,Diesel,Mombasa,Foreign Used,2280000
Mercedes-Benz,C200,2016,26559,2000 cc,Automatic,Petrol,Nairobi,Foreign Used,2887500
Nissan,X-Trail,2017,26732,2000 cc,Automatic,Petrol,Nakuru,Locally Used,1487500
Honda,Fit,2018,26905,1500 cc,Manual,Petrol,Kisumu,Locally Used,1312500
BMW,X3,2019,27078,2000 cc,Automatic,Diesel,Nairobi,Foreign Used,3780000
Audi,A4,2020,27251,2000 cc,Automatic,Diesel,Mombasa,Foreign Used,3607500
Toyota,Premio,2021,27424,1800 cc,Automatic,Petrol,Nairobi,Foreign Used,1995000
Subaru,Outback,2022,27597,2500 cc,Automatic,Petrol,Nairobi,Locally Used,2340000
Mazda,CX-5,2008,27770,2200 cc,Automatic,Diesel,Mombasa,Foreign Used,2850000
Mercedes-Benz,C200,2009,27943,2000 cc,Automatic,Petrol,Nairobi,Foreign Used,3587499
Nissan,X-Trail,2010,28116,2000 cc,Automatic,Petrol,Nakuru,Locally Used,1837500
Honda,Fit,2011,28289,1500 cc,Manual,Petrol,Kisumu,Locally Used,1612500
BMW,X3,2012,28462,2000 cc,Automatic,Diesel,Nairobi,Foreign Used,4620000
Audi,A4,2013,28635,2000 cc,Automatic,Diesel,Mombasa,Foreign Used,4387500
Toyota,Premio,2014,28808,1800 cc,Automatic,Petrol,Nairobi,Foreign Used,2415000
Subaru,Outback,2015,28981,2500 cc,Automatic,Petrol,Nairobi,Locally Used,2820000
Mazda,CX-5,2016,29154,2200 cc,Automatic,Diesel,Mombasa,Foreign Used,3420000
Mercedes-Benz,C200,2017,29327,2000 cc,Automatic,Petrol,Nairobi,Foreign Used,4287500
Nissan,X-Trail,2018,29500,2000 cc,Automatic,Petrol,Nakuru,Locally Used,1312500
Honda,Fit,2019,29673,1500 cc,Manual,Petrol,Kisumu,Locally Used,1162500
BMW,X3,2020,29846,2000 cc,Automatic,Diesel,Nairobi,Foreign Used,3360000
Audi,A4,2021,30019,2000 cc,Automatic,Diesel,Mombasa,Foreign Used,3217500
Toyota,Premio,2022,30192,1800 cc,Automatic,Petrol,Nairobi,Foreign Used,1785000
Subaru,Outback,2008,30365,2500 cc,Automatic,Petrol,Nairobi,Locally Used,2100000
Mazda,CX-5,2009,30538,2200 cc,Automatic,Diesel,Mombasa,Foreign Used,2565000
Mercedes-Benz,C200,2010,30711,2000 cc,Automatic,Petrol,Nairobi,Foreign Used,3237500
Nissan,X-Trail,2011,30884,2000 cc,Automatic,Petrol,Nakuru,Locally Used,1662500
Honda,Fit,2012,31057,1500 cc,Manual,Petrol,Kisumu,Locally Used,1462500
BMW,X3,2013,31230,2000 cc,Automatic,Diesel,Nairobi,Foreign Used,4200000
Audi,A4,2014,31403,2000 cc,Automatic,Diesel,Mombasa,Foreign Used,3997499
Toyota,Premio,2015,31576,1800 cc,Automatic,Petrol,Nairobi,Foreign Used,2205000
Subaru,Outback,2016,31749,2500 cc,Automatic,Petrol,Nairobi,Locally Used,2580000
Mazda,CX-5,2017,31922,2200 cc,Automatic,Diesel,Mombasa,Foreign Used,3135000
Mercedes-Benz,C200,2018,32095,2000 cc,Automatic,Petrol,Nairobi,Foreign Used,3937500
Nissan,X-Trail,2019,32268,2000 cc,Automatic,Petrol,Nakuru,Locally Used,2012499
Honda,Fit,2020,32441,1500 cc,Manual,Petrol,Kisumu,Locally Used,1762500
BMW,X3,2021,32614,2000 cc,Automatic,Diesel,Nairobi,Foreign Used,5040000
Audi,A4,2022,32787,2000 cc,Automatic,Diesel,Mombasa,Foreign Used,4777500
Toyota,Premio,2008,32960,1800 cc,Automatic,Petrol,Nairobi,Foreign Used,1575000
Subaru,Outback,2009,33133,2500 cc,Automatic,Petrol,Nairobi,Locally Used,1860000
Mazda,CX-5,2010,33306,2200 cc,Automatic,Diesel,Mombasa,Foreign Used,2280000
Mercedes-Benz,C200,2011,33479,2000 cc,Automatic,Petrol,Nairobi,Foreign Used,2887500
Nissan,X-Trail,2012,33652,2000 cc,Automatic,Petrol,Nakuru,Locally Used,1487500
Honda,Fit,2013,33825,1500 cc,Manual,Petrol,Kisumu,Locally Used,1312500
BMW,X3,2014,33998,2000 cc,Automatic,Diesel,Nairobi,Foreign Used,3780000
Audi,A4,2015,34171,2000 cc,Automatic,Diesel,Mombasa,Foreign Used,3607500
Toyota,Premio,2016,34344,1800 cc,Automatic,Petrol,Nairobi,Foreign Used,1995000
Subaru,Outback,2017,34517,2500 cc,Automatic,Petrol,Nairobi,Locally Used,2340000
Mazda,CX-5,2018,34690,2200 cc,Automatic,Diesel,Mombasa,Foreign Used,2850000
Mercedes-Benz,C200,2019,34863,2000 cc,Automatic,Petrol,Nairobi,Foreign Used,3587499
Nissan,X-Trail,2020,35036,2000 cc,Automatic,Petrol,Nakuru,Locally Used,1837500
Honda,Fit,2021,35209,1500 cc,Manual,Petrol,Kisumu,Locally Used,1612500
BMW,X3,2022,35382,2000 cc,Automatic,Diesel,Nairobi,Foreign Used,4620000
Audi,A4,2008,35555,2000 cc,Automatic,Diesel,Mombasa,Foreign Used,4387500
Toyota,Premio,2009,35728,1800 cc,Automatic,Petrol,Nairobi,Foreign Used,2415000
Subaru,Outback,2010,35901,2500 cc,Automatic,Petrol,Nairobi,Locally Used,2820000
Mazda,CX-5,2011,36074,2200 cc,Automatic,Diesel,Mombasa,Foreign Used,3420000
Mercedes-Benz,C200,2012,36247,2000 cc,Automatic,Petrol,Nairobi,Foreign Used,4287500
Nissan,X-Trail,2013,36420,2000 cc,Automatic,Petrol,Nakuru,Locally Used,1312500
Honda,Fit,2014,36593,1500 cc,Manual,Petrol,Kisumu,Locally Used,1162500
BMW,X3,2015,36766,2000 cc,Automatic,Diesel,Nairobi,Foreign Used,3360000
Audi,A4,2016,36939,2000 cc,Automatic,Diesel,Mombasa,Foreign Used,3217500
Toyota,Premio,2017,37112,1800 cc,Automatic,Petrol,Nairobi,Foreign Used,1785000
Subaru,Outback,2018,37285,2500 cc,Automatic,Petrol,Nairobi,Locally Used,2100000
Mazda,CX-5,2019,37458,2200 cc,Automatic,Diesel,Mombasa,Foreign Used,2565000
Mercedes-Benz,C200,2020,37631,2000 cc,Automatic,Petrol,Nairobi,Foreign Used,3237500
Nissan,X-Trail,2021,37804,2000 cc,Automatic,Petrol,Nakuru,Locally Used,1662500
Honda,Fit,2022,37977,1500 cc,Manual,Petrol,Kisumu,Locally Used,1462500
BMW,X3,2008,38150,2000 cc,Automatic,Diesel,Nairobi,Foreign Used,4200000
Audi,A4,2009,38323,2000 cc,Automatic,Diesel,Mombasa,Foreign Used,3997499
Toyota,Premio,2010,38496,1800 cc,Automatic,Petrol,Nairobi,Foreign Used,2205000
Subaru,Outback,2011,38669,2500 cc,Automatic,Petrol,Nairobi,Locally Used,2580000
Mazda,CX-5,2012,38842,2200 cc,Automatic,Diesel,Mombasa,Foreign Used,3135000
Mercedes-Benz,C200,2013,39015,2000 cc,Automatic,Petrol,Nairobi,Foreign Used,3937500
Nissan,X-Trail,2014,39188,2000 cc,Automatic,Petrol,Nakuru,Locally Used,2012499
Honda,Fit,2015,39361,1500 cc,Manual,Petrol,Kisumu,Locally Used,1762500
BMW,X3,2016,39534,2000 cc,Automatic,Diesel,Nairobi,Foreign Used,5040000
Audi,A4,2017,39707,2000 cc,Automatic,Diesel,Mombasa,Foreign Used,4777500
Toyota,Premio,2018,39880,1800 cc,Automatic,Petrol,Nairobi,Foreign Used,1575000
Subaru,Outback,2019,40053,2500 cc,Automatic,Petrol,Nairobi,Locally Used,1860000
Mazda,CX-5,2020,40226,2200 cc,Automatic,Diesel,Mombasa,Foreign Used,2280000
Mercedes-Benz,C200,2021,40399,2000 cc,Automatic,Petrol,Nairobi,Foreign Used,2887500
Nissan,X-Trail,2022,40572,2000 cc,Automatic,Petrol,Nakuru,Locally Used,1487500
Honda,Fit,2008,40745,1500 cc,Manual,Petrol,Kisumu,Locally Used,1312500
BMW,X3,2009,40918,2000 cc,Automatic,Diesel,Nairobi,Foreign Used,3780000
Audi,A4,2010,41091,2000 cc,Automatic,Diesel,Mombasa,Foreign Used,3607500
Toyota,Premio,2011,41264,1800 cc,Automatic,Petrol,Nairobi,Foreign Used,1995000
Subaru,Outback,2012,41437,2500 cc,Automatic,Petrol,Nairobi,Locally Used,2340000
Mazda,CX-5,2013,41610,2200 cc,Automatic,Diesel,Mombasa,Foreign Used,2850000
Mercedes-Benz,C200,2014,41783,2000 cc,Automatic,Petrol,Nairobi,Foreign Used,3587499
Nissan,X-Trail,2015,41956,2000 cc,Automatic,Petrol,Nakuru,Locally Used,1837500
Honda,Fit,2016,42129,1500 cc,Manual,Petrol,Kisumu,Locally Used,1612500
BMW,X3,2017,42302,2000 cc,Automatic,Diesel,Nairobi,Foreign Used,4620000
Audi,A4,2018,42475,2000 cc,Automatic,Diesel,Mombasa,Foreign Used,4387500
Toyota,Premio,2019,42648,1800 cc,Automatic,Petrol,Nairobi,Foreign Used,2415000
Subaru,Outback,2020,42821,2500 cc,Automatic,Petrol,Nairobi,Locally Used,2820000
Mazda,CX-5,2021,42994,2200 cc,Automatic,Diesel,Mombasa,Foreign Used,3420000
Mercedes-Benz,C200,2022,43167,2000 cc,Automatic,Petrol,Nairobi,Foreign Used,4287500
Nissan,X-Trail,2008,43340,2000 cc,Automatic,Petrol,Nakuru,Locally Used,1312500
Honda,Fit,2009,43513,1500 cc,Manual,Petrol,Kisumu,Locally Used,1162500
BMW,X3,2010,43686,2000 cc,Automatic,Diesel,Nairobi,Foreign Used,3360000
Audi,A4,2011,43859,2000 cc,Automatic,Diesel,Mombasa,Foreign Used,3217500
Toyota,Premio,2012,44032,1800 cc,Automatic,Petrol,Nairobi,Foreign Used,1785000
Subaru,Outback,2013,44205,2500 cc,Automatic,Petrol,Nairobi,Locally Used,2100000
Mazda,CX-5,2014,44378,2200 cc,Automatic,Diesel,Mombasa,Foreign Used,2565000
Mercedes-Benz,C200,2015,44551,2000 cc,Automatic,Petrol,Nairobi,Foreign Used,3237500
Nissan,X-Trail,2016,44724,2000 cc,Automatic,Petrol,Nakuru,Locally Used,1662500
Honda,Fit,2017,44897,1500 cc,Manual,Petrol,Kisumu,Locally Used,1462500
BMW,X3,2018,45070,2000 cc,Automatic,Diesel,Nairobi,Foreign Used,4200000
Audi,A4,2019,45243,2000 cc,Automatic,Diesel,Mombasa,Foreign Used,3997499
Toyota,Premio,2020,45416,1800 cc,Automatic,Petrol,Nairobi,Foreign Used,2205000
Subaru,Outback,2021,45589,2500 cc,Automatic,Petrol,Nairobi,Locally Used,2580000
Mazda,CX-5,2022,45762,2200 cc,Automatic,Diesel,Mombasa,Foreign Used,3135000
Mercedes-Benz,C200,2008,45935,2000 cc,Automatic,Petrol,Nairobi,Foreign Used,3937500
Nissan,X-Trail,2009,46108,2000 cc,Automatic,Petrol,Nakuru,Locally Used,2012499
Honda,Fit,2010,46281,1500 cc,Manual,Petrol,Kisumu,Locally Used,1762500
BMW,X3,2011,46454,2000 cc,Automatic,Diesel,Nairobi,Foreign Used,5040000
Audi,A4,2012,46627,2000 cc,Automatic,Diesel,Mombasa,Foreign Used,4777500
Toyota,Premio,2013,46800,1800 cc,Automatic,Petrol,Nairobi,Foreign Used,1575000
Subaru,Outback,2014,46973,2500 cc,Automatic,Petrol,Nairobi,Locally Used,1860000
Mazda,CX-5,2015,47146,2200 cc,Automatic,Diesel,Mombasa,Foreign Used,2280000
Mercedes-Benz,C200,2016,47319,2000 cc,Automatic,Petrol,Nairobi,Foreign Used,2887500
Nissan,X-Trail,2017,47492,2000 cc,Automatic,Petrol,Nakuru,Locally Used,1487500
Honda,Fit,2018,47665,1500 cc,Manual,Petrol,Kisumu,Locally Used,1312500
BMW,X3,2019,47838,2000 cc,Automatic,Diesel,Nairobi,Foreign Used,3780000
Audi,A4,2020,48011,2000 cc,Automatic,Diesel,Mombasa,Foreign Used,3607500
Toyota,Premio,2021,48184,1800 cc,Automatic,Petrol,Nairobi,Foreign Used,1995000
Subaru,Outback,2022,48357,2500 cc,Automatic,Petrol,Nairobi,Locally Used,2340000
Mazda,CX-5,2008,48530,2200 cc,Automatic,Diesel,Mombasa,Foreign Used,2850000
Mercedes-Benz,C200,2009,48703,2000 cc,Automatic,Petrol,Nairobi,Foreign Used,3587499
Nissan,X-Trail,2010,48876,2000 cc,Automatic,Petrol,Nakuru,Locally Used,1837500
Honda,Fit,2011,49049,1500 cc,Manual,Petrol,Kisumu,Locally Used,1612500
BMW,X3,2012,49222,2000 cc,Automatic,Diesel,Nairobi,Foreign Used,4620000
Audi,A4,2013,49395,2000 cc,Automatic,Diesel,Mombasa,Foreign Used,4387500
Toyota,Premio,2014,49568,1800 cc,Automatic,Petrol,Nairobi,Foreign Used,2415000
Subaru,Outback,2015,49741,2500 cc,Automatic,Petrol,Nairobi,Locally Used,2820000
Mazda,CX-5,2016,49914,2200 cc,Automatic,Diesel,Mombasa,Foreign Used,3420000
Mercedes-Benz,C200,2017,50087,2000 cc,Automatic,Petrol,Nairobi,Foreign Used,4287500
Nissan,X-Trail,2018,50260,2000 cc,Automatic,Petrol,Nakuru,Locally Used,1312500
Honda,Fit,2019,50433,1500 cc,Manual,Petrol,Kisumu,Locally Used,1162500
BMW,X3,2020,50606,2000 cc,Automatic,Diesel,Nairobi,Foreign Used,3360000
Audi,A4,2021,50779,2000 cc,Automatic,Diesel,Mombasa,Foreign Used,3217500
Toyota,Premio,2022,50952,1800 cc,Automatic,Petrol,Nairobi,Foreign Used,1785000
Subaru,Outback,2008,51125,2500 cc,Automatic,Petrol,Nairobi,Locally Used,2100000
Mazda,CX-5,2009,51298,2200 cc,Automatic,Diesel,Mombasa,Foreign Used,2565000
Mercedes-Benz,C200,2010,51471,2000 cc,Automatic,Petrol,Nairobi,Foreign Used,3237500
Nissan,X-Trail,2011,51644,2000 cc,Automatic,Petrol,Nakuru,Locally Used,1662500
Honda,Fit,2012,51817,1500 cc,Manual,Petrol,Kisumu,Locally Used,1462500
BMW,X3,2013,51990,2000 cc,Automatic,Diesel,Nairobi,Foreign Used,4200000
Audi,A4,2014,52163,2000 cc,Automatic,Diesel,Mombasa,Foreign Used,3997499
Toyota,Premio,2015,52336,1800 cc,Automatic,Petrol,Nairobi,Foreign Used,2205000
Subaru,Outback,2016,52509,2500 cc,Automatic,Petrol,Nairobi,Locally Used,2580000
Mazda,CX-5,2017,52682,2200 cc,Automatic,Diesel,Mombasa,Foreign Used,3135000
Mercedes-Benz,C200,2018,52855,2000 cc,Automatic,Petrol,Nairobi,Foreign Used,3937500
Nissan,X-Trail,2019,53028,2000 cc,Automatic,Petrol,Nakuru,Locally Used,2012499
Honda,Fit,2020,53201,1500 cc,Manual,Petrol,Kisumu,Locally Used,1762500
BMW,X3,2021,53374,2000 cc,Automatic,Diesel,Nairobi,Foreign Used,5040000
Audi,A4,2022,53547,2000 cc,Automatic,Diesel,Mombasa,Foreign Used,4777500
Toyota,Premio,2008,53720,1800 cc,Automatic,Petrol,Nairobi,Foreign Used,1575000
Subaru,Outback,2009,53893,2500 cc,Automatic,Petrol,Nairobi,Locally Used,1860000
Mazda,CX-5,2010,54066,2200 cc,Automatic,Diesel,Mombasa,Foreign Used,2280000
Mercedes-Benz,C200,2011,54239,2000 cc,Automatic,Petrol,Nairobi,Foreign Used,2887500
Nissan,X-Trail,2012,54412,2000 cc,Automatic,Petrol,Nakuru,Locally Used,1487500
Honda,Fit,2013,54585,1500 cc,Manual,Petrol,Kisumu,Locally Used,1312500
BMW,X3,2014,54758,2000 cc,Automatic,Diesel,Nairobi,Foreign Used,3780000
Audi,A4,2015,54931,2000 cc,Automatic,Diesel,Mombasa,Foreign Used,3607500
Toyota,Premio,2016,55104,1800 cc,Automatic,Petrol,Nairobi,Foreign Used,1995000
Subaru,Outback,2017,55277,2500 cc,Automatic,Petrol,Nairobi,Locally Used,2340000
Mazda,CX-5,2018,55450,2200 cc,Automatic,Diesel,Mombasa,Foreign Used,2850000
Mercedes-Benz,C200,2019,55623,2000 cc,Automatic,Petrol,Nairobi,Foreign Used,3587499
Nissan,X-Trail,2020,55796,2000 cc,Automatic,Petrol,Nakuru,Locally Used,1837500
Honda,Fit,2021,55969,1500 cc,Manual,Petrol,Kisumu,Locally Used,1612500
BMW,X3,2022,56142,2000 cc,Automatic,Diesel,Nairobi,Foreign Used,4620000
Audi,A4,2008,56315,2000 cc,Automatic,Diesel,Mombasa,Foreign Used,4387500
Toyota,Premio,2009,56488,1800 cc,Automatic,Petrol,Nairobi,Foreign Used,2415000
Subaru,Outback,2010,56661,2500 cc,Automatic,Petrol,Nairobi,Locally Used,2820000
Mazda,CX-5,2011,56834,2200 cc,Automatic,Diesel,Mombasa,Foreign Used,3420000
Mercedes-Benz,C200,2012,57007,2000 cc,Automatic,Petrol,Nairobi,Foreign Used,4287500
Nissan,X-Trail,2013,57180,2000 cc,Automatic,Petrol,Nakuru,Locally Used,1312500
Honda,Fit,2014,57353,1500 cc,Manual,Petrol,Kisumu,Locally Used,1162500
BMW,X3,2015,57526,2000 cc,Automatic,Diesel,Nairobi,Foreign Used,3360000
Audi,A4,2016,57699,2000 cc,Automatic,Diesel,Mombasa,Foreign Used,3217500
Toyota,Premio,2017,57872,1800 cc,Automatic,Petrol,Nairobi,Foreign Used,1785000
Subaru,Outback,2018,58045,2500 cc,Automatic,Petrol,Nairobi,Locally Used,2100000
Mazda,CX-5,2019,58218,2200 cc,Automatic,Diesel,Mombasa,Foreign Used,2565000
Mercedes-Benz,C200,2020,58391,2000 cc,Automatic,Petrol,Nairobi,Foreign Used,3237500
Nissan,X-Trail,2021,58564,2000 cc,Automatic,Petrol,Nakuru,Locally Used,1662500
Honda,Fit,2022,58737,1500 cc,Manual,Petrol,Kisumu,Locally Used,1462500
BMW,X3,2008,58910,2000 cc,Automatic,Diesel,Nairobi,Foreign Used,4200000
Audi,A4,2009,59083,2000 cc,Automatic,Diesel,Mombasa,Foreign Used,3997499
Toyota,Premio,2010,59256,1800 cc,Automatic,Petrol,Nairobi,Foreign Used,2205000
Subaru,Outback,2011,59429,2500 cc,Automatic,Petrol,Nairobi,Locally Used,2580000
Mazda,CX-5,2012,59602,2200 cc,Automatic,Diesel,Mombasa,Foreign Used,3135000
Mercedes-Benz,C200,2013,59775,2000 cc,Automatic,Petrol,Nairobi,Foreign Used,3937500
Nissan,X-Trail,2014,59948,2000 cc,Automatic,Petrol,Nakuru,Locally Used,2012499
Honda,Fit,2015,60121,1500 cc,Manual,Petrol,Kisumu,Locally Used,1762500
BMW,X3,2016,60294,2000 cc,Automatic,Diesel,Nairobi,Foreign Used,5040000
Audi,A4,2017,60467,2000 cc,Automatic,Diesel,Mombasa,Foreign Used,4777500
Toyota,Premio,2018,60640,1800 cc,Automatic,Petrol,Nairobi,Foreign Used,1575000
Subaru,Outback,2019,60813,2500 cc,Automatic,Petrol,Nairobi,Locally Used,1860000
Mazda,CX-5,2020,60986,2200 cc,Automatic,Diesel,Mombasa,Foreign Used,2280000
Mercedes-Benz,C200,2021,61159,2000 cc,Automatic,Petrol,Nairobi,Foreign Used,2887500
Nissan,X-Trail,2022,61332,2000 cc,Automatic,Petrol,Nakuru,Locally Used,1487500
Honda,Fit,2008,61505,1500 cc,Manual,Petrol,Kisumu,Locally Used,1312500
BMW,X3,2009,61678,2000 cc,Automatic,Diesel,Nairobi,Foreign Used,3780000
Audi,A4,2010,61851,2000 cc,Automatic,Diesel,Mombasa,Foreign Used,3607500
Toyota,Premio,2011,62024,1800 cc,Automatic,Petrol,Nairobi,Foreign Used,1995000
Subaru,Outback,2012,62197,2500 cc,Automatic,Petrol,Nairobi,Locally Used,2340000
Mazda,CX-5,2013,62370,2200 cc,Automatic,Diesel,Mombasa,Foreign Used,2850000
Mercedes-Benz,C200,2014,62543,2000 cc,Automatic,Petrol,Nairobi,Foreign Used,3587499
Nissan,X-Trail,2015,62716,2000 cc,Automatic,Petrol,Nakuru,Locally Used,1837500
Honda,Fit,2016,62889,1500 cc,Manual,Petrol,Kisumu,Locally Used,1612500
BMW,X3,2017,63062,2000 cc,Automatic,Diesel,Nairobi,Foreign Used,4620000
Audi,A4,2018,63235,2000 cc,Automatic,Diesel,Mombasa,Foreign Used,4387500
Toyota,Premio,2019,63408,1800 cc,Automatic,Petrol,Nairobi,Foreign Used,2415000
Subaru,Outback,2020,63581,2500 cc,Automatic,Petrol,Nairobi,Locally Used,2820000
Mazda,CX-5,2021,63754,2200 cc,Automatic,Diesel,Mombasa,Foreign Used,3420000
Mercedes-Benz,C200,2022,63927,2000 cc,Automatic,Petrol,Nairobi,Foreign Used,4287500
Nissan,X-Trail,2008,64100,2000 cc,Automatic,Petrol,Nakuru,Locally Used,1312500
Honda,Fit,2009,64273,1500 cc,Manual,Petrol,Kisumu,Locally Used,1162500
BMW,X3,2010,64446,2000 cc,Automatic,Diesel,Nairobi,Foreign Used,3360000
Audi,A4,2011,64619,2000 cc,Automatic,Diesel,Mombasa,Foreign Used,3217500
Toyota,Premio,2012,64792,1800 cc,Automatic,Petrol,Nairobi,Foreign Used,1785000
Subaru,Outback,2013,64965,2500 cc,Automatic,Petrol,Nairobi,Locally Used,2100000
Mazda,CX-5,2014,65138,2200 cc,Automatic,Diesel,Mombasa,Foreign Used,2565000
Mercedes-Benz,C200,2015,65311,2000 cc,Automatic,Petrol,Nairobi,Foreign Used,3237500
Nissan,X-Trail,2016,65484,2000 cc,Automatic,Petrol,Nakuru,Locally Used,1662500
Honda,Fit,2017,65657,1500 cc,Manual,Petrol,Kisumu,Locally Used,1462500
BMW,X3,2018,65830,2000 cc,Automatic,Diesel,Nairobi,Foreign Used,4200000
Audi,A4,2019,66003,2000 cc,Automatic,Diesel,Mombasa,Foreign Used,3997499
Toyota,Premio,2020,66176,1800 cc,Automatic,Petrol,Nairobi,Foreign Used,2205000
Subaru,Outback,2021,66349,2500 cc,Automatic,Petrol,Nairobi,Locally Used,2580000
Mazda,CX-5,2022,66522,2200 cc,Automatic,Diesel,Mombasa,Foreign Used,3135000
Mercedes-Benz,C200,2008,66695,2000 cc,Automatic,Petrol,Nairobi,Foreign Used,3937500
Nissan,X-Trail,2009,66868,2000 cc,Automatic,Petrol,Nakuru,Locally Used,2012499
Honda,Fit,2010,67041,1500 cc,Manual,Petrol,Kisumu,Locally Used,1762500
BMW,X3,2011,67214,2000 cc,Automatic,Diesel,Nairobi,Foreign Used,5040000
Audi,A4,2012,67387,2000 cc,Automatic,Diesel,Mombasa,Foreign Used,4777500
Toyota,Premio,2013,67560,1800 cc,Automatic,Petrol,Nairobi,Foreign Used,1575000
Subaru,Outback,2014,67733,2500 cc,Automatic,Petrol,Nairobi,Locally Used,1860000
Mazda,CX-5,2015,67906,2200 cc,Automatic,Diesel,Mombasa,Foreign Used,2280000
Mercedes-Benz,C200,2016,68079,2000 cc,Automatic,Petrol,Nairobi,Foreign Used,2887500
Nissan,X-Trail,2017,68252,2000 cc,Automatic,Petrol,Nakuru,Locally Used,1487500
Honda,Fit,2018,68425,1500 cc,Manual,Petrol,Kisumu,Locally Used,1312500
BMW,X3,2019,68598,2000 cc,Automatic,Diesel,Nairobi,Foreign Used,3780000
Audi,A4,2020,68771,2000 cc,Automatic,Diesel,Mombasa,Foreign Used,3607500
Toyota,Premio,2021,68944,1800 cc,Automatic,Petrol,Nairobi,Foreign Used,1995000
Subaru,Outback,2022,69117,2500 cc,Automatic,Petrol,Nairobi,Locally Used,2340000
Mazda,CX-5,2008,69290,2200 cc,Automatic,Diesel,Mombasa,Foreign Used,2850000
Mercedes-Benz,C200,2009,69463,2000 cc,Automatic,Petrol,Nairobi,Foreign Used,3587499
Nissan,X-Trail,2010,69636,2000 cc,Automatic,Petrol,Nakuru,Locally Used,1837500
Honda,Fit,2011,69809,1500 cc,Manual,Petrol,Kisumu,Locally Used,1612500
BMW,X3,2012,69982,2000 cc,Automatic,Diesel,Nairobi,Foreign Used,4620000
Audi,A4,2013,70155,2000 cc,Automatic,Diesel,Mombasa,Foreign Used,4387500
Toyota,Premio,2014,70328,1800 cc,Automatic,Petrol,Nairobi,Foreign Used,2415000
Subaru,Outback,2015,70501,2500 cc,Automatic,Petrol,Nairobi,Locally Used,2820000
Mazda,CX-5,2016,70674,2200 cc,Automatic,Diesel,Mombasa,Foreign Used,3420000
Mercedes-Benz,C200,2017,70847,2000 cc,Automatic,Petrol,Nairobi,Foreign Used,4287500
Nissan,X-Trail,2018,71020,2000 cc,Automatic,Petrol,Nakuru,Locally Used,1312500
Honda,Fit,2019,71193,1500 cc,Manual,Petrol,Kisumu,Locally Used,1162500
BMW,X3,2020,71366,2000 cc,Automatic,Diesel,Nairobi,Foreign Used,3360000
Audi,A4,2021,71539,2000 cc,Automatic,Diesel,Mombasa,Foreign Used,3217500
Toyota,Premio,2022,71712,1800 cc,Automatic,Petrol,Nairobi,Foreign Used,1785000
Subaru,Outback,2008,71885,2500 cc,Automatic,Petrol,Nairobi,Locally Used,2100000
Mazda,CX-5,2009,72058,2200 cc,Automatic,Diesel,Mombasa,Foreign Used,2565000
Mercedes-Benz,C200,2010,72231,2000 cc,Automatic,Petrol,Nairobi,Foreign Used,3237500
Nissan,X-Trail,2011,72404,2000 cc,Automatic,Petrol,Nakuru,Locally Used,1662500
Honda,Fit,2012,72577,1500 cc,Manual,Petrol,Kisumu,Locally Used,1462500
BMW,X3,2013,72750,2000 cc,Automatic,Diesel,Nairobi,Foreign Used,4200000
Audi,A4,2014,72923,2000 cc,Automatic,Diesel,Mombasa,Foreign Used,3997499
Toyota,Premio,2015,73096,1800 cc,Automatic,Petrol,Nairobi,Foreign Used,2205000
Subaru,Outback,2016,73269,2500 cc,Automatic,Petrol,Nairobi,Locally Used,2580000
Mazda,CX-5,2017,73442,2200 cc,Automatic,Diesel,Mombasa,Foreign Used,3135000
Mercedes-Benz,C200,2018,73615,2000 cc,Automatic,Petrol,Nairobi,Foreign Used,3937500
Nissan,X-Trail,2019,73788,2000 cc,Automatic,Petrol,Nakuru,Locally Used,2012499
Honda,Fit,2020,73961,1500 cc,Manual,Petrol,Kisumu,Locally Used,1762500
BMW,X3,2021,74134,2000 cc,Automatic,Diesel,Nairobi,Foreign Used,5040000
Audi,A4,2022,74307,2000 cc,Automatic,Diesel,Mombasa,Foreign Used,4777500
Toyota,Premio,2008,74480,1800 cc,Automatic,Petrol,Nairobi,Foreign Used,1575000
Subaru,Outback,2009,74653,2500 cc,Automatic,Petrol,Nairobi,Locally Used,1860000
Mazda,CX-5,2010,74826,2200 cc,Automatic,Diesel,Mombasa,Foreign Used,2280000
Mercedes-Benz,C200,2011,74999,2000 cc,Automatic,Petrol,Nairobi,Foreign Used,2887500
Nissan,X-Trail,2012,75172,2000 cc,Automatic,Petrol,Nakuru,Locally Used,1487500
Honda,Fit,2013,75345,1500 cc,Manual,Petrol,Kisumu,Locally Used,1312500
BMW,X3,2014,75518,2000 cc,Automatic,Diesel,Nairobi,Foreign Used,3780000
Audi,A4,2015,75691,2000 cc,Automatic,Diesel,Mombasa,Foreign Used,3607500
Toyota,Premio,2016,75864,1800 cc,Automatic,Petrol,Nairobi,Foreign Used,1995000
Subaru,Outback,2017,76037,2500 cc,Automatic,Petrol,Nairobi,Locally Used,2340000
Mazda,CX-5,2018,76210,2200 cc,Automatic,Diesel,Mombasa,Foreign Used,2850000
Mercedes-Benz,C200,2019,76383,2000 cc,Automatic,Petrol,Nairobi,Foreign Used,3587499
Nissan,X-Trail,2020,76556,2000 cc,Automatic,Petrol,Nakuru,Locally Used,1837500
Honda,Fit,2021,76729,1500 cc,Manual,Petrol,Kisumu,Locally Used,1612500
BMW,X3,2022,76902,2000 cc,Automatic,Diesel,Nairobi,Foreign Used,4620000
Audi,A4,2008,77075,2000 cc,Automatic,Diesel,Mombasa,Foreign Used,4387500
Toyota,Premio,2009,77248,1800 cc,Automatic,Petrol,Nairobi,Foreign Used,2415000
Subaru,Outback,2010,77421,2500 cc,Automatic,Petrol,Nairobi,Locally Used,2820000
Mazda,CX-5,2011,77594,2200 cc,Automatic,Diesel,Mombasa,Foreign Used,3420000
Mercedes-Benz,C200,2012,77767,2000 cc,Automatic,Petrol,Nairobi,Foreign Used,4287500
Nissan,X-Trail,2013,77940,2000 cc,Automatic,Petrol,Nakuru,Locally Used,1312500
Honda,Fit,2014,78113,1500 cc,Manual,Petrol,Kisumu,Locally Used,1162500
BMW,X3,2015,78286,2000 cc,Automatic,Diesel,Nairobi,Foreign Used,3360000
Audi,A4,2016,78459,2000 cc,Automatic,Diesel,Mombasa,Foreign Used,3217500
Toyota,Premio,2017,78632,1800 cc,Automatic,Petrol,Nairobi,Foreign Used,1785000
Subaru,Outback,2018,78805,2500 cc,Automatic,Petrol,Nairobi,Locally Used,2100000
Mazda,CX-5,2019,78978,2200 cc,Automatic,Diesel,Mombasa,Foreign Used,2565000
Mercedes-Benz,C200,2020,79151,2000 cc,Automatic,Petrol,Nairobi,Foreign Used,3237500
Nissan,X-Trail,2021,79324,2000 cc,Automatic,Petrol,Nakuru,Locally Used,1662500
Honda,Fit,2022,79497,1500 cc,Manual,Petrol,Kisumu,Locally Used,1462500
BMW,X3,2008,79670,2000 cc,Automatic,Diesel,Nairobi,Foreign Used,4200000
Audi,A4,2009,79843,2000 cc,Automatic,Diesel,Mombasa,Foreign Used,3997499
Toyota,Premio,2010,80016,1800 cc,Automatic,Petrol,Nairobi,Foreign Used,2205000
Subaru,Outback,2011,80189,2500 cc,Automatic,Petrol,Nairobi,Locally Used,2580000
Mazda,CX-5,2012,80362,2200 cc,Automatic,Diesel,Mombasa,Foreign Used,3135000
Mercedes-Benz,C200,2013,80535,2000 cc,Automatic,Petrol,Nairobi,Foreign Used,3937500
Nissan,X-Trail,2014,80708,2000 cc,Automatic,Petrol,Nakuru,Locally Used,2012499
Honda,Fit,2015,80881,1500 cc,Manual,Petrol,Kisumu,Locally Used,1762500
BMW,X3,2016,81054,2000 cc,Automatic,Diesel,Nairobi,Foreign Used,5040000
Audi,A4,2017,81227,2000 cc,Automatic,Diesel,Mombasa,Foreign Used,4777500
Toyota,Premio,2018,81400,1800 cc,Automatic,Petrol,Nairobi,Foreign Used,1575000
Subaru,Outback,2019,81573,2500 cc,Automatic,Petrol,Nairobi,Locally Used,1860000
Mazda,CX-5,2020,81746,2200 cc,Automatic,Diesel,Mombasa,Foreign Used,2280000
Mercedes-Benz,C200,2021,81919,2000 cc,Automatic,Petrol,Nairobi,Foreign Used,2887500
Nissan,X-Trail,2022,82092,2000 cc,Automatic,Petrol,Nakuru,Locally Used,1487500
Honda,Fit,2008,82265,1500 cc,Manual,Petrol,Kisumu,Locally Used,1312500
BMW,X3,2009,82438,2000 cc,Automatic,Diesel,Nairobi,Foreign Used,3780000
Audi,A4,2010,82611,2000 cc,Automatic,Diesel,Mombasa,Foreign Used,3607500
Toyota,Premio,2011,82784,1800 cc,Automatic,Petrol,Nairobi,Foreign Used,1995000
Subaru,Outback,2012,82957,2500 cc,Automatic,Petrol,Nairobi,Locally Used,2340000
Mazda,CX-5,2013,83130,2200 cc,Automatic,Diesel,Mombasa,Foreign Used,2850000
Mercedes-Benz,C200,2014,83303,2000 cc,Automatic,Petrol,Nairobi,Foreign Used,3587499
Nissan,X-Trail,2015,83476,2000 cc,Automatic,Petrol,Nakuru,Locally Used,1837500
Honda,Fit,2016,83649,1500 cc,Manual,Petrol,Kisumu,Locally Used,1612500
BMW,X3,2017,83822,2000 cc,Automatic,Diesel,Nairobi,Foreign Used,4620000
Audi,A4,2018,83995,2000 cc,Automatic,Diesel,Mombasa,Foreign Used,4387500
Toyota,Premio,2019,84168,1800 cc,Automatic,Petrol,Nairobi,Foreign Used,2415000
Subaru,Outback,2020,84341,2500 cc,Automatic,Petrol,Nairobi,Locally Used,2820000
Mazda,CX-5,2021,84514,2200 cc,Automatic,Diesel,Mombasa,Foreign Used,3420000
Mercedes-Benz,C200,2022,84687,2000 cc,Automatic,Petrol,Nairobi,Foreign Used,4287500
Nissan,X-Trail,2008,84860,2000 cc,Automatic,Petrol,Nakuru,Locally Used,1312500
Honda,Fit,2009,85033,1500 cc,Manual,Petrol,Kisumu,Locally Used,1162500
BMW,X3,2010,85206,2000 cc,Automatic,Diesel,Nairobi,Foreign Used,3360000
Audi,A4,2011,85379,2000 cc,Automatic,Diesel,Mombasa,Foreign Used,3217500
Toyota,Premio,2012,85552,1800 cc,Automatic,Petrol,Nairobi,Foreign Used,1785000
Subaru,Outback,2013,85725,2500 cc,Automatic,Petrol,Nairobi,Locally Used,2100000
Mazda,CX-5,2014,85898,2200 cc,Automatic,Diesel,Mombasa,Foreign Used,2565000
Mercedes-Benz,C200,2015,86071,2000 cc,Automatic,Petrol,Nairobi,Foreign Used,3237500
Nissan,X-Trail,2016,86244,2000 cc,Automatic,Petrol,Nakuru,Locally Used,1662500
Honda,Fit,2017,86417,1500 cc,Manual,Petrol,Kisumu,Locally Used,1462500
BMW,X3,2018,86590,2000 cc,Automatic,Diesel,Nairobi,Foreign Used,4200000
Audi,A4,2019,86763,2000 cc,Automatic,Diesel,Mombasa,Foreign Used,3997499
Toyota,Premio,2020,86936,1800 cc,Automatic,Petrol,Nairobi,Foreign Used,2205000
Subaru,Outback,2021,87109,2500 cc,Automatic,Petrol,Nairobi,Locally Used,2580000
Mazda,CX-5,2022,87282,2200 cc,Automatic,Diesel,Mombasa,Foreign Used,3135000
Mercedes-Benz,C200,2008,87455,2000 cc,Automatic,Petrol,Nairobi,Foreign Used,3937500
Nissan,X-Trail,2009,87628,2000 cc,Automatic,Petrol,Nakuru,Locally Used,2012499
Honda,Fit,2010,87801,1500 cc,Manual,Petrol,Kisumu,Locally Used,1762500
BMW,X3,2011,87974,2000 cc,Automatic,Diesel,Nairobi,Foreign Used,5040000
Audi,A4,2012,88147,2000 cc,Automatic,Diesel,Mombasa,Foreign Used,4777500
Toyota,Premio,2013,88320,1800 cc,Automatic,Petrol,Nairobi,Foreign Used,1575000
Subaru,Outback,2014,88493,2500 cc,Automatic,Petrol,Nairobi,Locally Used,1860000
Mazda,CX-5,2015,88666,2200 cc,Automatic,Diesel,Mombasa,Foreign Used,2280000
Mercedes-Benz,C200,2016,88839,2000 cc,Automatic,Petrol,Nairobi,Foreign Used,2887500
Nissan,X-Trail,2017,89012,2000 cc,Automatic,Petrol,Nakuru,Locally Used,1487500
Honda,Fit,2018,89185,1500 cc,Manual,Petrol,Kisumu,Locally Used,1312500
BMW,X3,2019,89358,2000 cc,Automatic,Diesel,Nairobi,Foreign Used,3780000
Audi,A4,2020,89531,2000 cc,Automatic,Diesel,Mombasa,Foreign Used,3607500
Toyota,Premio,2021,89704,1800 cc,Automatic,Petrol,Nairobi,Foreign Used,1995000
Subaru,Outback,2022,89877,2500 cc,Automatic,Petrol,Nairobi,Locally Used,2340000
Mazda,CX-5,2008,90050,2200 cc,Automatic,Diesel,Mombasa,Foreign Used,2850000
Mercedes-Benz,C200,2009,90223,2000 cc,Automatic,Petrol,Nairobi,Foreign Used,3587499
Nissan,X-Trail,2010,90396,2000 cc,Automatic,Petrol,Nakuru,Locally Used,1837500
Honda,Fit,2011,90569,1500 cc,Manual,Petrol,Kisumu,Locally Used,1612500
BMW,X3,2012,90742,2000 cc,Automatic,Diesel,Nairobi,Foreign Used,4620000
Audi,A4,2013,90915,2000 cc,Automatic,Diesel,Mombasa,Foreign Used,4387500
Toyota,Premio,2014,91088,1800 cc,Automatic,Petrol,Nairobi,Foreign Used,2415000
Subaru,Outback,2015,91261,2500 cc,Automatic,Petrol,Nairobi,Locally Used,2820000
Mazda,CX-5,2016,91434,2200 cc,Automatic,Diesel,Mombasa,Foreign Used,3420000
Mercedes-Benz,C200,2017,91607,2000 cc,Automatic,Petrol,Nairobi,Foreign Used,4287500
Nissan,X-Trail,2018,91780,2000 cc,Automatic,Petrol,Nakuru,Locally Used,1312500
Honda,Fit,2019,91953,1500 cc,Manual,Petrol,Kisumu,Locally Used,1162500
BMW,X3,2020,92126,2000 cc,Automatic,Diesel,Nairobi,Foreign Used,3360000
Audi,A4,2021,92299,2000 cc,Automatic,Diesel,Mombasa,Foreign Used,3217500
Toyota,Premio,2022,92472,1800 cc,Automatic,Petrol,Nairobi,Foreign Used,1785000
Subaru,Outback,2008,92645,2500 cc,Automatic,Petrol,Nairobi,Locally Used,2100000
Mazda,CX-5,2009,92818,2200 cc,Automatic,Diesel,Mombasa,Foreign Used,2565000
Mercedes-Benz,C200,2010,92991,2000 cc,Automatic,Petrol,Nairobi,Foreign Used,3237500
Nissan,X-Trail,2011,93164,2000 cc,Automatic,Petrol,Nakuru,Locally Used,1662500
Honda,Fit,2012,93337,1500 cc,Manual,Petrol,Kisumu,Locally Used,1462500
BMW,X3,2013,93510,2000 cc,Automatic,Diesel,Nairobi,Foreign Used,4200000
Audi,A4,2014,93683,2000 cc,Automatic,Diesel,Mombasa,Foreign Used,3997499
Toyota,Premio,2015,93856,1800 cc,Automatic,Petrol,Nairobi,Foreign Used,2205000
Subaru,Outback,2016,94029,2500 cc,Automatic,Petrol,Nairobi,Locally Used,2580000
Mazda,CX-5,2017,94202,2200 cc,Automatic,Diesel,Mombasa,Foreign Used,3135000
Mercedes-Benz,C200,2018,94375,2000 cc,Automatic,Petrol,Nairobi,Foreign Used,3937500
Nissan,X-Trail,2019,94548,2000 cc,Automatic,Petrol,Nakuru,Locally Used,2012499
Honda,Fit,2020,94721,1500 cc,Manual,Petrol,Kisumu,Locally Used,1762500
BMW,X3,2021,94894,2000 cc,Automatic,Diesel,Nairobi,Foreign Used,5040000
Audi,A4,2022,95067,2000 cc,Automatic,Diesel,Mombasa,Foreign Used,4777500
Toyota,Premio,2008,95240,1800 cc,Automatic,Petrol,Nairobi,Foreign Used,1575000
Subaru,Outback,2009,95413,2500 cc,Automatic,Petrol,Nairobi,Locally Used,1860000
Mazda,CX-5,2010,95586,2200 cc,Automatic,Diesel,Mombasa,Foreign Used,2280000
Mercedes-Benz,C200,2011,95759,2000 cc,Automatic,Petrol,Nairobi,Foreign Used,2887500
Nissan,X-Trail,2012,95932,2000 cc,Automatic,Petrol,Nakuru,Locally Used,1487500
Honda,Fit,2013,96105,1500 cc,Manual,Petrol,Kisumu,Locally Used,1312500
BMW,X3,2014,96278,2000 cc,Automatic,Diesel,Nairobi,Foreign Used,3780000
Audi,A4,2015,96451,2000 cc,Automatic,Diesel,Mombasa,Foreign Used,3607500
Toyota,Premio,2016,96624,1800 cc,Automatic,Petrol,Nairobi,Foreign Used,1995000
Subaru,Outback,2017,96797,2500 cc,Automatic,Petrol,Nairobi,Locally Used,2340000
Mazda,CX-5,2018,96970,2200 cc,Automatic,Diesel,Mombasa,Foreign Used,2850000
Mercedes-Benz,C200,2019,97143,2000 cc,Automatic,Petrol,Nairobi,Foreign Used,3587499
Nissan,X-Trail,2020,97316,2000 cc,Automatic,Petrol,Nakuru,Locally Used,1837500
Honda,Fit,2021,97489,1500 cc,Manual,Petrol,Kisumu,Locally Used,1612500
BMW,X3,2022,97662,2000 cc,Automatic,Diesel,Nairobi,Foreign Used,4620000
Audi,A4,2008,97835,2000 cc,Automatic,Diesel,Mombasa,Foreign Used,4387500
Toyota,Premio,2009,98008,1800 cc,Automatic,Petrol,Nairobi,Foreign Used,2415000
Subaru,Outback,2010,98181,2500 cc,Automatic,Petrol,Nairobi,Locally Used,2820000
Mazda,CX-5,2011,98354,2200 cc,Automatic,Diesel,Mombasa,Foreign Used,3420000
Mercedes-Benz,C200,2012,98527,2000 cc,Automatic,Petrol,Nairobi,Foreign Used,4287500
Nissan,X-Trail,2013,98700,2000 cc,Automatic,Petrol,Nakuru,Locally Used,1312500
Honda,Fit,2014,98873,1500 cc,Manual,Petrol,Kisumu,Locally Used,1162500
BMW,X3,2015,99046,2000 cc,Automatic,Diesel,Nairobi,Foreign Used,3360000
Audi,A4,2016,99219,2000 cc,Automatic,Diesel,Mombasa,Foreign Used,3217500
Toyota,Premio,2017,99392,1800 cc,Automatic,Petrol,Nairobi,Foreign Used,1785000
Subaru,Outback,2018,99565,2500 cc,Automatic,Petrol,Nairobi,Locally Used,2100000
Mazda,CX-5,2019,99738,2200 cc,Automatic,Diesel,Mombasa,Foreign Used,2565000
Mercedes-Benz,C200,2020,99911,2000 cc,Automatic,Petrol,Nairobi,Foreign Used,3237500
Nissan,X-Trail,2021,100084,2000 cc,Automatic,Petrol,Nakuru,Locally Used,1662500
Honda,Fit,2022,100257,1500 cc,Manual,Petrol,Kisumu,Locally Used,1462500
BMW,X3,2008,100430,2000 cc,Automatic,Diesel,Nairobi,Foreign Used,4200000
Audi,A4,2009,100603,2000 cc,Automatic,Diesel,Mombasa,Foreign Used,3997499
Toyota,Premio,2010,100776,1800 cc,Automatic,Petrol,Nairobi,Foreign Used,2205000
Subaru,Outback,2011,100949,2500 cc,Automatic,Petrol,Nairobi,Locally Used,2580000
Mazda,CX-5,2012,101122,2200 cc,Automatic,Diesel,Mombasa,Foreign Used,3135000
Mercedes-Benz,C200,2013,101295,2000 cc,Automatic,Petrol,Nairobi,Foreign Used,3937500
Nissan,X-Trail,2014,101468,2000 cc,Automatic,Petrol,Nakuru,Locally Used,2012499
Honda,Fit,2015,101641,1500 cc,Manual,Petrol,Kisumu,Locally Used,1762500
BMW,X3,2016,101814,2000 cc,Automatic,Diesel,Nairobi,Foreign Used,5040000
Audi,A4,2017,101987,2000 cc,Automatic,Diesel,Mombasa,Foreign Used,4777500
Toyota,Premio,2018,102160,1800 cc,Automatic,Petrol,Nairobi,Foreign Used,1575000
Subaru,Outback,2019,102333,2500 cc,Automatic,Petrol,Nairobi,Locally Used,1860000
Mazda,CX-5,2020,102506,2200 cc,Automatic,Diesel,Mombasa,Foreign Used,2280000
Mercedes-Benz,C200,2021,102679,2000 cc,Automatic,Petrol,Nairobi,Foreign Used,2887500
Nissan,X-Trail,2022,102852,2000 cc,Automatic,Petrol,Nakuru,Locally Used,1487500
Honda,Fit,2008,103025,1500 cc,Manual,Petrol,Kisumu,Locally Used,1312500
BMW,X3,2009,103198,2000 cc,Automatic,Diesel,Nairobi,Foreign Used,3780000
Audi,A4,2010,103371,2000 cc,Automatic,Diesel,Mombasa,Foreign Used,3607500
Toyota,Premio,2011,103544,1800 cc,Automatic,Petrol,Nairobi,Foreign Used,1995000
Subaru,Outback,2012,103717,2500 cc,Automatic,Petrol,Nairobi,Locally Used,2340000
Mazda,CX-5,2013,103890,2200 cc,Automatic,Diesel,Mombasa,Foreign Used,2850000
Mercedes-Benz,C200,2014,104063,2000 cc,Automatic,Petrol,Nairobi,Foreign Used,3587499
Nissan,X-Trail,2015,104236,2000 cc,Automatic,Petrol,Nakuru,Locally Used,1837500
Honda,Fit,2016,104409,1500 cc,Manual,Petrol,Kisumu,Locally Used,1612500
BMW,X3,2017,104582,2000 cc,Automatic,Diesel,Nairobi,Foreign Used,4620000
Audi,A4,2018,104755,2000 cc,Automatic,Diesel,Mombasa,Foreign Used,4387500
Toyota,Premio,2019,104928,1800 cc,Automatic,Petrol,Nairobi,Foreign Used,2415000
Subaru,Outback,2020,105101,2500 cc,Automatic,Petrol,Nairobi,Locally Used,2820000
Mazda,CX-5,2021,105274,2200 cc,Automatic,Diesel,Mombasa,Foreign Used,3420000
Mercedes-Benz,C200,2022,105447,2000 cc,Automatic,Petrol,Nairobi,Foreign Used,4287500
Nissan,X-Trail,2008,105620,2000 cc,Automatic,Petrol,Nakuru,Locally Used,1312500
Honda,Fit,2009,105793,1500 cc,Manual,Petrol,Kisumu,Locally Used,1162500
BMW,X3,2010,105966,2000 cc,Automatic,Diesel,Nairobi,Foreign Used,3360000
Audi,A4,2011,106139,2000 cc,Automatic,Diesel,Mombasa,Foreign Used,3217500
Toyota,Premio,2012,106312,1800 cc,Automatic,Petrol,Nairobi,Foreign Used,1785000
Subaru,Outback,2013,106485,2500 cc,Automatic,Petrol,Nairobi,Locally Used,2100000
Mazda,CX-5,2014,106658,2200 cc,Automatic,Diesel,Mombasa,Foreign Used,2565000
Mercedes-Benz,C200,2015,106831,2000 cc,Automatic,Petrol,Nairobi,Foreign Used,3237500
Nissan,X-Trail,2016,107004,2000 cc,Automatic,Petrol,Nakuru,Locally Used,1662500
Honda,Fit,2017,107177,1500 cc,Manual,Petrol,Kisumu,Locally Used,1462500
BMW,X3,2018,107350,2000 cc,Automatic,Diesel,Nairobi,Foreign Used,4200000
Audi,A4,2019,107523,2000 cc,Automatic,Diesel,Mombasa,Foreign Used,3997499
Toyota,Premio,2020,107696,1800 cc,Automatic,Petrol,Nairobi,Foreign Used,2205000
Subaru,Outback,2021,107869,2500 cc,Automatic,Petrol,Nairobi,Locally Used,2580000
Mazda,CX-5,2022,108042,2200 cc,Automatic,Diesel,Mombasa,Foreign Used,3135000
Mercedes-Benz,C200,2008,108215,2000 cc,Automatic,Petrol,Nairobi,Foreign Used,3937500
Nissan,X-Trail,2009,108388,2000 cc,Automatic,Petrol,Nakuru,Locally Used,2012499
Honda,Fit,2010,108561,1500 cc,Manual,Petrol,Kisumu,Locally Used,1762500
BMW,X3,2011,108734,2000 cc,Automatic,Diesel,Nairobi,Foreign Used,5040000
Audi,A4,2012,108907,2000 cc,Automatic,Diesel,Mombasa,Foreign Used,4777500
Toyota,Premio,2013,109080,1800 cc,Automatic,Petrol,Nairobi,Foreign Used,1575000
Subaru,Outback,2014,109253,2500 cc,Automatic,Petrol,Nairobi,Locally Used,1860000
Mazda,CX-5,2015,109426,2200 cc,Automatic,Diesel,Mombasa,Foreign Used,2280000
Mercedes-Benz,C200,2016,109599,2000 cc,Automatic,Petrol,Nairobi,Foreign Used,2887500
Nissan,X-Trail,2017,109772,2000 cc,Automatic,Petrol,Nakuru,Locally Used,1487500
Honda,Fit,2018,109945,1500 cc,Manual,Petrol,Kisumu,Locally Used,1312500
BMW,X3,2019,110118,2000 cc,Automatic,Diesel,Nairobi,Foreign Used,3780000
Audi,A4,2020,110291,2000 cc,Automatic,Diesel,Mombasa,Foreign Used,3607500
Toyota,Premio,2021,110464,1800 cc,Automatic,Petrol,Nairobi,Foreign Used,1995000
Subaru,Outback,2022,110637,2500 cc,Automatic,Petrol,Nairobi,Locally Used,2340000
Mazda,CX-5,2008,110810,2200 cc,Automatic,Diesel,Mombasa,Foreign Used,2850000
Mercedes-Benz,C200,2009,110983,2000 cc,Automatic,Petrol,Nairobi,Foreign Used,3587499
Nissan,X-Trail,2010,111156,2000 cc,Automatic,Petrol,Nakuru,Locally Used,1837500
Honda,Fit,2011,111329,1500 cc,Manual,Petrol,Kisumu,Locally Used,1612500
BMW,X3,2012,111502,2000 cc,Automatic,Diesel,Nairobi,Foreign Used,4620000
Audi,A4,2013,111675,2000 cc,Automatic,Diesel,Mombasa,Foreign Used,4387500
Toyota,Premio,2014,111848,1800 cc,Automatic,Petrol,Nairobi,Foreign Used,2415000
Subaru,Outback,2015,112021,2500 cc,Automatic,Petrol,Nairobi,Locally Used,2820000
Mazda,CX-5,2016,112194,2200 cc,Automatic,Diesel,Mombasa,Foreign Used,3420000
Mercedes-Benz,C200,2017,112367,2000 cc,Automatic,Petrol,Nairobi,Foreign Used,4287500
Nissan,X-Trail,2018,112540,2000 cc,Automatic,Petrol,Nakuru,Locally Used,1312500
Honda,Fit,2019,112713,1500 cc,Manual,Petrol,Kisumu,Locally Used,1162500
BMW,X3,2020,112886,2000 cc,Automatic,Diesel,Nairobi,Foreign Used,3360000
Audi,A4,2021,113059,2000 cc,Automatic,Diesel,Mombasa,Foreign Used,3217500
Toyota,Premio,2022,113232,1800 cc,Automatic,Petrol,Nairobi,Foreign Used,1785000
Subaru,Outback,2008,113405,2500 cc,Automatic,Petrol,Nairobi,Locally Used,2100000
Mazda,CX-5,2009,113578,2200 cc,Automatic,Diesel,Mombasa,Foreign Used,2565000
Mercedes-Benz,C200,2010,113751,2000 cc,Automatic,Petrol,Nairobi,Foreign Used,3237500
Nissan,X-Trail,2011,113924,2000 cc,Automatic,Petrol,Nakuru,Locally Used,1662500
Honda,Fit,2012,114097,1500 cc,Manual,Petrol,Kisumu,Locally Used,1462500
BMW,X3,2013,114270,2000 cc,Automatic,Diesel,Nairobi,Foreign Used,4200000
Audi,A4,2014,114443,2000 cc,Automatic,Diesel,Mombasa,Foreign Used,3997499
Toyota,Premio,2015,114616,1800 cc,Automatic,Petrol,Nairobi,Foreign Used,2205000
Subaru,Outback,2016,114789,2500 cc,Automatic,Petrol,Nairobi,Locally Used,2580000
Mazda,CX-5,2017,114962,2200 cc,Automatic,Diesel,Mombasa,Foreign Used,3135000
Mercedes-Benz,C200,2018,115135,2000 cc,Automatic,Petrol,Nairobi,Foreign Used,3937500
Nissan,X-Trail,2019,115308,2000 cc,Automatic,Petrol,Nakuru,Locally Used,2012499
Honda,Fit,2020,115481,1500 cc,Manual,Petrol,Kisumu,Locally Used,1762500
BMW,X3,2021,115654,2000 cc,Automatic,Diesel,Nairobi,Foreign Used,5040000
Audi,A4,2022,115827,2000 cc,Automatic,Diesel,Mombasa,Foreign Used,4777500
